op,o,d,mkt,share
9E,ABE,ATL,DL,1.0
9E,ABY,ATL,DL,1.0
9E,AEX,ATL,DL,1.0
9E,AGS,ATL,DL,1.0
9E,ALB,DTW,DL,1.0
9E,ALB,LGA,DL,1.0
9E,ATL,ABE,DL,1.0
9E,ATL,ABY,DL,1.0
9E,ATL,AEX,DL,1.0
9E,ATL,AGS,DL,1.0
9E,ATL,AVL,DL,1.0
9E,ATL,BMI,DL,1.0
9E,ATL,BQK,DL,1.0
9E,ATL,BTR,DL,1.0
9E,ATL,CAE,DL,1.0
9E,ATL,CHA,DL,1.0
9E,ATL,CHO,DL,1.0
9E,ATL,CHS,DL,1.0
9E,ATL,CLE,DL,1.0
9E,ATL,CLT,DL,1.0
9E,ATL,CRW,DL,1.0
9E,ATL,CSG,DL,1.0
9E,ATL,DAY,DL,1.0
9E,ATL,DHN,DL,1.0
9E,ATL,DSM,DL,1.0
9E,ATL,ECP,DL,1.0
9E,ATL,EVV,DL,1.0
9E,ATL,EYW,DL,1.0
9E,ATL,FAR,DL,1.0
9E,ATL,FAY,DL,1.0
9E,ATL,GNV,DL,1.0
9E,ATL,GPT,DL,1.0
9E,ATL,GSO,DL,1.0
9E,ATL,GSP,DL,1.0
9E,ATL,GTR,DL,1.0
9E,ATL,HPN,DL,1.0
9E,ATL,HSV,DL,1.0
9E,ATL,ICT,DL,1.0
9E,ATL,ILM,DL,1.0
9E,ATL,JAN,DL,1.0
9E,ATL,LEX,DL,1.0
9E,ATL,LFT,DL,1.0
9E,ATL,LIT,DL,1.0
9E,ATL,MDT,DL,1.0
9E,ATL,MEM,DL,1.0
9E,ATL,MGM,DL,1.0
9E,ATL,MLI,DL,1.0
9E,ATL,MLU,DL,1.0
9E,ATL,MOB,DL,1.0
9E,ATL,MSN,DL,1.0
9E,ATL,OAJ,DL,1.0
9E,ATL,PNS,DL,1.0
9E,ATL,ROA,DL,1.0
9E,ATL,SDF,DL,1.0
9E,ATL,SGF,DL,1.0
9E,ATL,SHV,DL,1.0
9E,ATL,TLH,DL,1.0
9E,ATL,TRI,DL,1.0
9E,ATL,TUL,DL,1.0
9E,ATL,TYS,DL,1.0
9E,ATL,VLD,DL,1.0
9E,ATL,VPS,DL,1.0
9E,ATL,XNA,DL,1.0
9E,ATW,DTW,DL,1.0
9E,ATW,MSP,DL,1.0
9E,AUS,CVG,DL,1.0
9E,AUS,RDU,DL,1.0
9E,AVL,ATL,DL,1.0
9E,AVL,LGA,DL,1.0
9E,AVL,MSP,DL,1.0
9E,AZO,DTW,DL,1.0
9E,BGM,DTW,DL,1.0
9E,BGR,DTW,DL,1.0
9E,BGR,JFK,DL,1.0
9E,BGR,LGA,DL,1.0
9E,BHM,DTW,DL,1.0
9E,BHM,LGA,DL,1.0
9E,BIS,MSP,DL,1.0
9E,BMI,ATL,DL,1.0
9E,BNA,DTW,DL,1.0
9E,BNA,JFK,DL,1.0
9E,BNA,LGA,DL,1.0
9E,BNA,MSP,DL,1.0
9E,BNA,RDU,DL,1.0
9E,BQK,ATL,DL,1.0
9E,BTR,ATL,DL,1.0
9E,BTV,DTW,DL,1.0
9E,BTV,JFK,DL,1.0
9E,BTV,LGA,DL,1.0
9E,BTV,MSP,DL,1.0
9E,BUF,DTW,DL,1.0
9E,BUF,JFK,DL,1.0
9E,BUF,LGA,DL,1.0
9E,CAE,ATL,DL,1.0
9E,CAE,LGA,DL,1.0
9E,CHA,ATL,DL,1.0
9E,CHA,DTW,DL,1.0
9E,CHA,LGA,DL,1.0
9E,CHO,ATL,DL,1.0
9E,CHO,LGA,DL,1.0
9E,CHS,ATL,DL,1.0
9E,CHS,DTW,DL,1.0
9E,CHS,JFK,DL,1.0
9E,CHS,LGA,DL,1.0
9E,CHS,MSP,DL,1.0
9E,CID,MSP,DL,1.0
9E,CLE,ATL,DL,1.0
9E,CLE,DTW,DL,1.0
9E,CLE,JFK,DL,1.0
9E,CLE,LGA,DL,1.0
9E,CLE,MSP,DL,1.0
9E,CLT,ATL,DL,1.0
9E,CLT,DTW,DL,1.0
9E,CLT,JFK,DL,1.0
9E,CLT,LGA,DL,1.0
9E,CLT,MSP,DL,1.0
9E,CMH,DTW,DL,1.0
9E,CMH,JFK,DL,1.0
9E,CMH,LGA,DL,1.0
9E,CMH,MSP,DL,1.0
9E,CRW,ATL,DL,1.0
9E,CSG,ATL,DL,1.0
9E,CVG,AUS,DL,1.0
9E,CVG,DCA,DL,1.0
9E,CVG,DTW,DL,1.0
9E,CVG,EWR,DL,1.0
9E,CVG,JFK,DL,1.0
9E,CVG,LGA,DL,1.0
9E,CVG,MCO,DL,1.0
9E,CVG,MSP,DL,1.0
9E,CVG,RDU,DL,1.0
9E,CVG,RSW,DL,1.0
9E,CVG,TPA,DL,1.0
9E,CWA,MSP,DL,1.0
9E,DAY,ATL,DL,1.0
9E,DAY,LGA,DL,1.0
9E,DCA,CVG,DL,1.0
9E,DCA,JFK,DL,1.0
9E,DCA,MSP,DL,1.0
9E,DCA,RDU,DL,1.0
9E,DHN,ATL,DL,1.0
9E,DLH,MSP,DL,1.0
9E,DSM,ATL,DL,1.0
9E,DSM,DTW,DL,1.0
9E,DSM,LGA,DL,1.0
9E,DSM,MSP,DL,1.0
9E,DTW,ALB,DL,1.0
9E,DTW,ATW,DL,1.0
9E,DTW,AZO,DL,1.0
9E,DTW,BGM,DL,1.0
9E,DTW,BGR,DL,1.0
9E,DTW,BHM,DL,1.0
9E,DTW,BNA,DL,1.0
9E,DTW,BTV,DL,1.0
9E,DTW,BUF,DL,1.0
9E,DTW,CHA,DL,1.0
9E,DTW,CHS,DL,1.0
9E,DTW,CLE,DL,1.0
9E,DTW,CLT,DL,1.0
9E,DTW,CMH,DL,1.0
9E,DTW,CVG,DL,1.0
9E,DTW,DSM,DL,1.0
9E,DTW,EWR,DL,1.0
9E,DTW,GRB,DL,1.0
9E,DTW,GRR,DL,1.0
9E,DTW,GSO,DL,1.0
9E,DTW,GSP,DL,1.0
9E,DTW,HPN,DL,1.0
9E,DTW,HSV,DL,1.0
9E,DTW,IAD,DL,1.0
9E,DTW,IND,DL,1.0
9E,DTW,JFK,DL,1.0
9E,DTW,LAN,DL,1.0
9E,DTW,LEX,DL,1.0
9E,DTW,LGA,DL,1.0
9E,DTW,MCI,DL,1.0
9E,DTW,MDT,DL,1.0
9E,DTW,MDW,DL,1.0
9E,DTW,MEM,DL,1.0
9E,DTW,MKE,DL,1.0
9E,DTW,MSN,DL,1.0
9E,DTW,MSP,DL,1.0
9E,DTW,OMA,DL,1.0
9E,DTW,ORD,DL,1.0
9E,DTW,ORF,DL,1.0
9E,DTW,PIT,DL,1.0
9E,DTW,PNS,DL,1.0
9E,DTW,PVD,DL,1.0
9E,DTW,PWM,DL,1.0
9E,DTW,RDU,DL,1.0
9E,DTW,RIC,DL,1.0
9E,DTW,ROC,DL,1.0
9E,DTW,SAV,DL,1.0
9E,DTW,SDF,DL,1.0
9E,DTW,STL,DL,1.0
9E,DTW,SYR,DL,1.0
9E,DTW,TVC,DL,1.0
9E,DTW,TYS,DL,1.0
9E,DTW,XNA,DL,1.0
9E,ECP,ATL,DL,1.0
9E,ECP,LGA,DL,1.0
9E,EVV,ATL,DL,1.0
9E,EWR,CVG,DL,1.0
9E,EWR,DTW,DL,1.0
9E,EWR,RDU,DL,1.0
9E,EYW,ATL,DL,1.0
9E,FAR,ATL,DL,1.0
9E,FAR,MSP,DL,1.0
9E,FAY,ATL,DL,1.0
9E,FLL,RDU,DL,1.0
9E,FSD,MSP,DL,1.0
9E,GFK,MSP,DL,1.0
9E,GNV,ATL,DL,1.0
9E,GPT,ATL,DL,1.0
9E,GRB,DTW,DL,1.0
9E,GRB,MSP,DL,1.0
9E,GRR,DTW,DL,1.0
9E,GRR,LGA,DL,1.0
9E,GRR,MSP,DL,1.0
9E,GSO,ATL,DL,1.0
9E,GSO,DTW,DL,1.0
9E,GSO,LGA,DL,1.0
9E,GSP,ATL,DL,1.0
9E,GSP,DTW,DL,1.0
9E,GSP,LGA,DL,1.0
9E,GTR,ATL,DL,1.0
9E,HPN,ATL,DL,1.0
9E,HPN,DTW,DL,1.0
9E,HPN,MSP,DL,1.0
9E,HSV,ATL,DL,1.0
9E,HSV,DTW,DL,1.0
9E,HSV,LGA,DL,1.0
9E,IAD,DTW,DL,1.0
9E,IAD,JFK,DL,1.0
9E,ICT,ATL,DL,1.0
9E,ICT,MSP,DL,1.0
9E,ILM,ATL,DL,1.0
9E,ILM,LGA,DL,1.0
9E,IND,DTW,DL,1.0
9E,IND,JFK,DL,1.0
9E,IND,LGA,DL,1.0
9E,IND,MCO,DL,1.0
9E,IND,MSP,DL,1.0
9E,IND,RDU,DL,1.0
9E,ITH,JFK,DL,1.0
9E,JAN,ATL,DL,1.0
9E,JAX,JFK,DL,1.0
9E,JAX,LGA,DL,1.0
9E,JFK,BGR,DL,1.0
9E,JFK,BNA,DL,1.0
9E,JFK,BTV,DL,1.0
9E,JFK,BUF,DL,1.0
9E,JFK,CHS,DL,1.0
9E,JFK,CLE,DL,1.0
9E,JFK,CLT,DL,1.0
9E,JFK,CMH,DL,1.0
9E,JFK,CVG,DL,1.0
9E,JFK,DCA,DL,1.0
9E,JFK,DTW,DL,1.0
9E,JFK,IAD,DL,1.0
9E,JFK,IND,DL,1.0
9E,JFK,ITH,DL,1.0
9E,JFK,JAX,DL,1.0
9E,JFK,MCI,DL,1.0
9E,JFK,MEM,DL,1.0
9E,JFK,MKE,DL,1.0
9E,JFK,MSP,DL,1.0
9E,JFK,ORD,DL,1.0
9E,JFK,ORF,DL,1.0
9E,JFK,PIT,DL,1.0
9E,JFK,PWM,DL,1.0
9E,JFK,RDU,DL,1.0
9E,JFK,RIC,DL,1.0
9E,JFK,ROC,DL,1.0
9E,JFK,SAV,DL,1.0
9E,JFK,STL,DL,1.0
9E,JFK,SYR,DL,1.0
9E,LAN,DTW,DL,1.0
9E,LEX,ATL,DL,1.0
9E,LEX,DTW,DL,1.0
9E,LEX,LGA,DL,1.0
9E,LFT,ATL,DL,1.0
9E,LGA,ALB,DL,1.0
9E,LGA,AVL,DL,1.0
9E,LGA,BGR,DL,1.0
9E,LGA,BHM,DL,1.0
9E,LGA,BNA,DL,1.0
9E,LGA,BTV,DL,1.0
9E,LGA,BUF,DL,1.0
9E,LGA,CAE,DL,1.0
9E,LGA,CHA,DL,1.0
9E,LGA,CHO,DL,1.0
9E,LGA,CHS,DL,1.0
9E,LGA,CLE,DL,1.0
9E,LGA,CLT,DL,1.0
9E,LGA,CMH,DL,1.0
9E,LGA,CVG,DL,1.0
9E,LGA,DAY,DL,1.0
9E,LGA,DSM,DL,1.0
9E,LGA,ECP,DL,1.0
9E,LGA,GRR,DL,1.0
9E,LGA,GSO,DL,1.0
9E,LGA,GSP,DL,1.0
9E,LGA,HSV,DL,1.0
9E,LGA,ILM,DL,1.0
9E,LGA,IND,DL,1.0
9E,LGA,JAX,DL,1.0
9E,LGA,LEX,DL,1.0
9E,LGA,LIT,DL,1.0
9E,LGA,MCI,DL,1.0
9E,LGA,MEM,DL,1.0
9E,LGA,MKE,DL,1.0
9E,LGA,MSN,DL,1.0
9E,LGA,MYR,DL,1.0
9E,LGA,OKC,DL,1.0
9E,LGA,OMA,DL,1.0
9E,LGA,ORF,DL,1.0
9E,LGA,ORH,DL,1.0
9E,LGA,PIT,DL,1.0
9E,LGA,PNS,DL,1.0
9E,LGA,PWM,DL,1.0
9E,LGA,RDU,DL,1.0
9E,LGA,RIC,DL,1.0
9E,LGA,ROA,DL,1.0
9E,LGA,ROC,DL,1.0
9E,LGA,SAV,DL,1.0
9E,LGA,SDF,DL,1.0
9E,LGA,STL,DL,1.0
9E,LGA,SYR,DL,1.0
9E,LGA,TUL,DL,1.0
9E,LGA,TVC,DL,1.0
9E,LGA,TYS,DL,1.0
9E,LGA,XNA,DL,1.0
9E,LIT,ATL,DL,1.0
9E,LIT,LGA,DL,1.0
9E,MCI,DTW,DL,1.0
9E,MCI,JFK,DL,1.0
9E,MCI,LGA,DL,1.0
9E,MCI,MCO,DL,1.0
9E,MCI,MSP,DL,1.0
9E,MCI,RDU,DL,1.0
9E,MCO,CVG,DL,1.0
9E,MCO,IND,DL,1.0
9E,MCO,MCI,DL,1.0
9E,MCO,PIT,DL,1.0
9E,MDT,ATL,DL,1.0
9E,MDT,DTW,DL,1.0
9E,MDW,DTW,DL,1.0
9E,MEM,ATL,DL,1.0
9E,MEM,DTW,DL,1.0
9E,MEM,JFK,DL,1.0
9E,MEM,LGA,DL,1.0
9E,MGM,ATL,DL,1.0
9E,MIA,RDU,DL,1.0
9E,MKE,DTW,DL,1.0
9E,MKE,JFK,DL,1.0
9E,MKE,LGA,DL,1.0
9E,MKE,MSP,DL,1.0
9E,MLI,ATL,DL,1.0
9E,MLU,ATL,DL,1.0
9E,MOB,ATL,DL,1.0
9E,MOT,MSP,DL,1.0
9E,MSN,ATL,DL,1.0
9E,MSN,DTW,DL,1.0
9E,MSN,LGA,DL,1.0
9E,MSN,MSP,DL,1.0
9E,MSP,ATW,DL,1.0
9E,MSP,AVL,DL,1.0
9E,MSP,BIS,DL,1.0
9E,MSP,BNA,DL,1.0
9E,MSP,BTV,DL,1.0
9E,MSP,CHS,DL,1.0
9E,MSP,CID,DL,1.0
9E,MSP,CLE,DL,1.0
9E,MSP,CLT,DL,1.0
9E,MSP,CMH,DL,1.0
9E,MSP,CVG,DL,1.0
9E,MSP,CWA,DL,1.0
9E,MSP,DCA,DL,1.0
9E,MSP,DLH,DL,1.0
9E,MSP,DSM,DL,1.0
9E,MSP,FAR,DL,1.0
9E,MSP,FSD,DL,1.0
9E,MSP,FWA,DL,1.0
9E,MSP,GFK,DL,1.0
9E,MSP,GRB,DL,1.0
9E,MSP,GRR,DL,1.0
9E,MSP,HPN,DL,1.0
9E,MSP,ICT,DL,1.0
9E,MSP,IND,DL,1.0
9E,MSP,JFK,DL,1.0
9E,MSP,MCI,DL,1.0
9E,MSP,MKE,DL,1.0
9E,MSP,MOT,DL,1.0
9E,MSP,MSN,DL,1.0
9E,MSP,OMA,DL,1.0
9E,MSP,ORF,DL,1.0
9E,MSP,PIT,DL,1.0
9E,MSP,RAP,DL,1.0
9E,MSP,RDU,DL,1.0
9E,MSP,RIC,DL,1.0
9E,MSP,RST,DL,1.0
9E,MSP,SAV,DL,1.0
9E,MSP,SDF,DL,1.0
9E,MSP,STL,DL,1.0
9E,MSP,SYR,DL,1.0
9E,MSP,TYS,DL,1.0
9E,MSP,XNA,DL,1.0
9E,MYR,LGA,DL,1.0
9E,OAJ,ATL,DL,1.0
9E,OKC,LGA,DL,1.0
9E,OMA,DTW,DL,1.0
9E,OMA,LGA,DL,1.0
9E,OMA,MSP,DL,1.0
9E,ORD,DTW,DL,1.0
9E,ORD,JFK,DL,1.0
9E,ORF,DTW,DL,1.0
9E,ORF,JFK,DL,1.0
9E,ORF,LGA,DL,1.0
9E,ORF,MSP,DL,1.0
9E,ORH,LGA,DL,1.0
9E,PIT,DTW,DL,1.0
9E,PIT,JFK,DL,1.0
9E,PIT,LGA,DL,1.0
9E,PIT,MCO,DL,1.0
9E,PIT,MSP,DL,1.0
9E,PNS,ATL,DL,1.0
9E,PNS,DTW,DL,1.0
9E,PNS,LGA,DL,1.0
9E,PVD,DTW,DL,1.0
9E,PWM,DTW,DL,1.0
9E,PWM,JFK,DL,1.0
9E,PWM,LGA,DL,1.0
9E,RAP,MSP,DL,1.0
9E,RDU,AUS,DL,1.0
9E,RDU,BNA,DL,1.0
9E,RDU,CVG,DL,1.0
9E,RDU,DCA,DL,1.0
9E,RDU,DTW,DL,1.0
9E,RDU,EWR,DL,1.0
9E,RDU,FLL,DL,1.0
9E,RDU,IND,DL,1.0
9E,RDU,JFK,DL,1.0
9E,RDU,LGA,DL,1.0
9E,RDU,MCI,DL,1.0
9E,RDU,MIA,DL,1.0
9E,RDU,MSP,DL,1.0
9E,RIC,DTW,DL,1.0
9E,RIC,JFK,DL,1.0
9E,RIC,LGA,DL,1.0
9E,RIC,MSP,DL,1.0
9E,ROA,ATL,DL,1.0
9E,ROA,LGA,DL,1.0
9E,ROC,DTW,DL,1.0
9E,ROC,JFK,DL,1.0
9E,ROC,LGA,DL,1.0
9E,RST,MSP,DL,1.0
9E,RSW,CVG,DL,1.0
9E,SAV,DTW,DL,1.0
9E,SAV,JFK,DL,1.0
9E,SAV,LGA,DL,1.0
9E,SAV,MSP,DL,1.0
9E,SDF,ATL,DL,1.0
9E,SDF,DTW,DL,1.0
9E,SDF,LGA,DL,1.0
9E,SDF,MSP,DL,1.0
9E,SGF,ATL,DL,1.0
9E,SHV,ATL,DL,1.0
9E,STL,DTW,DL,1.0
9E,STL,JFK,DL,1.0
9E,STL,LGA,DL,1.0
9E,STL,MSP,DL,1.0
9E,SYR,DTW,DL,1.0
9E,SYR,JFK,DL,1.0
9E,SYR,LGA,DL,1.0
9E,SYR,MSP,DL,1.0
9E,TLH,ATL,DL,1.0
9E,TPA,CVG,DL,1.0
9E,TRI,ATL,DL,1.0
9E,TUL,ATL,DL,1.0
9E,TUL,LGA,DL,1.0
9E,TVC,DTW,DL,1.0
9E,TVC,LGA,DL,1.0
9E,TYS,ATL,DL,1.0
9E,TYS,DTW,DL,1.0
9E,TYS,LGA,DL,1.0
9E,TYS,MSP,DL,1.0
9E,VLD,ATL,DL,1.0
9E,VPS,ATL,DL,1.0
9E,XNA,ATL,DL,1.0
9E,XNA,DTW,DL,1.0
9E,XNA,LGA,DL,1.0
9E,XNA,MSP,DL,1.0
AA,ABQ,DFW,AA,1.0
AA,ABQ,ORD,AA,1.0
AA,ABQ,PHX,AA,1.0
AA,ALB,CLT,AA,1.0
AA,ALB,DFW,AA,1.0
AA,AMA,DFW,AA,1.0
AA,ANC,DFW,AA,1.0
AA,ANC,ORD,AA,1.0
AA,ATL,CLT,AA,1.0
AA,ATL,DCA,AA,1.0
AA,ATL,DFW,AA,1.0
AA,ATL,IND,AA,1.0
AA,ATL,LAX,AA,1.0
AA,ATL,MIA,AA,1.0
AA,ATL,MSY,AA,1.0
AA,ATL,ORD,AA,1.0
AA,ATL,PDX,AA,1.0
AA,ATL,PHL,AA,1.0
AA,ATL,PHX,AA,1.0
AA,AUS,CLT,AA,1.0
AA,AUS,DFW,AA,1.0
AA,AUS,JFK,AA,1.0
AA,AUS,LAX,AA,1.0
AA,AUS,MIA,AA,1.0
AA,AUS,ORD,AA,1.0
AA,AUS,PHL,AA,1.0
AA,AUS,PHX,AA,1.0
AA,AVL,CLT,AA,1.0
AA,AVL,DFW,AA,1.0
AA,AVL,MIA,AA,1.0
AA,AVP,CLT,AA,1.0
AA,BDL,CLT,AA,1.0
AA,BDL,DCA,AA,1.0
AA,BDL,DFW,AA,1.0
AA,BDL,MIA,AA,1.0
AA,BDL,ORD,AA,1.0
AA,BDL,PHL,AA,1.0
AA,BFL,DFW,AA,1.0
AA,BFL,PHX,AA,1.0
AA,BGR,CLT,AA,1.0
AA,BGR,DCA,AA,1.0
AA,BGR,PHL,AA,1.0
AA,BHM,CLT,AA,1.0
AA,BHM,DFW,AA,1.0
AA,BHM,MIA,AA,1.0
AA,BHM,PHL,AA,1.0
AA,BNA,CLT,AA,1.0
AA,BNA,DCA,AA,1.0
AA,BNA,DFW,AA,1.0
AA,BNA,LAX,AA,1.0
AA,BNA,MIA,AA,1.0
AA,BNA,ORD,AA,1.0
AA,BNA,PHL,AA,1.0
AA,BNA,PHX,AA,1.0
AA,BOI,DFW,AA,1.0
AA,BOI,PHX,AA,1.0
AA,BOS,CLT,AA,1.0
AA,BOS,DCA,AA,1.0
AA,BOS,DFW,AA,1.0
AA,BOS,LAX,AA,1.0
AA,BOS,MCO,AA,1.0
AA,BOS,MIA,AA,1.0
AA,BOS,ORD,AA,1.0
AA,BOS,PBI,AA,1.0
AA,BOS,PHL,AA,1.0
AA,BOS,PHX,AA,1.0
AA,BOS,TPA,AA,1.0
AA,BTV,DCA,AA,1.0
AA,BTV,PHL,AA,1.0
AA,BUF,CLT,AA,1.0
AA,BUF,DFW,AA,1.0
AA,BUF,ORD,AA,1.0
AA,BUR,DFW,AA,1.0
AA,BUR,PHX,AA,1.0
AA,BWI,CLT,AA,1.0
AA,BWI,DFW,AA,1.0
AA,BWI,MIA,AA,1.0
AA,BZN,CLT,AA,1.0
AA,BZN,DFW,AA,1.0
AA,BZN,LGA,AA,1.0
AA,BZN,ORD,AA,1.0
AA,CHS,CLT,AA,1.0
AA,CHS,DCA,AA,1.0
AA,CHS,DFW,AA,1.0
AA,CHS,MIA,AA,1.0
AA,CHS,ORD,AA,1.0
AA,CHS,PHL,AA,1.0
AA,CID,CLT,AA,1.0
AA,CID,DFW,AA,1.0
AA,CID,ORD,AA,1.0
AA,CLE,CLT,AA,1.0
AA,CLE,DFW,AA,1.0
AA,CLE,MIA,AA,1.0
AA,CLE,ORD,AA,1.0
AA,CLE,PHL,AA,1.0
AA,CLE,PHX,AA,1.0
AA,CLT,ALB,AA,1.0
AA,CLT,ATL,AA,1.0
AA,CLT,AUS,AA,1.0
AA,CLT,AVL,AA,1.0
AA,CLT,AVP,AA,1.0
AA,CLT,BDL,AA,1.0
AA,CLT,BGR,AA,1.0
AA,CLT,BHM,AA,1.0
AA,CLT,BNA,AA,1.0
AA,CLT,BOS,AA,1.0
AA,CLT,BUF,AA,1.0
AA,CLT,BWI,AA,1.0
AA,CLT,BZN,AA,1.0
AA,CLT,CHS,AA,1.0
AA,CLT,CID,AA,1.0
AA,CLT,CLE,AA,1.0
AA,CLT,CMH,AA,1.0
AA,CLT,CVG,AA,1.0
AA,CLT,DCA,AA,1.0
AA,CLT,DEN,AA,1.0
AA,CLT,DFW,AA,1.0
AA,CLT,DSM,AA,1.0
AA,CLT,DTW,AA,1.0
AA,CLT,EGE,AA,1.0
AA,CLT,EWR,AA,1.0
AA,CLT,EYW,AA,1.0
AA,CLT,FLL,AA,1.0
AA,CLT,GRR,AA,1.0
AA,CLT,GSO,AA,1.0
AA,CLT,GSP,AA,1.0
AA,CLT,IAD,AA,1.0
AA,CLT,IAH,AA,1.0
AA,CLT,ILM,AA,1.0
AA,CLT,IND,AA,1.0
AA,CLT,JAC,AA,1.0
AA,CLT,JAX,AA,1.0
AA,CLT,JFK,AA,1.0
AA,CLT,LAS,AA,1.0
AA,CLT,LAX,AA,1.0
AA,CLT,LGA,AA,1.0
AA,CLT,MCI,AA,1.0
AA,CLT,MCO,AA,1.0
AA,CLT,MDT,AA,1.0
AA,CLT,MEM,AA,1.0
AA,CLT,MIA,AA,1.0
AA,CLT,MKE,AA,1.0
AA,CLT,MSN,AA,1.0
AA,CLT,MSP,AA,1.0
AA,CLT,MSY,AA,1.0
AA,CLT,MYR,AA,1.0
AA,CLT,OKC,AA,1.0
AA,CLT,OMA,AA,1.0
AA,CLT,ONT,AA,1.0
AA,CLT,ORD,AA,1.0
AA,CLT,ORF,AA,1.0
AA,CLT,PBI,AA,1.0
AA,CLT,PDX,AA,1.0
AA,CLT,PHL,AA,1.0
AA,CLT,PHX,AA,1.0
AA,CLT,PIT,AA,1.0
AA,CLT,PNS,AA,1.0
AA,CLT,PSP,AA,1.0
AA,CLT,PVD,AA,1.0
AA,CLT,PWM,AA,1.0
AA,CLT,RAP,AA,1.0
AA,CLT,RDU,AA,1.0
AA,CLT,RIC,AA,1.0
AA,CLT,ROC,AA,1.0
AA,CLT,RSW,AA,1.0
AA,CLT,SAN,AA,1.0
AA,CLT,SAT,AA,1.0
AA,CLT,SAV,AA,1.0
AA,CLT,SDF,AA,1.0
AA,CLT,SEA,AA,1.0
AA,CLT,SFO,AA,1.0
AA,CLT,SJU,AA,1.0
AA,CLT,SLC,AA,1.0
AA,CLT,SMF,AA,1.0
AA,CLT,SNA,AA,1.0
AA,CLT,SRQ,AA,1.0
AA,CLT,STL,AA,1.0
AA,CLT,STT,AA,1.0
AA,CLT,STX,AA,1.0
AA,CLT,SYR,AA,1.0
AA,CLT,TPA,AA,1.0
AA,CLT,TUL,AA,1.0
AA,CLT,TVC,AA,1.0
AA,CLT,TYS,AA,1.0
AA,CLT,VPS,AA,1.0
AA,CLT,XNA,AA,1.0
AA,CMH,CLT,AA,1.0
AA,CMH,DFW,AA,1.0
AA,CMH,LAX,AA,1.0
AA,CMH,MIA,AA,1.0
AA,CMH,PHL,AA,1.0
AA,CMH,PHX,AA,1.0
AA,COS,DFW,AA,1.0
AA,CVG,CLT,AA,1.0
AA,CVG,DFW,AA,1.0
AA,CVG,MIA,AA,1.0
AA,CVG,PHL,AA,1.0
AA,CVG,PHX,AA,1.0
AA,DCA,ATL,AA,1.0
AA,DCA,BDL,AA,1.0
AA,DCA,BGR,AA,1.0
AA,DCA,BNA,AA,1.0
AA,DCA,BOS,AA,1.0
AA,DCA,BTV,AA,1.0
AA,DCA,CHS,AA,1.0
AA,DCA,CLT,AA,1.0
AA,DCA,DFW,AA,1.0
AA,DCA,DSM,AA,1.0
AA,DCA,EYW,AA,1.0
AA,DCA,FLL,AA,1.0
AA,DCA,JAX,AA,1.0
AA,DCA,LAS,AA,1.0
AA,DCA,LAX,AA,1.0
AA,DCA,MCO,AA,1.0
AA,DCA,MIA,AA,1.0
AA,DCA,MSP,AA,1.0
AA,DCA,MSY,AA,1.0
AA,DCA,OKC,AA,1.0
AA,DCA,ORD,AA,1.0
AA,DCA,PBI,AA,1.0
AA,DCA,PHX,AA,1.0
AA,DCA,PIT,AA,1.0
AA,DCA,PVD,AA,1.0
AA,DCA,PWM,AA,1.0
AA,DCA,RDU,AA,1.0
AA,DCA,RSW,AA,1.0
AA,DCA,SAT,AA,1.0
AA,DCA,SRQ,AA,1.0
AA,DCA,STL,AA,1.0
AA,DCA,SYR,AA,1.0
AA,DCA,TPA,AA,1.0
AA,DCA,TVC,AA,1.0
AA,DCA,VPS,AA,1.0
AA,DEN,CLT,AA,1.0
AA,DEN,DFW,AA,1.0
AA,DEN,MIA,AA,1.0
AA,DEN,ORD,AA,1.0
AA,DEN,PHL,AA,1.0
AA,DEN,PHX,AA,1.0
AA,DFW,ABQ,AA,1.0
AA,DFW,ALB,AA,1.0
AA,DFW,AMA,AA,1.0
AA,DFW,ANC,AA,1.0
AA,DFW,ATL,AA,1.0
AA,DFW,AUS,AA,1.0
AA,DFW,AVL,AA,1.0
AA,DFW,BDL,AA,1.0
AA,DFW,BFL,AA,1.0
AA,DFW,BHM,AA,1.0
AA,DFW,BNA,AA,1.0
AA,DFW,BOI,AA,1.0
AA,DFW,BOS,AA,1.0
AA,DFW,BUF,AA,1.0
AA,DFW,BUR,AA,1.0
AA,DFW,BWI,AA,1.0
AA,DFW,BZN,AA,1.0
AA,DFW,CHS,AA,1.0
AA,DFW,CID,AA,1.0
AA,DFW,CLE,AA,1.0
AA,DFW,CLT,AA,1.0
AA,DFW,CMH,AA,1.0
AA,DFW,COS,AA,1.0
AA,DFW,CVG,AA,1.0
AA,DFW,DCA,AA,1.0
AA,DFW,DEN,AA,1.0
AA,DFW,DRO,AA,1.0
AA,DFW,DSM,AA,1.0
AA,DFW,DTW,AA,1.0
AA,DFW,ECP,AA,1.0
AA,DFW,EGE,AA,1.0
AA,DFW,ELP,AA,1.0
AA,DFW,EUG,AA,1.0
AA,DFW,EWR,AA,1.0
AA,DFW,EYW,AA,1.0
AA,DFW,FAT,AA,1.0
AA,DFW,FCA,AA,1.0
AA,DFW,FLL,AA,1.0
AA,DFW,FSD,AA,1.0
AA,DFW,GEG,AA,1.0
AA,DFW,GRR,AA,1.0
AA,DFW,GSO,AA,1.0
AA,DFW,GSP,AA,1.0
AA,DFW,HDN,AA,1.0
AA,DFW,HNL,AA,1.0
AA,DFW,HSV,AA,1.0
AA,DFW,IAD,AA,1.0
AA,DFW,IAH,AA,1.0
AA,DFW,ICT,AA,1.0
AA,DFW,ILM,AA,1.0
AA,DFW,IND,AA,1.0
AA,DFW,JAC,AA,1.0
AA,DFW,JAX,AA,1.0
AA,DFW,JFK,AA,1.0
AA,DFW,KOA,AA,1.0
AA,DFW,LAS,AA,1.0
AA,DFW,LAX,AA,1.0
AA,DFW,LBB,AA,1.0
AA,DFW,LEX,AA,1.0
AA,DFW,LGA,AA,1.0
AA,DFW,LIT,AA,1.0
AA,DFW,MCI,AA,1.0
AA,DFW,MCO,AA,1.0
AA,DFW,MDT,AA,1.0
AA,DFW,MEM,AA,1.0
AA,DFW,MFE,AA,1.0
AA,DFW,MIA,AA,1.0
AA,DFW,MKE,AA,1.0
AA,DFW,MRY,AA,1.0
AA,DFW,MSN,AA,1.0
AA,DFW,MSO,AA,1.0
AA,DFW,MSP,AA,1.0
AA,DFW,MSY,AA,1.0
AA,DFW,MTJ,AA,1.0
AA,DFW,MYR,AA,1.0
AA,DFW,OGG,AA,1.0
AA,DFW,OKC,AA,1.0
AA,DFW,OMA,AA,1.0
AA,DFW,ONT,AA,1.0
AA,DFW,ORD,AA,1.0
AA,DFW,ORF,AA,1.0
AA,DFW,PBI,AA,1.0
AA,DFW,PDX,AA,1.0
AA,DFW,PHL,AA,1.0
AA,DFW,PHX,AA,1.0
AA,DFW,PIT,AA,1.0
AA,DFW,PNS,AA,1.0
AA,DFW,PSP,AA,1.0
AA,DFW,PWM,AA,1.0
AA,DFW,RDM,AA,1.0
AA,DFW,RDU,AA,1.0
AA,DFW,RIC,AA,1.0
AA,DFW,RNO,AA,1.0
AA,DFW,RSW,AA,1.0
AA,DFW,SAN,AA,1.0
AA,DFW,SAT,AA,1.0
AA,DFW,SAV,AA,1.0
AA,DFW,SBA,AA,1.0
AA,DFW,SBP,AA,1.0
AA,DFW,SDF,AA,1.0
AA,DFW,SEA,AA,1.0
AA,DFW,SFO,AA,1.0
AA,DFW,SJC,AA,1.0
AA,DFW,SJU,AA,1.0
AA,DFW,SLC,AA,1.0
AA,DFW,SMF,AA,1.0
AA,DFW,SNA,AA,1.0
AA,DFW,SRQ,AA,1.0
AA,DFW,STL,AA,1.0
AA,DFW,STS,AA,1.0
AA,DFW,STT,AA,1.0
AA,DFW,SYR,AA,1.0
AA,DFW,TPA,AA,1.0
AA,DFW,TUL,AA,1.0
AA,DFW,TUS,AA,1.0
AA,DFW,TVC,AA,1.0
AA,DFW,TYS,AA,1.0
AA,DFW,VPS,AA,1.0
AA,DFW,XNA,AA,1.0
AA,DRO,DFW,AA,1.0
AA,DSM,CLT,AA,1.0
AA,DSM,DCA,AA,1.0
AA,DSM,DFW,AA,1.0
AA,DSM,MIA,AA,1.0
AA,DSM,ORD,AA,1.0
AA,DSM,PHX,AA,1.0
AA,DTW,CLT,AA,1.0
AA,DTW,DFW,AA,1.0
AA,DTW,MIA,AA,1.0
AA,DTW,PHL,AA,1.0
AA,DTW,PHX,AA,1.0
AA,ECP,DFW,AA,1.0
AA,EGE,CLT,AA,1.0
AA,EGE,DFW,AA,1.0
AA,EGE,JFK,AA,1.0
AA,EGE,MIA,AA,1.0
AA,EGE,ORD,AA,1.0
AA,ELP,DFW,AA,1.0
AA,ELP,ORD,AA,1.0
AA,ELP,PHX,AA,1.0
AA,EUG,DFW,AA,1.0
AA,EUG,LAX,AA,1.0
AA,EUG,PHX,AA,1.0
AA,EWR,CLT,AA,1.0
AA,EWR,DFW,AA,1.0
AA,EWR,MIA,AA,1.0
AA,EWR,ORD,AA,1.0
AA,EWR,PHX,AA,1.0
AA,EYW,CLT,AA,1.0
AA,EYW,DCA,AA,1.0
AA,EYW,DFW,AA,1.0
AA,EYW,MIA,AA,1.0
AA,EYW,PHL,AA,1.0
AA,FAT,DFW,AA,1.0
AA,FAT,PHX,AA,1.0
AA,FCA,DFW,AA,1.0
AA,FCA,LGA,AA,1.0
AA,FCA,ORD,AA,1.0
AA,FLL,CLT,AA,1.0
AA,FLL,DCA,AA,1.0
AA,FLL,DFW,AA,1.0
AA,FLL,LGA,AA,1.0
AA,FLL,ORD,AA,1.0
AA,FLL,PHL,AA,1.0
AA,FLL,PHX,AA,1.0
AA,FSD,DFW,AA,1.0
AA,GEG,DFW,AA,1.0
AA,GEG,ORD,AA,1.0
AA,GEG,PHX,AA,1.0
AA,GRR,CLT,AA,1.0
AA,GRR,DFW,AA,1.0
AA,GRR,MIA,AA,1.0
AA,GRR,ORD,AA,1.0
AA,GRR,PHX,AA,1.0
AA,GSO,CLT,AA,1.0
AA,GSO,DFW,AA,1.0
AA,GSP,CLT,AA,1.0
AA,GSP,DFW,AA,1.0
AA,HDN,DFW,AA,1.0
AA,HNL,DFW,AA,1.0
AA,HNL,LAX,AA,1.0
AA,HNL,ORD,AA,1.0
AA,HNL,PHX,AA,1.0
AA,HSV,DFW,AA,1.0
AA,IAD,CLT,AA,1.0
AA,IAD,DFW,AA,1.0
AA,IAH,CLT,AA,1.0
AA,IAH,DFW,AA,1.0
AA,IAH,MIA,AA,1.0
AA,IAH,ORD,AA,1.0
AA,IAH,PHL,AA,1.0
AA,IAH,PHX,AA,1.0
AA,ICT,DFW,AA,1.0
AA,ILM,CLT,AA,1.0
AA,ILM,DFW,AA,1.0
AA,ILM,MIA,AA,1.0
AA,ILM,ORD,AA,1.0
AA,IND,ATL,AA,1.0
AA,IND,CLT,AA,1.0
AA,IND,DFW,AA,1.0
AA,IND,LAX,AA,1.0
AA,IND,MIA,AA,1.0
AA,IND,ORD,AA,1.0
AA,IND,PHL,AA,1.0
AA,IND,PHX,AA,1.0
AA,JAC,CLT,AA,1.0
AA,JAC,DFW,AA,1.0
AA,JAC,ORD,AA,1.0
AA,JAX,CLT,AA,1.0
AA,JAX,DCA,AA,1.0
AA,JAX,DFW,AA,1.0
AA,JAX,MIA,AA,1.0
AA,JAX,ORD,AA,1.0
AA,JAX,PHL,AA,1.0
AA,JAX,PHX,AA,1.0
AA,JFK,AUS,AA,1.0
AA,JFK,CLT,AA,1.0
AA,JFK,DFW,AA,1.0
AA,JFK,EGE,AA,1.0
AA,JFK,LAS,AA,1.0
AA,JFK,LAX,AA,1.0
AA,JFK,MIA,AA,1.0
AA,JFK,ORD,AA,1.0
AA,JFK,PHX,AA,1.0
AA,JFK,SFO,AA,1.0
AA,JFK,SNA,AA,1.0
AA,JFK,STT,AA,1.0
AA,KOA,DFW,AA,1.0
AA,KOA,LAX,AA,1.0
AA,KOA,PHX,AA,1.0
AA,LAS,CLT,AA,1.0
AA,LAS,DCA,AA,1.0
AA,LAS,DFW,AA,1.0
AA,LAS,JFK,AA,1.0
AA,LAS,LAX,AA,1.0
AA,LAS,MCI,AA,1.0
AA,LAS,MIA,AA,1.0
AA,LAS,ORD,AA,1.0
AA,LAS,PHL,AA,1.0
AA,LAS,PHX,AA,1.0
AA,LAX,ATL,AA,1.0
AA,LAX,AUS,AA,1.0
AA,LAX,BHM,AA,1.0
AA,LAX,BNA,AA,1.0
AA,LAX,BOS,AA,1.0
AA,LAX,CLT,AA,1.0
AA,LAX,CMH,AA,1.0
AA,LAX,DCA,AA,1.0
AA,LAX,DFW,AA,1.0
AA,LAX,HNL,AA,1.0
AA,LAX,IND,AA,1.0
AA,LAX,JFK,AA,1.0
AA,LAX,KOA,AA,1.0
AA,LAX,LAS,AA,1.0
AA,LAX,LIH,AA,1.0
AA,LAX,MCO,AA,1.0
AA,LAX,MIA,AA,1.0
AA,LAX,OGG,AA,1.0
AA,LAX,ORD,AA,1.0
AA,LAX,PHL,AA,1.0
AA,LAX,PHX,AA,1.0
AA,LAX,PIT,AA,1.0
AA,LAX,RDU,AA,1.0
AA,LAX,SFO,AA,1.0
AA,LBB,DFW,AA,1.0
AA,LEX,DFW,AA,1.0
AA,LGA,BZN,AA,1.0
AA,LGA,CLT,AA,1.0
AA,LGA,DFW,AA,1.0
AA,LGA,FCA,AA,1.0
AA,LGA,FLL,AA,1.0
AA,LGA,MCO,AA,1.0
AA,LGA,MIA,AA,1.0
AA,LGA,MSY,AA,1.0
AA,LGA,ORD,AA,1.0
AA,LGA,PBI,AA,1.0
AA,LGA,RSW,AA,1.0
AA,LGA,TPA,AA,1.0
AA,LIH,LAX,AA,1.0
AA,LIH,PHX,AA,1.0
AA,LIT,DFW,AA,1.0
AA,MCI,CLT,AA,1.0
AA,MCI,DFW,AA,1.0
AA,MCI,LAS,AA,1.0
AA,MCI,MIA,AA,1.0
AA,MCI,ORD,AA,1.0
AA,MCI,PHL,AA,1.0
AA,MCI,PHX,AA,1.0
AA,MCO,BOS,AA,1.0
AA,MCO,CLT,AA,1.0
AA,MCO,DCA,AA,1.0
AA,MCO,DFW,AA,1.0
AA,MCO,LAX,AA,1.0
AA,MCO,LGA,AA,1.0
AA,MCO,MIA,AA,1.0
AA,MCO,ORD,AA,1.0
AA,MCO,PHL,AA,1.0
AA,MCO,PHX,AA,1.0
AA,MDT,CLT,AA,1.0
AA,MDT,DFW,AA,1.0
AA,MEM,CLT,AA,1.0
AA,MEM,DFW,AA,1.0
AA,MEM,MIA,AA,1.0
AA,MEM,PHX,AA,1.0
AA,MFE,DFW,AA,1.0
AA,MIA,ATL,AA,1.0
AA,MIA,AUS,AA,1.0
AA,MIA,AVL,AA,1.0
AA,MIA,BDL,AA,1.0
AA,MIA,BHM,AA,1.0
AA,MIA,BNA,AA,1.0
AA,MIA,BOS,AA,1.0
AA,MIA,BWI,AA,1.0
AA,MIA,CHS,AA,1.0
AA,MIA,CLE,AA,1.0
AA,MIA,CLT,AA,1.0
AA,MIA,CMH,AA,1.0
AA,MIA,CVG,AA,1.0
AA,MIA,DCA,AA,1.0
AA,MIA,DEN,AA,1.0
AA,MIA,DFW,AA,1.0
AA,MIA,DSM,AA,1.0
AA,MIA,DTW,AA,1.0
AA,MIA,EGE,AA,1.0
AA,MIA,EUG,AA,1.0
AA,MIA,EWR,AA,1.0
AA,MIA,EYW,AA,1.0
AA,MIA,GRR,AA,1.0
AA,MIA,IAH,AA,1.0
AA,MIA,ILM,AA,1.0
AA,MIA,IND,AA,1.0
AA,MIA,JAX,AA,1.0
AA,MIA,JFK,AA,1.0
AA,MIA,LAS,AA,1.0
AA,MIA,LAX,AA,1.0
AA,MIA,LBB,AA,1.0
AA,MIA,LGA,AA,1.0
AA,MIA,MCI,AA,1.0
AA,MIA,MCO,AA,1.0
AA,MIA,MEM,AA,1.0
AA,MIA,MKE,AA,1.0
AA,MIA,MSP,AA,1.0
AA,MIA,MSY,AA,1.0
AA,MIA,OMA,AA,1.0
AA,MIA,ORD,AA,1.0
AA,MIA,ORF,AA,1.0
AA,MIA,PDX,AA,1.0
AA,MIA,PHL,AA,1.0
AA,MIA,PHX,AA,1.0
AA,MIA,PIT,AA,1.0
AA,MIA,RDU,AA,1.0
AA,MIA,RIC,AA,1.0
AA,MIA,SAN,AA,1.0
AA,MIA,SAT,AA,1.0
AA,MIA,SAV,AA,1.0
AA,MIA,SDF,AA,1.0
AA,MIA,SEA,AA,1.0
AA,MIA,SFO,AA,1.0
AA,MIA,SJU,AA,1.0
AA,MIA,SLC,AA,1.0
AA,MIA,SMF,AA,1.0
AA,MIA,STL,AA,1.0
AA,MIA,STT,AA,1.0
AA,MIA,STX,AA,1.0
AA,MIA,TPA,AA,1.0
AA,MIA,TYS,AA,1.0
AA,MKE,CLT,AA,1.0
AA,MKE,DFW,AA,1.0
AA,MKE,MIA,AA,1.0
AA,MKE,PHX,AA,1.0
AA,MRY,DFW,AA,1.0
AA,MRY,PHX,AA,1.0
AA,MSN,CLT,AA,1.0
AA,MSN,DFW,AA,1.0
AA,MSN,PHX,AA,1.0
AA,MSO,DFW,AA,1.0
AA,MSP,CLT,AA,1.0
AA,MSP,DCA,AA,1.0
AA,MSP,DFW,AA,1.0
AA,MSP,MIA,AA,1.0
AA,MSP,ORD,AA,1.0
AA,MSP,PHL,AA,1.0
AA,MSP,PHX,AA,1.0
AA,MSY,ATL,AA,1.0
AA,MSY,CLT,AA,1.0
AA,MSY,DCA,AA,1.0
AA,MSY,DFW,AA,1.0
AA,MSY,LGA,AA,1.0
AA,MSY,MIA,AA,1.0
AA,MSY,ORD,AA,1.0
AA,MSY,PHL,AA,1.0
AA,MSY,PHX,AA,1.0
AA,MTJ,DFW,AA,1.0
AA,MYR,CLT,AA,1.0
AA,MYR,DFW,AA,1.0
AA,MYR,ORD,AA,1.0
AA,OGG,DFW,AA,1.0
AA,OGG,LAX,AA,1.0
AA,OGG,PHX,AA,1.0
AA,OKC,CLT,AA,1.0
AA,OKC,DCA,AA,1.0
AA,OKC,DFW,AA,1.0
AA,OKC,PHX,AA,1.0
AA,OMA,CLT,AA,1.0
AA,OMA,DFW,AA,1.0
AA,OMA,MIA,AA,1.0
AA,OMA,ORD,AA,1.0
AA,OMA,PHX,AA,1.0
AA,ONT,CLT,AA,1.0
AA,ONT,DFW,AA,1.0
AA,ONT,PHX,AA,1.0
AA,ORD,ABQ,AA,1.0
AA,ORD,ANC,AA,1.0
AA,ORD,ATL,AA,1.0
AA,ORD,AUS,AA,1.0
AA,ORD,BDL,AA,1.0
AA,ORD,BNA,AA,1.0
AA,ORD,BOS,AA,1.0
AA,ORD,BUF,AA,1.0
AA,ORD,BZN,AA,1.0
AA,ORD,CHS,AA,1.0
AA,ORD,CLE,AA,1.0
AA,ORD,CLT,AA,1.0
AA,ORD,DCA,AA,1.0
AA,ORD,DEN,AA,1.0
AA,ORD,DFW,AA,1.0
AA,ORD,DSM,AA,1.0
AA,ORD,EGE,AA,1.0
AA,ORD,ELP,AA,1.0
AA,ORD,EWR,AA,1.0
AA,ORD,FCA,AA,1.0
AA,ORD,FLL,AA,1.0
AA,ORD,GEG,AA,1.0
AA,ORD,GRR,AA,1.0
AA,ORD,HNL,AA,1.0
AA,ORD,IAH,AA,1.0
AA,ORD,ILM,AA,1.0
AA,ORD,IND,AA,1.0
AA,ORD,JAC,AA,1.0
AA,ORD,JAX,AA,1.0
AA,ORD,JFK,AA,1.0
AA,ORD,LAS,AA,1.0
AA,ORD,LAX,AA,1.0
AA,ORD,LGA,AA,1.0
AA,ORD,MCI,AA,1.0
AA,ORD,MCO,AA,1.0
AA,ORD,MIA,AA,1.0
AA,ORD,MSP,AA,1.0
AA,ORD,MSY,AA,1.0
AA,ORD,MYR,AA,1.0
AA,ORD,OMA,AA,1.0
AA,ORD,PBI,AA,1.0
AA,ORD,PDX,AA,1.0
AA,ORD,PHL,AA,1.0
AA,ORD,PHX,AA,1.0
AA,ORD,PIT,AA,1.0
AA,ORD,PNS,AA,1.0
AA,ORD,PSP,AA,1.0
AA,ORD,PVD,AA,1.0
AA,ORD,RDU,AA,1.0
AA,ORD,RSW,AA,1.0
AA,ORD,SAN,AA,1.0
AA,ORD,SAT,AA,1.0
AA,ORD,SAV,AA,1.0
AA,ORD,SEA,AA,1.0
AA,ORD,SFO,AA,1.0
AA,ORD,SJU,AA,1.0
AA,ORD,SLC,AA,1.0
AA,ORD,SMF,AA,1.0
AA,ORD,SNA,AA,1.0
AA,ORD,STL,AA,1.0
AA,ORD,STT,AA,1.0
AA,ORD,STX,AA,1.0
AA,ORD,TPA,AA,1.0
AA,ORD,TUS,AA,1.0
AA,ORD,VPS,AA,1.0
AA,ORF,CLT,AA,1.0
AA,ORF,DFW,AA,1.0
AA,ORF,MIA,AA,1.0
AA,PBI,BOS,AA,1.0
AA,PBI,CLT,AA,1.0
AA,PBI,DCA,AA,1.0
AA,PBI,DFW,AA,1.0
AA,PBI,LGA,AA,1.0
AA,PBI,ORD,AA,1.0
AA,PBI,PHL,AA,1.0
AA,PDX,ATL,AA,1.0
AA,PDX,CLT,AA,1.0
AA,PDX,DFW,AA,1.0
AA,PDX,MIA,AA,1.0
AA,PDX,ORD,AA,1.0
AA,PDX,PHL,AA,1.0
AA,PDX,PHX,AA,1.0
AA,PHL,ATL,AA,1.0
AA,PHL,AUS,AA,1.0
AA,PHL,BDL,AA,1.0
AA,PHL,BGR,AA,1.0
AA,PHL,BHM,AA,1.0
AA,PHL,BNA,AA,1.0
AA,PHL,BOS,AA,1.0
AA,PHL,BTV,AA,1.0
AA,PHL,CHS,AA,1.0
AA,PHL,CLE,AA,1.0
AA,PHL,CLT,AA,1.0
AA,PHL,CMH,AA,1.0
AA,PHL,CVG,AA,1.0
AA,PHL,DEN,AA,1.0
AA,PHL,DFW,AA,1.0
AA,PHL,DTW,AA,1.0
AA,PHL,EYW,AA,1.0
AA,PHL,FLL,AA,1.0
AA,PHL,IAH,AA,1.0
AA,PHL,IND,AA,1.0
AA,PHL,JAX,AA,1.0
AA,PHL,LAS,AA,1.0
AA,PHL,LAX,AA,1.0
AA,PHL,MCI,AA,1.0
AA,PHL,MCO,AA,1.0
AA,PHL,MIA,AA,1.0
AA,PHL,MSP,AA,1.0
AA,PHL,MSY,AA,1.0
AA,PHL,ORD,AA,1.0
AA,PHL,PBI,AA,1.0
AA,PHL,PDX,AA,1.0
AA,PHL,PHX,AA,1.0
AA,PHL,PIT,AA,1.0
AA,PHL,PNS,AA,1.0
AA,PHL,PVD,AA,1.0
AA,PHL,PWM,AA,1.0
AA,PHL,RDU,AA,1.0
AA,PHL,RSW,AA,1.0
AA,PHL,SAN,AA,1.0
AA,PHL,SAT,AA,1.0
AA,PHL,SAV,AA,1.0
AA,PHL,SEA,AA,1.0
AA,PHL,SFO,AA,1.0
AA,PHL,SJU,AA,1.0
AA,PHL,SLC,AA,1.0
AA,PHL,SRQ,AA,1.0
AA,PHL,STL,AA,1.0
AA,PHL,STT,AA,1.0
AA,PHL,TPA,AA,1.0
AA,PHL,TVC,AA,1.0
AA,PHX,ABQ,AA,1.0
AA,PHX,ATL,AA,1.0
AA,PHX,AUS,AA,1.0
AA,PHX,BFL,AA,1.0
AA,PHX,BNA,AA,1.0
AA,PHX,BOI,AA,1.0
AA,PHX,BOS,AA,1.0
AA,PHX,BUR,AA,1.0
AA,PHX,CLE,AA,1.0
AA,PHX,CLT,AA,1.0
AA,PHX,CMH,AA,1.0
AA,PHX,CVG,AA,1.0
AA,PHX,DCA,AA,1.0
AA,PHX,DEN,AA,1.0
AA,PHX,DFW,AA,1.0
AA,PHX,DSM,AA,1.0
AA,PHX,DTW,AA,1.0
AA,PHX,ELP,AA,1.0
AA,PHX,EUG,AA,1.0
AA,PHX,EWR,AA,1.0
AA,PHX,FAT,AA,1.0
AA,PHX,FLL,AA,1.0
AA,PHX,GEG,AA,1.0
AA,PHX,GRR,AA,1.0
AA,PHX,HNL,AA,1.0
AA,PHX,IAH,AA,1.0
AA,PHX,IND,AA,1.0
AA,PHX,JAX,AA,1.0
AA,PHX,JFK,AA,1.0
AA,PHX,KOA,AA,1.0
AA,PHX,LAS,AA,1.0
AA,PHX,LAX,AA,1.0
AA,PHX,LIH,AA,1.0
AA,PHX,MCI,AA,1.0
AA,PHX,MCO,AA,1.0
AA,PHX,MEM,AA,1.0
AA,PHX,MIA,AA,1.0
AA,PHX,MKE,AA,1.0
AA,PHX,MRY,AA,1.0
AA,PHX,MSN,AA,1.0
AA,PHX,MSP,AA,1.0
AA,PHX,MSY,AA,1.0
AA,PHX,OGG,AA,1.0
AA,PHX,OKC,AA,1.0
AA,PHX,OMA,AA,1.0
AA,PHX,ONT,AA,1.0
AA,PHX,ORD,AA,1.0
AA,PHX,PDX,AA,1.0
AA,PHX,PHL,AA,1.0
AA,PHX,PIT,AA,1.0
AA,PHX,PSP,AA,1.0
AA,PHX,RDU,AA,1.0
AA,PHX,RNO,AA,1.0
AA,PHX,RSW,AA,1.0
AA,PHX,SAN,AA,1.0
AA,PHX,SAT,AA,1.0
AA,PHX,SBA,AA,1.0
AA,PHX,SBP,AA,1.0
AA,PHX,SEA,AA,1.0
AA,PHX,SFO,AA,1.0
AA,PHX,SJC,AA,1.0
AA,PHX,SLC,AA,1.0
AA,PHX,SMF,AA,1.0
AA,PHX,SNA,AA,1.0
AA,PHX,STL,AA,1.0
AA,PHX,STS,AA,1.0
AA,PHX,TPA,AA,1.0
AA,PHX,TUS,AA,1.0
AA,PHX,XNA,AA,1.0
AA,PIT,CLT,AA,1.0
AA,PIT,DCA,AA,1.0
AA,PIT,DFW,AA,1.0
AA,PIT,LAX,AA,1.0
AA,PIT,MIA,AA,1.0
AA,PIT,ORD,AA,1.0
AA,PIT,PHL,AA,1.0
AA,PIT,PHX,AA,1.0
AA,PNS,CLT,AA,1.0
AA,PNS,DFW,AA,1.0
AA,PNS,ORD,AA,1.0
AA,PNS,PHL,AA,1.0
AA,PSP,CLT,AA,1.0
AA,PSP,DFW,AA,1.0
AA,PSP,ORD,AA,1.0
AA,PSP,PHX,AA,1.0
AA,PVD,CLT,AA,1.0
AA,PVD,DCA,AA,1.0
AA,PVD,ORD,AA,1.0
AA,PVD,PHL,AA,1.0
AA,PWM,CLT,AA,1.0
AA,PWM,DCA,AA,1.0
AA,PWM,DFW,AA,1.0
AA,PWM,PHL,AA,1.0
AA,RAP,CLT,AA,1.0
AA,RDM,DFW,AA,1.0
AA,RDU,CLT,AA,1.0
AA,RDU,DCA,AA,1.0
AA,RDU,DFW,AA,1.0
AA,RDU,LAX,AA,1.0
AA,RDU,MIA,AA,1.0
AA,RDU,ORD,AA,1.0
AA,RDU,PHL,AA,1.0
AA,RDU,PHX,AA,1.0
AA,RIC,CLT,AA,1.0
AA,RIC,DFW,AA,1.0
AA,RIC,MIA,AA,1.0
AA,RNO,DFW,AA,1.0
AA,RNO,PHX,AA,1.0
AA,ROC,CLT,AA,1.0
AA,RSW,CLT,AA,1.0
AA,RSW,DCA,AA,1.0
AA,RSW,DFW,AA,1.0
AA,RSW,LGA,AA,1.0
AA,RSW,ORD,AA,1.0
AA,RSW,PHL,AA,1.0
AA,RSW,PHX,AA,1.0
AA,SAN,CLT,AA,1.0
AA,SAN,DFW,AA,1.0
AA,SAN,MIA,AA,1.0
AA,SAN,ORD,AA,1.0
AA,SAN,PHL,AA,1.0
AA,SAN,PHX,AA,1.0
AA,SAT,CLT,AA,1.0
AA,SAT,DCA,AA,1.0
AA,SAT,DFW,AA,1.0
AA,SAT,MIA,AA,1.0
AA,SAT,ORD,AA,1.0
AA,SAT,PHL,AA,1.0
AA,SAT,PHX,AA,1.0
AA,SAV,CLT,AA,1.0
AA,SAV,DFW,AA,1.0
AA,SAV,MIA,AA,1.0
AA,SAV,ORD,AA,1.0
AA,SAV,PHL,AA,1.0
AA,SBA,DFW,AA,1.0
AA,SBA,PHX,AA,1.0
AA,SBP,DFW,AA,1.0
AA,SBP,PHX,AA,1.0
AA,SDF,CLT,AA,1.0
AA,SDF,DFW,AA,1.0
AA,SDF,MIA,AA,1.0
AA,SEA,CLT,AA,1.0
AA,SEA,DFW,AA,1.0
AA,SEA,MIA,AA,1.0
AA,SEA,ORD,AA,1.0
AA,SEA,PHL,AA,1.0
AA,SEA,PHX,AA,1.0
AA,SFO,CLT,AA,1.0
AA,SFO,DFW,AA,1.0
AA,SFO,JFK,AA,1.0
AA,SFO,LAX,AA,1.0
AA,SFO,MIA,AA,1.0
AA,SFO,ORD,AA,1.0
AA,SFO,PHL,AA,1.0
AA,SFO,PHX,AA,1.0
AA,SJC,DFW,AA,1.0
AA,SJC,PHX,AA,1.0
AA,SJU,CLT,AA,1.0
AA,SJU,DFW,AA,1.0
AA,SJU,MIA,AA,1.0
AA,SJU,ORD,AA,1.0
AA,SJU,PHL,AA,1.0
AA,SLC,CLT,AA,1.0
AA,SLC,DFW,AA,1.0
AA,SLC,MIA,AA,1.0
AA,SLC,ORD,AA,1.0
AA,SLC,PHL,AA,1.0
AA,SLC,PHX,AA,1.0
AA,SMF,CLT,AA,1.0
AA,SMF,DFW,AA,1.0
AA,SMF,MIA,AA,1.0
AA,SMF,ORD,AA,1.0
AA,SMF,PHX,AA,1.0
AA,SNA,CLT,AA,1.0
AA,SNA,DFW,AA,1.0
AA,SNA,JFK,AA,1.0
AA,SNA,ORD,AA,1.0
AA,SNA,PHX,AA,1.0
AA,SRQ,CLT,AA,1.0
AA,SRQ,DCA,AA,1.0
AA,SRQ,DFW,AA,1.0
AA,SRQ,PHL,AA,1.0
AA,STL,CLT,AA,1.0
AA,STL,DCA,AA,1.0
AA,STL,DFW,AA,1.0
AA,STL,MIA,AA,1.0
AA,STL,ORD,AA,1.0
AA,STL,PHL,AA,1.0
AA,STL,PHX,AA,1.0
AA,STS,DFW,AA,1.0
AA,STS,PHX,AA,1.0
AA,STT,CLT,AA,1.0
AA,STT,DFW,AA,1.0
AA,STT,JFK,AA,1.0
AA,STT,MIA,AA,1.0
AA,STT,ORD,AA,1.0
AA,STT,PHL,AA,1.0
AA,STX,CLT,AA,1.0
AA,STX,MIA,AA,1.0
AA,STX,ORD,AA,1.0
AA,SYR,CLT,AA,1.0
AA,SYR,DCA,AA,1.0
AA,SYR,DFW,AA,1.0
AA,TPA,BOS,AA,1.0
AA,TPA,CLT,AA,1.0
AA,TPA,DCA,AA,1.0
AA,TPA,DFW,AA,1.0
AA,TPA,LGA,AA,1.0
AA,TPA,MIA,AA,1.0
AA,TPA,ORD,AA,1.0
AA,TPA,PHL,AA,1.0
AA,TPA,PHX,AA,1.0
AA,TUL,CLT,AA,1.0
AA,TUL,DFW,AA,1.0
AA,TUS,DFW,AA,1.0
AA,TUS,ORD,AA,1.0
AA,TUS,PHX,AA,1.0
AA,TVC,CLT,AA,1.0
AA,TVC,DCA,AA,1.0
AA,TVC,DFW,AA,1.0
AA,TVC,PHL,AA,1.0
AA,TYS,CLT,AA,1.0
AA,TYS,DFW,AA,1.0
AA,TYS,MIA,AA,1.0
AA,VPS,CLT,AA,1.0
AA,VPS,DCA,AA,1.0
AA,VPS,DFW,AA,1.0
AA,VPS,ORD,AA,1.0
AA,XNA,CLT,AA,1.0
AA,XNA,DFW,AA,1.0
AA,XNA,PHX,AA,1.0
AS,ABQ,SEA,AS,1.0
AS,ADK,ANC,AS,1.0
AS,ADQ,ANC,AS,1.0
AS,AKN,ANC,AS,1.0
AS,ANC,ADK,AS,1.0
AS,ANC,ADQ,AS,1.0
AS,ANC,AKN,AS,1.0
AS,ANC,BET,AS,1.0
AS,ANC,BRW,AS,1.0
AS,ANC,CDV,AS,1.0
AS,ANC,DEN,AS,1.0
AS,ANC,DLG,AS,1.0
AS,ANC,DTW,AS,1.0
AS,ANC,FAI,AS,1.0
AS,ANC,HNL,AS,1.0
AS,ANC,JFK,AS,1.0
AS,ANC,JNU,AS,1.0
AS,ANC,KOA,AS,1.0
AS,ANC,LAS,AS,1.0
AS,ANC,LAX,AS,1.0
AS,ANC,MSP,AS,1.0
AS,ANC,OGG,AS,1.0
AS,ANC,OME,AS,1.0
AS,ANC,ORD,AS,1.0
AS,ANC,OTZ,AS,1.0
AS,ANC,PDX,AS,1.0
AS,ANC,PHX,AS,1.0
AS,ANC,SAN,AS,1.0
AS,ANC,SCC,AS,1.0
AS,ANC,SEA,AS,1.0
AS,ANC,SFO,AS,1.0
AS,ANC,SLC,AS,1.0
AS,ANC,SMF,AS,1.0
AS,ATL,PDX,AS,1.0
AS,ATL,SAN,AS,1.0
AS,ATL,SEA,AS,1.0
AS,AUS,PDX,AS,1.0
AS,AUS,SEA,AS,1.0
AS,AUS,SFO,AS,1.0
AS,BET,ANC,AS,1.0
AS,BNA,PDX,AS,1.0
AS,BNA,SEA,AS,1.0
AS,BOI,LAS,AS,1.0
AS,BOI,LAX,AS,1.0
AS,BOI,PDX,AS,1.0
AS,BOI,SAN,AS,1.0
AS,BOI,SEA,AS,1.0
AS,BOI,SNA,AS,1.0
AS,BOS,PDX,AS,1.0
AS,BOS,SAN,AS,1.0
AS,BOS,SEA,AS,1.0
AS,BOS,SFO,AS,1.0
AS,BRW,ANC,AS,1.0
AS,BUR,PDX,AS,1.0
AS,BUR,SEA,AS,1.0
AS,BWI,SEA,AS,1.0
AS,BZN,SEA,AS,1.0
AS,CDV,ANC,AS,1.0
AS,CDV,YAK,AS,1.0
AS,CHS,SEA,AS,1.0
AS,CLE,SEA,AS,1.0
AS,CMH,SEA,AS,1.0
AS,CVG,SEA,AS,1.0
AS,DCA,LAX,AS,1.0
AS,DCA,PDX,AS,1.0
AS,DCA,SAN,AS,1.0
AS,DCA,SEA,AS,1.0
AS,DCA,SFO,AS,1.0
AS,DEN,ANC,AS,1.0
AS,DEN,PDX,AS,1.0
AS,DEN,SAN,AS,1.0
AS,DEN,SEA,AS,1.0
AS,DFW,PDX,AS,1.0
AS,DFW,SEA,AS,1.0
AS,DLG,ANC,AS,1.0
AS,DTW,ANC,AS,1.0
AS,DTW,SEA,AS,1.0
AS,EUG,LAX,AS,1.0
AS,EUG,SEA,AS,1.0
AS,EWR,LAX,AS,1.0
AS,EWR,PDX,AS,1.0
AS,EWR,SAN,AS,1.0
AS,EWR,SEA,AS,1.0
AS,EWR,SFO,AS,1.0
AS,FAI,ANC,AS,1.0
AS,FAI,SEA,AS,1.0
AS,FAT,SEA,AS,1.0
AS,FLL,PDX,AS,1.0
AS,FLL,SAN,AS,1.0
AS,FLL,SEA,AS,1.0
AS,GEG,LAX,AS,1.0
AS,GEG,PDX,AS,1.0
AS,GEG,SAN,AS,1.0
AS,GEG,SEA,AS,1.0
AS,GST,JNU,AS,1.0
AS,HNL,ANC,AS,1.0
AS,HNL,ITO,AS,1.0
AS,HNL,JFK,AS,1.0
AS,HNL,KOA,AS,1.0
AS,HNL,LAS,AS,1.0
AS,HNL,LAX,AS,1.0
AS,HNL,LGB,AS,1.0
AS,HNL,LIH,AS,1.0
AS,HNL,OAK,AS,1.0
AS,HNL,OGG,AS,1.0
AS,HNL,ONT,AS,1.0
AS,HNL,PAE,AS,1.0
AS,HNL,PDX,AS,1.0
AS,HNL,PHX,AS,1.0
AS,HNL,PPG,AS,1.0
AS,HNL,SAN,AS,1.0
AS,HNL,SEA,AS,1.0
AS,HNL,SFO,AS,1.0
AS,HNL,SJC,AS,1.0
AS,HNL,SLC,AS,1.0
AS,HNL,SMF,AS,1.0
AS,IAD,LAX,AS,1.0
AS,IAD,SAN,AS,1.0
AS,IAD,SEA,AS,1.0
AS,IAD,SFO,AS,1.0
AS,IAH,PDX,AS,1.0
AS,IAH,SEA,AS,1.0
AS,IND,SEA,AS,1.0
AS,ITO,HNL,AS,1.0
AS,ITO,OGG,AS,1.0
AS,JFK,ANC,AS,1.0
AS,JFK,HNL,AS,1.0
AS,JFK,PDX,AS,1.0
AS,JFK,PSP,AS,1.0
AS,JFK,SAN,AS,1.0
AS,JFK,SEA,AS,1.0
AS,JFK,SFO,AS,1.0
AS,JNU,ANC,AS,1.0
AS,JNU,GST,AS,1.0
AS,JNU,KTN,AS,1.0
AS,JNU,PSG,AS,1.0
AS,JNU,SEA,AS,1.0
AS,JNU,SIT,AS,1.0
AS,JNU,YAK,AS,1.0
AS,KOA,ANC,AS,1.0
AS,KOA,HNL,AS,1.0
AS,KOA,LAX,AS,1.0
AS,KOA,LIH,AS,1.0
AS,KOA,OGG,AS,1.0
AS,KOA,PDX,AS,1.0
AS,KOA,SAN,AS,1.0
AS,KOA,SEA,AS,1.0
AS,KOA,SFO,AS,1.0
AS,KOA,SJC,AS,1.0
AS,KOA,SMF,AS,1.0
AS,KTN,JNU,AS,1.0
AS,KTN,SEA,AS,1.0
AS,KTN,SIT,AS,1.0
AS,KTN,WRG,AS,1.0
AS,LAS,ANC,AS,1.0
AS,LAS,BOI,AS,1.0
AS,LAS,HNL,AS,1.0
AS,LAS,LAX,AS,1.0
AS,LAS,OGG,AS,1.0
AS,LAS,PAE,AS,1.0
AS,LAS,PDX,AS,1.0
AS,LAS,SEA,AS,1.0
AS,LAS,SFO,AS,1.0
AS,LAX,ANC,AS,1.0
AS,LAX,BOI,AS,1.0
AS,LAX,DCA,AS,1.0
AS,LAX,EUG,AS,1.0
AS,LAX,EWR,AS,1.0
AS,LAX,GEG,AS,1.0
AS,LAX,HNL,AS,1.0
AS,LAX,IAD,AS,1.0
AS,LAX,KOA,AS,1.0
AS,LAX,LAS,AS,1.0
AS,LAX,LIH,AS,1.0
AS,LAX,OGG,AS,1.0
AS,LAX,PAE,AS,1.0
AS,LAX,PDX,AS,1.0
AS,LAX,PSC,AS,1.0
AS,LAX,SEA,AS,1.0
AS,LAX,SFO,AS,1.0
AS,LGB,HNL,AS,1.0
AS,LGB,OGG,AS,1.0
AS,LIH,HNL,AS,1.0
AS,LIH,KOA,AS,1.0
AS,LIH,LAX,AS,1.0
AS,LIH,OAK,AS,1.0
AS,LIH,OGG,AS,1.0
AS,LIH,PDX,AS,1.0
AS,LIH,SAN,AS,1.0
AS,LIH,SEA,AS,1.0
AS,LIH,SFO,AS,1.0
AS,LIH,SJC,AS,1.0
AS,LIH,SMF,AS,1.0
AS,MCI,PDX,AS,1.0
AS,MCI,SEA,AS,1.0
AS,MCO,PDX,AS,1.0
AS,MCO,SAN,AS,1.0
AS,MCO,SEA,AS,1.0
AS,MCO,SFO,AS,1.0
AS,MIA,PDX,AS,1.0
AS,MIA,SEA,AS,1.0
AS,MKE,SEA,AS,1.0
AS,MSO,SEA,AS,1.0
AS,MSP,ANC,AS,1.0
AS,MSP,PDX,AS,1.0
AS,MSP,SEA,AS,1.0
AS,MSY,PDX,AS,1.0
AS,MSY,SEA,AS,1.0
AS,OAK,HNL,AS,1.0
AS,OAK,LIH,AS,1.0
AS,OAK,OGG,AS,1.0
AS,OAK,SEA,AS,1.0
AS,OGG,ANC,AS,1.0
AS,OGG,HNL,AS,1.0
AS,OGG,ITO,AS,1.0
AS,OGG,KOA,AS,1.0
AS,OGG,LAS,AS,1.0
AS,OGG,LAX,AS,1.0
AS,OGG,LGB,AS,1.0
AS,OGG,LIH,AS,1.0
AS,OGG,OAK,AS,1.0
AS,OGG,PDX,AS,1.0
AS,OGG,SAN,AS,1.0
AS,OGG,SEA,AS,1.0
AS,OGG,SFO,AS,1.0
AS,OGG,SJC,AS,1.0
AS,OGG,SMF,AS,1.0
AS,OKC,SEA,AS,1.0
AS,OMA,SEA,AS,1.0
AS,OME,ANC,AS,1.0
AS,ONT,HNL,AS,1.0
AS,ONT,PDX,AS,1.0
AS,ONT,SEA,AS,1.0
AS,ORD,ANC,AS,1.0
AS,ORD,PDX,AS,1.0
AS,ORD,SAN,AS,1.0
AS,ORD,SEA,AS,1.0
AS,ORD,SFO,AS,1.0
AS,OTZ,ANC,AS,1.0
AS,PAE,HNL,AS,1.0
AS,PAE,LAS,AS,1.0
AS,PAE,LAX,AS,1.0
AS,PAE,PHX,AS,1.0
AS,PDX,ANC,AS,1.0
AS,PDX,ATL,AS,1.0
AS,PDX,AUS,AS,1.0
AS,PDX,BNA,AS,1.0
AS,PDX,BOI,AS,1.0
AS,PDX,BOS,AS,1.0
AS,PDX,BUR,AS,1.0
AS,PDX,DCA,AS,1.0
AS,PDX,DEN,AS,1.0
AS,PDX,DFW,AS,1.0
AS,PDX,EWR,AS,1.0
AS,PDX,FLL,AS,1.0
AS,PDX,GEG,AS,1.0
AS,PDX,HNL,AS,1.0
AS,PDX,IAH,AS,1.0
AS,PDX,JFK,AS,1.0
AS,PDX,KOA,AS,1.0
AS,PDX,LAS,AS,1.0
AS,PDX,LAX,AS,1.0
AS,PDX,LIH,AS,1.0
AS,PDX,MCI,AS,1.0
AS,PDX,MCO,AS,1.0
AS,PDX,MIA,AS,1.0
AS,PDX,MSP,AS,1.0
AS,PDX,MSY,AS,1.0
AS,PDX,OGG,AS,1.0
AS,PDX,ONT,AS,1.0
AS,PDX,ORD,AS,1.0
AS,PDX,PHX,AS,1.0
AS,PDX,PSP,AS,1.0
AS,PDX,RNO,AS,1.0
AS,PDX,SAN,AS,1.0
AS,PDX,SEA,AS,1.0
AS,PDX,SFO,AS,1.0
AS,PDX,SJC,AS,1.0
AS,PDX,SLC,AS,1.0
AS,PDX,SMF,AS,1.0
AS,PDX,SNA,AS,1.0
AS,PDX,STS,AS,1.0
AS,PDX,TPA,AS,1.0
AS,PDX,TUS,AS,1.0
AS,PHL,SEA,AS,1.0
AS,PHX,ANC,AS,1.0
AS,PHX,HNL,AS,1.0
AS,PHX,PAE,AS,1.0
AS,PHX,PDX,AS,1.0
AS,PHX,SEA,AS,1.0
AS,PIT,SEA,AS,1.0
AS,PPG,HNL,AS,1.0
AS,PSC,LAX,AS,1.0
AS,PSC,SEA,AS,1.0
AS,PSG,JNU,AS,1.0
AS,PSG,WRG,AS,1.0
AS,PSP,JFK,AS,1.0
AS,PSP,PDX,AS,1.0
AS,PSP,SEA,AS,1.0
AS,RDM,SEA,AS,1.0
AS,RDU,SEA,AS,1.0
AS,RNO,PDX,AS,1.0
AS,RNO,SEA,AS,1.0
AS,RSW,SEA,AS,1.0
AS,SAN,ANC,AS,1.0
AS,SAN,ATL,AS,1.0
AS,SAN,BOI,AS,1.0
AS,SAN,BOS,AS,1.0
AS,SAN,DCA,AS,1.0
AS,SAN,DEN,AS,1.0
AS,SAN,EWR,AS,1.0
AS,SAN,FLL,AS,1.0
AS,SAN,GEG,AS,1.0
AS,SAN,HNL,AS,1.0
AS,SAN,IAD,AS,1.0
AS,SAN,JFK,AS,1.0
AS,SAN,KOA,AS,1.0
AS,SAN,LIH,AS,1.0
AS,SAN,MCO,AS,1.0
AS,SAN,OGG,AS,1.0
AS,SAN,ORD,AS,1.0
AS,SAN,PDX,AS,1.0
AS,SAN,SEA,AS,1.0
AS,SAN,SFO,AS,1.0
AS,SAN,SMF,AS,1.0
AS,SAN,TPA,AS,1.0
AS,SAT,SEA,AS,1.0
AS,SBA,SEA,AS,1.0
AS,SBP,SEA,AS,1.0
AS,SCC,ANC,AS,1.0
AS,SEA,ABQ,AS,1.0
AS,SEA,ANC,AS,1.0
AS,SEA,ATL,AS,1.0
AS,SEA,AUS,AS,1.0
AS,SEA,BNA,AS,1.0
AS,SEA,BOI,AS,1.0
AS,SEA,BOS,AS,1.0
AS,SEA,BUR,AS,1.0
AS,SEA,BWI,AS,1.0
AS,SEA,BZN,AS,1.0
AS,SEA,CHS,AS,1.0
AS,SEA,CLE,AS,1.0
AS,SEA,CMH,AS,1.0
AS,SEA,CVG,AS,1.0
AS,SEA,DCA,AS,1.0
AS,SEA,DEN,AS,1.0
AS,SEA,DFW,AS,1.0
AS,SEA,DTW,AS,1.0
AS,SEA,EUG,AS,1.0
AS,SEA,EWR,AS,1.0
AS,SEA,FAI,AS,1.0
AS,SEA,FAT,AS,1.0
AS,SEA,FLL,AS,1.0
AS,SEA,GEG,AS,1.0
AS,SEA,HNL,AS,1.0
AS,SEA,IAD,AS,1.0
AS,SEA,IAH,AS,1.0
AS,SEA,IND,AS,1.0
AS,SEA,JFK,AS,1.0
AS,SEA,JNU,AS,1.0
AS,SEA,KOA,AS,1.0
AS,SEA,KTN,AS,1.0
AS,SEA,LAS,AS,1.0
AS,SEA,LAX,AS,1.0
AS,SEA,LIH,AS,1.0
AS,SEA,MCI,AS,1.0
AS,SEA,MCO,AS,1.0
AS,SEA,MIA,AS,1.0
AS,SEA,MKE,AS,1.0
AS,SEA,MSO,AS,1.0
AS,SEA,MSP,AS,1.0
AS,SEA,MSY,AS,1.0
AS,SEA,OAK,AS,1.0
AS,SEA,OGG,AS,1.0
AS,SEA,OKC,AS,1.0
AS,SEA,OMA,AS,1.0
AS,SEA,ONT,AS,1.0
AS,SEA,ORD,AS,1.0
AS,SEA,PDX,AS,1.0
AS,SEA,PHL,AS,1.0
AS,SEA,PHX,AS,1.0
AS,SEA,PIT,AS,1.0
AS,SEA,PSC,AS,1.0
AS,SEA,PSP,AS,1.0
AS,SEA,RDM,AS,1.0
AS,SEA,RDU,AS,1.0
AS,SEA,RNO,AS,1.0
AS,SEA,RSW,AS,1.0
AS,SEA,SAN,AS,1.0
AS,SEA,SAT,AS,1.0
AS,SEA,SBA,AS,1.0
AS,SEA,SBP,AS,1.0
AS,SEA,SFO,AS,1.0
AS,SEA,SIT,AS,1.0
AS,SEA,SJC,AS,1.0
AS,SEA,SLC,AS,1.0
AS,SEA,SMF,AS,1.0
AS,SEA,SNA,AS,1.0
AS,SEA,STL,AS,1.0
AS,SEA,STS,AS,1.0
AS,SEA,TPA,AS,1.0
AS,SEA,TUS,AS,1.0
AS,SFO,ANC,AS,1.0
AS,SFO,AUS,AS,1.0
AS,SFO,BOS,AS,1.0
AS,SFO,DCA,AS,1.0
AS,SFO,EWR,AS,1.0
AS,SFO,HNL,AS,1.0
AS,SFO,IAD,AS,1.0
AS,SFO,JFK,AS,1.0
AS,SFO,KOA,AS,1.0
AS,SFO,LAS,AS,1.0
AS,SFO,LAX,AS,1.0
AS,SFO,LIH,AS,1.0
AS,SFO,MCO,AS,1.0
AS,SFO,OGG,AS,1.0
AS,SFO,ORD,AS,1.0
AS,SFO,PDX,AS,1.0
AS,SFO,SAN,AS,1.0
AS,SFO,SEA,AS,1.0
AS,SFO,SNA,AS,1.0
AS,SIT,JNU,AS,1.0
AS,SIT,KTN,AS,1.0
AS,SIT,SEA,AS,1.0
AS,SJC,HNL,AS,1.0
AS,SJC,KOA,AS,1.0
AS,SJC,LIH,AS,1.0
AS,SJC,OGG,AS,1.0
AS,SJC,PDX,AS,1.0
AS,SJC,SEA,AS,1.0
AS,SLC,ANC,AS,1.0
AS,SLC,HNL,AS,1.0
AS,SLC,PDX,AS,1.0
AS,SLC,SEA,AS,1.0
AS,SMF,ANC,AS,1.0
AS,SMF,HNL,AS,1.0
AS,SMF,KOA,AS,1.0
AS,SMF,LIH,AS,1.0
AS,SMF,OGG,AS,1.0
AS,SMF,PDX,AS,1.0
AS,SMF,SAN,AS,1.0
AS,SMF,SEA,AS,1.0
AS,SNA,BOI,AS,1.0
AS,SNA,PDX,AS,1.0
AS,SNA,SEA,AS,1.0
AS,SNA,SFO,AS,1.0
AS,STL,SEA,AS,1.0
AS,STS,PDX,AS,1.0
AS,STS,SEA,AS,1.0
AS,TPA,PDX,AS,1.0
AS,TPA,SAN,AS,1.0
AS,TPA,SEA,AS,1.0
AS,TUS,PDX,AS,1.0
AS,TUS,SEA,AS,1.0
AS,WRG,KTN,AS,1.0
AS,WRG,PSG,AS,1.0
AS,YAK,CDV,AS,1.0
AS,YAK,JNU,AS,1.0
B6,ABQ,JFK,B6,1.0
B6,ACK,BOS,B6,1.0
B6,ACK,DCA,B6,1.0
B6,ACK,HPN,B6,1.0
B6,ACK,JFK,B6,1.0
B6,ACK,LGA,B6,1.0
B6,ALB,FLL,B6,1.0
B6,ALB,MCO,B6,1.0
B6,ATL,BOS,B6,1.0
B6,ATL,FLL,B6,1.0
B6,ATL,JFK,B6,1.0
B6,AUS,BOS,B6,1.0
B6,AUS,FLL,B6,1.0
B6,AVL,BOS,B6,1.0
B6,BDL,FLL,B6,1.0
B6,BDL,JFK,B6,1.0
B6,BDL,MCO,B6,1.0
B6,BDL,PBI,B6,1.0
B6,BDL,RSW,B6,1.0
B6,BDL,SJU,B6,1.0
B6,BDL,TPA,B6,1.0
B6,BNA,BOS,B6,1.0
B6,BNA,JFK,B6,1.0
B6,BOS,ACK,B6,1.0
B6,BOS,ATL,B6,1.0
B6,BOS,AUS,B6,1.0
B6,BOS,AVL,B6,1.0
B6,BOS,BNA,B6,1.0
B6,BOS,BUF,B6,1.0
B6,BOS,BZN,B6,1.0
B6,BOS,CHS,B6,1.0
B6,BOS,CLE,B6,1.0
B6,BOS,DAB,B6,1.0
B6,BOS,DCA,B6,1.0
B6,BOS,DEN,B6,1.0
B6,BOS,DFW,B6,1.0
B6,BOS,DTW,B6,1.0
B6,BOS,EYW,B6,1.0
B6,BOS,FLL,B6,1.0
B6,BOS,HDN,B6,1.0
B6,BOS,IAH,B6,1.0
B6,BOS,ILM,B6,1.0
B6,BOS,JAX,B6,1.0
B6,BOS,JFK,B6,1.0
B6,BOS,LAS,B6,1.0
B6,BOS,LAX,B6,1.0
B6,BOS,MCO,B6,1.0
B6,BOS,MIA,B6,1.0
B6,BOS,MKE,B6,1.0
B6,BOS,MSY,B6,1.0
B6,BOS,MVY,B6,1.0
B6,BOS,ORD,B6,1.0
B6,BOS,ORF,B6,1.0
B6,BOS,PBI,B6,1.0
B6,BOS,PDX,B6,1.0
B6,BOS,PHL,B6,1.0
B6,BOS,PHX,B6,1.0
B6,BOS,PIT,B6,1.0
B6,BOS,PQI,B6,1.0
B6,BOS,RDU,B6,1.0
B6,BOS,RIC,B6,1.0
B6,BOS,RSW,B6,1.0
B6,BOS,SAN,B6,1.0
B6,BOS,SAV,B6,1.0
B6,BOS,SEA,B6,1.0
B6,BOS,SFO,B6,1.0
B6,BOS,SJU,B6,1.0
B6,BOS,SLC,B6,1.0
B6,BOS,SMF,B6,1.0
B6,BOS,SRQ,B6,1.0
B6,BOS,STT,B6,1.0
B6,BOS,SYR,B6,1.0
B6,BOS,TPA,B6,1.0
B6,BOS,TVC,B6,1.0
B6,BOS,VRB,B6,1.0
B6,BQN,FLL,B6,1.0
B6,BQN,JFK,B6,1.0
B6,BQN,MCO,B6,1.0
B6,BUF,BOS,B6,1.0
B6,BUF,FLL,B6,1.0
B6,BUF,JFK,B6,1.0
B6,BUF,LAX,B6,1.0
B6,BUF,MCO,B6,1.0
B6,BUR,JFK,B6,1.0
B6,BZN,BOS,B6,1.0
B6,BZN,JFK,B6,1.0
B6,CHS,BOS,B6,1.0
B6,CHS,FLL,B6,1.0
B6,CHS,JFK,B6,1.0
B6,CLE,BOS,B6,1.0
B6,DAB,BOS,B6,1.0
B6,DAB,JFK,B6,1.0
B6,DCA,ACK,B6,1.0
B6,DCA,BOS,B6,1.0
B6,DCA,FLL,B6,1.0
B6,DCA,JFK,B6,1.0
B6,DCA,MCO,B6,1.0
B6,DCA,MVY,B6,1.0
B6,DCA,PBI,B6,1.0
B6,DCA,SJU,B6,1.0
B6,DEN,BOS,B6,1.0
B6,DEN,JFK,B6,1.0
B6,DFW,BOS,B6,1.0
B6,DTW,BOS,B6,1.0
B6,DTW,JFK,B6,1.0
B6,EWR,FLL,B6,1.0
B6,EWR,LAS,B6,1.0
B6,EWR,LAX,B6,1.0
B6,EWR,MCO,B6,1.0
B6,EWR,PBI,B6,1.0
B6,EWR,RSW,B6,1.0
B6,EWR,SJU,B6,1.0
B6,EWR,TPA,B6,1.0
B6,EYW,BOS,B6,1.0
B6,FLL,ALB,B6,1.0
B6,FLL,ATL,B6,1.0
B6,FLL,AUS,B6,1.0
B6,FLL,BDL,B6,1.0
B6,FLL,BOS,B6,1.0
B6,FLL,BQN,B6,1.0
B6,FLL,BUF,B6,1.0
B6,FLL,CHS,B6,1.0
B6,FLL,DCA,B6,1.0
B6,FLL,EWR,B6,1.0
B6,FLL,HDN,B6,1.0
B6,FLL,HPN,B6,1.0
B6,FLL,ISP,B6,1.0
B6,FLL,JFK,B6,1.0
B6,FLL,LAS,B6,1.0
B6,FLL,LAX,B6,1.0
B6,FLL,LGA,B6,1.0
B6,FLL,MHT,B6,1.0
B6,FLL,MSY,B6,1.0
B6,FLL,ORF,B6,1.0
B6,FLL,ORH,B6,1.0
B6,FLL,PHL,B6,1.0
B6,FLL,PHX,B6,1.0
B6,FLL,PIT,B6,1.0
B6,FLL,PVD,B6,1.0
B6,FLL,RDU,B6,1.0
B6,FLL,RIC,B6,1.0
B6,FLL,SFO,B6,1.0
B6,FLL,SJU,B6,1.0
B6,FLL,TPA,B6,1.0
B6,HDN,BOS,B6,1.0
B6,HDN,FLL,B6,1.0
B6,HPN,ACK,B6,1.0
B6,HPN,FLL,B6,1.0
B6,HPN,MCO,B6,1.0
B6,HPN,PBI,B6,1.0
B6,HPN,RSW,B6,1.0
B6,HPN,SJU,B6,1.0
B6,HPN,TPA,B6,1.0
B6,HYA,JFK,B6,1.0
B6,IAH,BOS,B6,1.0
B6,ILM,BOS,B6,1.0
B6,ISP,FLL,B6,1.0
B6,ISP,MCO,B6,1.0
B6,ISP,PBI,B6,1.0
B6,ISP,RSW,B6,1.0
B6,ISP,TPA,B6,1.0
B6,JAX,BOS,B6,1.0
B6,JAX,JFK,B6,1.0
B6,JFK,ABQ,B6,1.0
B6,JFK,ACK,B6,1.0
B6,JFK,ATL,B6,1.0
B6,JFK,BDL,B6,1.0
B6,JFK,BNA,B6,1.0
B6,JFK,BOS,B6,1.0
B6,JFK,BQN,B6,1.0
B6,JFK,BUF,B6,1.0
B6,JFK,BUR,B6,1.0
B6,JFK,BZN,B6,1.0
B6,JFK,CHS,B6,1.0
B6,JFK,DAB,B6,1.0
B6,JFK,DCA,B6,1.0
B6,JFK,DEN,B6,1.0
B6,JFK,DTW,B6,1.0
B6,JFK,FLL,B6,1.0
B6,JFK,HYA,B6,1.0
B6,JFK,JAX,B6,1.0
B6,JFK,LAS,B6,1.0
B6,JFK,LAX,B6,1.0
B6,JFK,MCO,B6,1.0
B6,JFK,MHT,B6,1.0
B6,JFK,MSY,B6,1.0
B6,JFK,MVY,B6,1.0
B6,JFK,ONT,B6,1.0
B6,JFK,ORD,B6,1.0
B6,JFK,PBI,B6,1.0
B6,JFK,PHX,B6,1.0
B6,JFK,PIT,B6,1.0
B6,JFK,PSE,B6,1.0
B6,JFK,PVD,B6,1.0
B6,JFK,PWM,B6,1.0
B6,JFK,RDU,B6,1.0
B6,JFK,RNO,B6,1.0
B6,JFK,ROC,B6,1.0
B6,JFK,RSW,B6,1.0
B6,JFK,SAN,B6,1.0
B6,JFK,SAV,B6,1.0
B6,JFK,SEA,B6,1.0
B6,JFK,SFO,B6,1.0
B6,JFK,SJU,B6,1.0
B6,JFK,SLC,B6,1.0
B6,JFK,SMF,B6,1.0
B6,JFK,SRQ,B6,1.0
B6,JFK,SYR,B6,1.0
B6,JFK,TPA,B6,1.0
B6,JFK,VRB,B6,1.0
B6,LAS,BOS,B6,1.0
B6,LAS,EWR,B6,1.0
B6,LAS,FLL,B6,1.0
B6,LAS,JFK,B6,1.0
B6,LAS,MCO,B6,1.0
B6,LAX,BOS,B6,1.0
B6,LAX,BUF,B6,1.0
B6,LAX,EWR,B6,1.0
B6,LAX,FLL,B6,1.0
B6,LAX,JFK,B6,1.0
B6,LAX,PBI,B6,1.0
B6,LGA,ACK,B6,1.0
B6,LGA,FLL,B6,1.0
B6,LGA,MCO,B6,1.0
B6,LGA,PBI,B6,1.0
B6,LGA,TPA,B6,1.0
B6,MCO,ALB,B6,1.0
B6,MCO,BDL,B6,1.0
B6,MCO,BOS,B6,1.0
B6,MCO,BQN,B6,1.0
B6,MCO,BUF,B6,1.0
B6,MCO,DCA,B6,1.0
B6,MCO,EWR,B6,1.0
B6,MCO,HPN,B6,1.0
B6,MCO,ISP,B6,1.0
B6,MCO,JFK,B6,1.0
B6,MCO,LAS,B6,1.0
B6,MCO,LGA,B6,1.0
B6,MCO,MHT,B6,1.0
B6,MCO,ORH,B6,1.0
B6,MCO,PSE,B6,1.0
B6,MCO,PVD,B6,1.0
B6,MCO,PWM,B6,1.0
B6,MCO,RIC,B6,1.0
B6,MCO,SJU,B6,1.0
B6,MCO,SYR,B6,1.0
B6,MHT,FLL,B6,1.0
B6,MHT,JFK,B6,1.0
B6,MHT,MCO,B6,1.0
B6,MHT,RSW,B6,1.0
B6,MIA,BOS,B6,1.0
B6,MKE,BOS,B6,1.0
B6,MSY,BOS,B6,1.0
B6,MSY,FLL,B6,1.0
B6,MSY,JFK,B6,1.0
B6,MVY,BOS,B6,1.0
B6,MVY,DCA,B6,1.0
B6,MVY,JFK,B6,1.0
B6,ONT,JFK,B6,1.0
B6,ORD,BOS,B6,1.0
B6,ORD,JFK,B6,1.0
B6,ORF,BOS,B6,1.0
B6,ORF,FLL,B6,1.0
B6,ORH,FLL,B6,1.0
B6,ORH,MCO,B6,1.0
B6,ORH,RSW,B6,1.0
B6,PBI,BDL,B6,1.0
B6,PBI,BOS,B6,1.0
B6,PBI,DCA,B6,1.0
B6,PBI,EWR,B6,1.0
B6,PBI,HPN,B6,1.0
B6,PBI,ISP,B6,1.0
B6,PBI,JFK,B6,1.0
B6,PBI,LAX,B6,1.0
B6,PBI,LGA,B6,1.0
B6,PBI,PVD,B6,1.0
B6,PDX,BOS,B6,1.0
B6,PHL,BOS,B6,1.0
B6,PHL,FLL,B6,1.0
B6,PHX,BOS,B6,1.0
B6,PHX,FLL,B6,1.0
B6,PHX,JFK,B6,1.0
B6,PIT,BOS,B6,1.0
B6,PIT,FLL,B6,1.0
B6,PIT,JFK,B6,1.0
B6,PQI,BOS,B6,1.0
B6,PSE,JFK,B6,1.0
B6,PSE,MCO,B6,1.0
B6,PVD,FLL,B6,1.0
B6,PVD,JFK,B6,1.0
B6,PVD,MCO,B6,1.0
B6,PVD,PBI,B6,1.0
B6,PVD,RSW,B6,1.0
B6,PVD,SJU,B6,1.0
B6,PVD,TPA,B6,1.0
B6,PWM,JFK,B6,1.0
B6,PWM,MCO,B6,1.0
B6,RDU,BOS,B6,1.0
B6,RDU,FLL,B6,1.0
B6,RDU,JFK,B6,1.0
B6,RDU,SJU,B6,1.0
B6,RIC,BOS,B6,1.0
B6,RIC,FLL,B6,1.0
B6,RIC,MCO,B6,1.0
B6,RNO,JFK,B6,1.0
B6,ROC,JFK,B6,1.0
B6,RSW,BDL,B6,1.0
B6,RSW,BOS,B6,1.0
B6,RSW,EWR,B6,1.0
B6,RSW,HPN,B6,1.0
B6,RSW,ISP,B6,1.0
B6,RSW,JFK,B6,1.0
B6,RSW,MHT,B6,1.0
B6,RSW,ORH,B6,1.0
B6,RSW,PVD,B6,1.0
B6,SAN,BOS,B6,1.0
B6,SAN,JFK,B6,1.0
B6,SAV,BOS,B6,1.0
B6,SAV,JFK,B6,1.0
B6,SEA,BOS,B6,1.0
B6,SEA,JFK,B6,1.0
B6,SFO,BOS,B6,1.0
B6,SFO,FLL,B6,1.0
B6,SFO,JFK,B6,1.0
B6,SJU,BDL,B6,1.0
B6,SJU,BOS,B6,1.0
B6,SJU,DCA,B6,1.0
B6,SJU,EWR,B6,1.0
B6,SJU,FLL,B6,1.0
B6,SJU,HPN,B6,1.0
B6,SJU,JFK,B6,1.0
B6,SJU,MCO,B6,1.0
B6,SJU,PVD,B6,1.0
B6,SJU,RDU,B6,1.0
B6,SJU,STT,B6,1.0
B6,SJU,STX,B6,1.0
B6,SJU,TPA,B6,1.0
B6,SLC,BOS,B6,1.0
B6,SLC,JFK,B6,1.0
B6,SMF,BOS,B6,1.0
B6,SMF,JFK,B6,1.0
B6,SRQ,BOS,B6,1.0
B6,SRQ,JFK,B6,1.0
B6,STT,SJU,B6,1.0
B6,STX,SJU,B6,1.0
B6,SYR,BOS,B6,1.0
B6,SYR,JFK,B6,1.0
B6,SYR,MCO,B6,1.0
B6,TPA,BDL,B6,1.0
B6,TPA,BOS,B6,1.0
B6,TPA,EWR,B6,1.0
B6,TPA,FLL,B6,1.0
B6,TPA,HPN,B6,1.0
B6,TPA,ISP,B6,1.0
B6,TPA,JFK,B6,1.0
B6,TPA,LGA,B6,1.0
B6,TPA,PVD,B6,1.0
B6,TPA,SJU,B6,1.0
B6,TVC,BOS,B6,1.0
B6,VRB,BOS,B6,1.0
B6,VRB,JFK,B6,1.0
C5,ALB,IAD,UA,1.0
C5,AMA,IAH,UA,1.0
C5,AVP,IAD,UA,1.0
C5,BDL,IAD,UA,1.0
C5,BHM,IAH,UA,1.0
C5,BRO,IAH,UA,1.0
C5,BTR,IAH,UA,1.0
C5,BTV,IAD,UA,1.0
C5,BUF,IAD,UA,1.0
C5,CAE,IAD,UA,1.0
C5,CHO,IAD,UA,1.0
C5,CHS,IAD,UA,1.0
C5,CLE,IAD,UA,1.0
C5,CMH,IAD,UA,1.0
C5,CRP,IAH,UA,1.0
C5,CVG,IAD,UA,1.0
C5,DAY,IAD,UA,1.0
C5,ECP,IAH,UA,1.0
C5,ELP,IAH,UA,1.0
C5,GPT,IAH,UA,1.0
C5,GSO,IAD,UA,1.0
C5,GSP,IAD,UA,1.0
C5,HRL,IAH,UA,1.0
C5,HSV,IAD,UA,1.0
C5,HSV,IAH,UA,1.0
C5,IAD,ALB,UA,1.0
C5,IAD,AVP,UA,1.0
C5,IAD,BDL,UA,1.0
C5,IAD,BTV,UA,1.0
C5,IAD,BUF,UA,1.0
C5,IAD,CAE,UA,1.0
C5,IAD,CHO,UA,1.0
C5,IAD,CHS,UA,1.0
C5,IAD,CLE,UA,1.0
C5,IAD,CMH,UA,1.0
C5,IAD,CVG,UA,1.0
C5,IAD,DAY,UA,1.0
C5,IAD,GSO,UA,1.0
C5,IAD,GSP,UA,1.0
C5,IAD,HSV,UA,1.0
C5,IAD,ITH,UA,1.0
C5,IAD,MDT,UA,1.0
C5,IAD,MHT,UA,1.0
C5,IAD,MOB,UA,1.0
C5,IAD,ORF,UA,1.0
C5,IAD,PHL,UA,1.0
C5,IAD,PIT,UA,1.0
C5,IAD,PVD,UA,1.0
C5,IAD,RIC,UA,1.0
C5,IAD,ROA,UA,1.0
C5,IAD,ROC,UA,1.0
C5,IAD,SAV,UA,1.0
C5,IAD,SCE,UA,1.0
C5,IAD,SYR,UA,1.0
C5,IAD,TYS,UA,1.0
C5,IAH,AMA,UA,1.0
C5,IAH,BHM,UA,1.0
C5,IAH,BRO,UA,1.0
C5,IAH,BTR,UA,1.0
C5,IAH,CRP,UA,1.0
C5,IAH,ECP,UA,1.0
C5,IAH,ELP,UA,1.0
C5,IAH,GPT,UA,1.0
C5,IAH,HRL,UA,1.0
C5,IAH,HSV,UA,1.0
C5,IAH,ICT,UA,1.0
C5,IAH,JAN,UA,1.0
C5,IAH,LBB,UA,1.0
C5,IAH,LCH,UA,1.0
C5,IAH,LFT,UA,1.0
C5,IAH,LIT,UA,1.0
C5,IAH,LRD,UA,1.0
C5,IAH,MFE,UA,1.0
C5,IAH,MOB,UA,1.0
C5,IAH,OKC,UA,1.0
C5,IAH,PNS,UA,1.0
C5,IAH,SGF,UA,1.0
C5,IAH,SHV,UA,1.0
C5,IAH,STL,UA,1.0
C5,IAH,TUL,UA,1.0
C5,IAH,TYS,UA,1.0
C5,IAH,XNA,UA,1.0
C5,ICT,IAH,UA,1.0
C5,ITH,IAD,UA,1.0
C5,JAN,IAH,UA,1.0
C5,LBB,IAH,UA,1.0
C5,LCH,IAH,UA,1.0
C5,LFT,IAH,UA,1.0
C5,LIT,IAH,UA,1.0
C5,LRD,IAH,UA,1.0
C5,MDT,IAD,UA,1.0
C5,MFE,IAH,UA,1.0
C5,MHT,IAD,UA,1.0
C5,MOB,IAD,UA,1.0
C5,MOB,IAH,UA,1.0
C5,OKC,IAH,UA,1.0
C5,ORF,IAD,UA,1.0
C5,PHL,IAD,UA,1.0
C5,PIT,IAD,UA,1.0
C5,PNS,IAH,UA,1.0
C5,PVD,IAD,UA,1.0
C5,RIC,IAD,UA,1.0
C5,ROA,IAD,UA,1.0
C5,ROC,IAD,UA,1.0
C5,SAV,IAD,UA,1.0
C5,SCE,IAD,UA,1.0
C5,SGF,IAH,UA,1.0
C5,SHV,IAH,UA,1.0
C5,STL,IAH,UA,1.0
C5,SYR,IAD,UA,1.0
C5,TUL,IAH,UA,1.0
C5,TYS,IAD,UA,1.0
C5,TYS,IAH,UA,1.0
C5,XNA,IAH,UA,1.0
DL,ABQ,ATL,DL,1.0
DL,ABQ,MSP,DL,1.0
DL,AGS,ATL,DL,1.0
DL,ALB,ATL,DL,1.0
DL,ALB,DTW,DL,1.0
DL,ANC,ATL,DL,1.0
DL,ANC,DTW,DL,1.0
DL,ANC,LAX,DL,1.0
DL,ANC,MSP,DL,1.0
DL,ANC,SEA,DL,1.0
DL,ANC,SLC,DL,1.0
DL,ATL,ABQ,DL,1.0
DL,ATL,AGS,DL,1.0
DL,ATL,ALB,DL,1.0
DL,ATL,ANC,DL,1.0
DL,ATL,ATW,DL,1.0
DL,ATL,AUS,DL,1.0
DL,ATL,AVL,DL,1.0
DL,ATL,BDL,DL,1.0
DL,ATL,BGR,DL,1.0
DL,ATL,BHM,DL,1.0
DL,ATL,BNA,DL,1.0
DL,ATL,BOI,DL,1.0
DL,ATL,BOS,DL,1.0
DL,ATL,BTR,DL,1.0
DL,ATL,BTV,DL,1.0
DL,ATL,BUF,DL,1.0
DL,ATL,BUR,DL,1.0
DL,ATL,BWI,DL,1.0
DL,ATL,BZN,DL,1.0
DL,ATL,CAE,DL,1.0
DL,ATL,CHA,DL,1.0
DL,ATL,CHO,DL,1.0
DL,ATL,CHS,DL,1.0
DL,ATL,CID,DL,1.0
DL,ATL,CLE,DL,1.0
DL,ATL,CLT,DL,1.0
DL,ATL,CMH,DL,1.0
DL,ATL,COS,DL,1.0
DL,ATL,CVG,DL,1.0
DL,ATL,DAB,DL,1.0
DL,ATL,DAL,DL,1.0
DL,ATL,DAY,DL,1.0
DL,ATL,DCA,DL,1.0
DL,ATL,DEN,DL,1.0
DL,ATL,DFW,DL,1.0
DL,ATL,DSM,DL,1.0
DL,ATL,DTW,DL,1.0
DL,ATL,ECP,DL,1.0
DL,ATL,EGE,DL,1.0
DL,ATL,ELP,DL,1.0
DL,ATL,EWR,DL,1.0
DL,ATL,EYW,DL,1.0
DL,ATL,FAR,DL,1.0
DL,ATL,FAT,DL,1.0
DL,ATL,FAY,DL,1.0
DL,ATL,FLL,DL,1.0
DL,ATL,FSD,DL,1.0
DL,ATL,GEG,DL,1.0
DL,ATL,GNV,DL,1.0
DL,ATL,GPT,DL,1.0
DL,ATL,GRB,DL,1.0
DL,ATL,GRR,DL,1.0
DL,ATL,GSO,DL,1.0
DL,ATL,GSP,DL,1.0
DL,ATL,HDN,DL,1.0
DL,ATL,HNL,DL,1.0
DL,ATL,HOU,DL,1.0
DL,ATL,HPN,DL,1.0
DL,ATL,HSV,DL,1.0
DL,ATL,IAD,DL,1.0
DL,ATL,IAH,DL,1.0
DL,ATL,ICT,DL,1.0
DL,ATL,ILM,DL,1.0
DL,ATL,IND,DL,1.0
DL,ATL,JAC,DL,1.0
DL,ATL,JAN,DL,1.0
DL,ATL,JAX,DL,1.0
DL,ATL,JFK,DL,1.0
DL,ATL,LAS,DL,1.0
DL,ATL,LAX,DL,1.0
DL,ATL,LEX,DL,1.0
DL,ATL,LGA,DL,1.0
DL,ATL,LIT,DL,1.0
DL,ATL,MCI,DL,1.0
DL,ATL,MCO,DL,1.0
DL,ATL,MDT,DL,1.0
DL,ATL,MDW,DL,1.0
DL,ATL,MEM,DL,1.0
DL,ATL,MIA,DL,1.0
DL,ATL,MKE,DL,1.0
DL,ATL,MLB,DL,1.0
DL,ATL,MOB,DL,1.0
DL,ATL,MSN,DL,1.0
DL,ATL,MSP,DL,1.0
DL,ATL,MSY,DL,1.0
DL,ATL,MTJ,DL,1.0
DL,ATL,MYR,DL,1.0
DL,ATL,OGG,DL,1.0
DL,ATL,OKC,DL,1.0
DL,ATL,OMA,DL,1.0
DL,ATL,ONT,DL,1.0
DL,ATL,ORD,DL,1.0
DL,ATL,ORF,DL,1.0
DL,ATL,PBI,DL,1.0
DL,ATL,PDX,DL,1.0
DL,ATL,PHL,DL,1.0
DL,ATL,PHX,DL,1.0
DL,ATL,PIT,DL,1.0
DL,ATL,PNS,DL,1.0
DL,ATL,PSP,DL,1.0
DL,ATL,PVD,DL,1.0
DL,ATL,PWM,DL,1.0
DL,ATL,RAP,DL,1.0
DL,ATL,RDU,DL,1.0
DL,ATL,RIC,DL,1.0
DL,ATL,RNO,DL,1.0
DL,ATL,ROA,DL,1.0
DL,ATL,ROC,DL,1.0
DL,ATL,RSW,DL,1.0
DL,ATL,SAN,DL,1.0
DL,ATL,SAT,DL,1.0
DL,ATL,SAV,DL,1.0
DL,ATL,SBA,DL,1.0
DL,ATL,SDF,DL,1.0
DL,ATL,SEA,DL,1.0
DL,ATL,SFO,DL,1.0
DL,ATL,SGF,DL,1.0
DL,ATL,SJC,DL,1.0
DL,ATL,SJU,DL,1.0
DL,ATL,SLC,DL,1.0
DL,ATL,SMF,DL,1.0
DL,ATL,SNA,DL,1.0
DL,ATL,SRQ,DL,1.0
DL,ATL,STL,DL,1.0
DL,ATL,STT,DL,1.0
DL,ATL,STX,DL,1.0
DL,ATL,SYR,DL,1.0
DL,ATL,TLH,DL,1.0
DL,ATL,TPA,DL,1.0
DL,ATL,TRI,DL,1.0
DL,ATL,TUL,DL,1.0
DL,ATL,TUS,DL,1.0
DL,ATL,TVC,DL,1.0
DL,ATL,TYS,DL,1.0
DL,ATL,VPS,DL,1.0
DL,ATL,XNA,DL,1.0
DL,ATW,ATL,DL,1.0
DL,AUS,ATL,DL,1.0
DL,AUS,BOS,DL,1.0
DL,AUS,DTW,DL,1.0
DL,AUS,JFK,DL,1.0
DL,AUS,LAS,DL,1.0
DL,AUS,LAX,DL,1.0
DL,AUS,MCO,DL,1.0
DL,AUS,MIA,DL,1.0
DL,AUS,MSP,DL,1.0
DL,AUS,SEA,DL,1.0
DL,AUS,SFO,DL,1.0
DL,AUS,SLC,DL,1.0
DL,AUS,TPA,DL,1.0
DL,AVL,ATL,DL,1.0
DL,BDL,ATL,DL,1.0
DL,BDL,DTW,DL,1.0
DL,BDL,MSP,DL,1.0
DL,BGR,ATL,DL,1.0
DL,BGR,DTW,DL,1.0
DL,BHM,ATL,DL,1.0
DL,BIL,MSP,DL,1.0
DL,BIL,SLC,DL,1.0
DL,BIS,MSP,DL,1.0
DL,BNA,ATL,DL,1.0
DL,BNA,BOS,DL,1.0
DL,BNA,DTW,DL,1.0
DL,BNA,LAX,DL,1.0
DL,BNA,LGA,DL,1.0
DL,BNA,MSP,DL,1.0
DL,BNA,SEA,DL,1.0
DL,BNA,SLC,DL,1.0
DL,BOI,ATL,DL,1.0
DL,BOI,MSP,DL,1.0
DL,BOI,SLC,DL,1.0
DL,BOS,ATL,DL,1.0
DL,BOS,AUS,DL,1.0
DL,BOS,BNA,DL,1.0
DL,BOS,BZN,DL,1.0
DL,BOS,CHS,DL,1.0
DL,BOS,DEN,DL,1.0
DL,BOS,DFW,DL,1.0
DL,BOS,DTW,DL,1.0
DL,BOS,FLL,DL,1.0
DL,BOS,JAX,DL,1.0
DL,BOS,JFK,DL,1.0
DL,BOS,LAS,DL,1.0
DL,BOS,LAX,DL,1.0
DL,BOS,LGA,DL,1.0
DL,BOS,MCO,DL,1.0
DL,BOS,MIA,DL,1.0
DL,BOS,MSP,DL,1.0
DL,BOS,MSY,DL,1.0
DL,BOS,MYR,DL,1.0
DL,BOS,ORD,DL,1.0
DL,BOS,PBI,DL,1.0
DL,BOS,PHX,DL,1.0
DL,BOS,RDU,DL,1.0
DL,BOS,RSW,DL,1.0
DL,BOS,SAN,DL,1.0
DL,BOS,SAT,DL,1.0
DL,BOS,SAV,DL,1.0
DL,BOS,SEA,DL,1.0
DL,BOS,SFO,DL,1.0
DL,BOS,SJU,DL,1.0
DL,BOS,SLC,DL,1.0
DL,BOS,STT,DL,1.0
DL,BOS,TPA,DL,1.0
DL,BTR,ATL,DL,1.0
DL,BTV,ATL,DL,1.0
DL,BUF,ATL,DL,1.0
DL,BUF,DTW,DL,1.0
DL,BUF,MSP,DL,1.0
DL,BUR,ATL,DL,1.0
DL,BUR,SLC,DL,1.0
DL,BWI,ATL,DL,1.0
DL,BWI,DTW,DL,1.0
DL,BWI,MSP,DL,1.0
DL,BWI,SLC,DL,1.0
DL,BZN,ATL,DL,1.0
DL,BZN,BOS,DL,1.0
DL,BZN,DTW,DL,1.0
DL,BZN,JFK,DL,1.0
DL,BZN,LGA,DL,1.0
DL,BZN,MSP,DL,1.0
DL,BZN,SLC,DL,1.0
DL,CAE,ATL,DL,1.0
DL,CHA,ATL,DL,1.0
DL,CHO,ATL,DL,1.0
DL,CHS,ATL,DL,1.0
DL,CHS,BOS,DL,1.0
DL,CHS,DTW,DL,1.0
DL,CHS,LGA,DL,1.0
DL,CHS,MSP,DL,1.0
DL,CID,ATL,DL,1.0
DL,CLE,ATL,DL,1.0
DL,CLE,DTW,DL,1.0
DL,CLE,MSP,DL,1.0
DL,CLE,SLC,DL,1.0
DL,CLT,ATL,DL,1.0
DL,CLT,DTW,DL,1.0
DL,CLT,MSP,DL,1.0
DL,CLT,SLC,DL,1.0
DL,CMH,ATL,DL,1.0
DL,CMH,DTW,DL,1.0
DL,CMH,MSP,DL,1.0
DL,CMH,SLC,DL,1.0
DL,COS,ATL,DL,1.0
DL,COS,MSP,DL,1.0
DL,CVG,ATL,DL,1.0
DL,CVG,DTW,DL,1.0
DL,CVG,FLL,DL,1.0
DL,CVG,LAS,DL,1.0
DL,CVG,LAX,DL,1.0
DL,CVG,MCO,DL,1.0
DL,CVG,MSP,DL,1.0
DL,CVG,RSW,DL,1.0
DL,CVG,SEA,DL,1.0
DL,CVG,SLC,DL,1.0
DL,CVG,TPA,DL,1.0
DL,DAB,ATL,DL,1.0
DL,DAL,ATL,DL,1.0
DL,DAY,ATL,DL,1.0
DL,DCA,ATL,DL,1.0
DL,DCA,DTW,DL,1.0
DL,DCA,LAX,DL,1.0
DL,DCA,MCO,DL,1.0
DL,DCA,MIA,DL,1.0
DL,DCA,MSP,DL,1.0
DL,DCA,SEA,DL,1.0
DL,DCA,SLC,DL,1.0
DL,DEN,ATL,DL,1.0
DL,DEN,BOS,DL,1.0
DL,DEN,DTW,DL,1.0
DL,DEN,JFK,DL,1.0
DL,DEN,LAX,DL,1.0
DL,DEN,LGA,DL,1.0
DL,DEN,MSP,DL,1.0
DL,DEN,SEA,DL,1.0
DL,DEN,SLC,DL,1.0
DL,DFW,ATL,DL,1.0
DL,DFW,BOS,DL,1.0
DL,DFW,CMH,DL,1.0
DL,DFW,DTW,DL,1.0
DL,DFW,JFK,DL,1.0
DL,DFW,LAX,DL,1.0
DL,DFW,LGA,DL,1.0
DL,DFW,MSP,DL,1.0
DL,DFW,SEA,DL,1.0
DL,DFW,SLC,DL,1.0
DL,DSM,ATL,DL,1.0
DL,DTW,ALB,DL,1.0
DL,DTW,ANC,DL,1.0
DL,DTW,ATL,DL,1.0
DL,DTW,AUS,DL,1.0
DL,DTW,BDL,DL,1.0
DL,DTW,BGR,DL,1.0
DL,DTW,BNA,DL,1.0
DL,DTW,BOS,DL,1.0
DL,DTW,BUF,DL,1.0
DL,DTW,BWI,DL,1.0
DL,DTW,BZN,DL,1.0
DL,DTW,CHS,DL,1.0
DL,DTW,CLE,DL,1.0
DL,DTW,CLT,DL,1.0
DL,DTW,CMH,DL,1.0
DL,DTW,CVG,DL,1.0
DL,DTW,DCA,DL,1.0
DL,DTW,DEN,DL,1.0
DL,DTW,DFW,DL,1.0
DL,DTW,EWR,DL,1.0
DL,DTW,FLL,DL,1.0
DL,DTW,GRB,DL,1.0
DL,DTW,GRR,DL,1.0
DL,DTW,GSP,DL,1.0
DL,DTW,HNL,DL,1.0
DL,DTW,IAH,DL,1.0
DL,DTW,IND,DL,1.0
DL,DTW,JAX,DL,1.0
DL,DTW,JFK,DL,1.0
DL,DTW,LAS,DL,1.0
DL,DTW,LAX,DL,1.0
DL,DTW,LGA,DL,1.0
DL,DTW,MCI,DL,1.0
DL,DTW,MCO,DL,1.0
DL,DTW,MEM,DL,1.0
DL,DTW,MIA,DL,1.0
DL,DTW,MKE,DL,1.0
DL,DTW,MSN,DL,1.0
DL,DTW,MSP,DL,1.0
DL,DTW,MSY,DL,1.0
DL,DTW,MYR,DL,1.0
DL,DTW,ORD,DL,1.0
DL,DTW,ORF,DL,1.0
DL,DTW,PBI,DL,1.0
DL,DTW,PDX,DL,1.0
DL,DTW,PHL,DL,1.0
DL,DTW,PHX,DL,1.0
DL,DTW,PIT,DL,1.0
DL,DTW,PNS,DL,1.0
DL,DTW,PWM,DL,1.0
DL,DTW,RDU,DL,1.0
DL,DTW,RIC,DL,1.0
DL,DTW,ROC,DL,1.0
DL,DTW,RSW,DL,1.0
DL,DTW,SAN,DL,1.0
DL,DTW,SAT,DL,1.0
DL,DTW,SAV,DL,1.0
DL,DTW,SDF,DL,1.0
DL,DTW,SEA,DL,1.0
DL,DTW,SFO,DL,1.0
DL,DTW,SJC,DL,1.0
DL,DTW,SJU,DL,1.0
DL,DTW,SLC,DL,1.0
DL,DTW,SMF,DL,1.0
DL,DTW,SNA,DL,1.0
DL,DTW,SRQ,DL,1.0
DL,DTW,STL,DL,1.0
DL,DTW,SYR,DL,1.0
DL,DTW,TPA,DL,1.0
DL,DTW,TVC,DL,1.0
DL,DTW,VPS,DL,1.0
DL,ECP,ATL,DL,1.0
DL,EGE,ATL,DL,1.0
DL,EGE,JFK,DL,1.0
DL,ELP,ATL,DL,1.0
DL,EWR,ATL,DL,1.0
DL,EWR,DTW,DL,1.0
DL,EWR,MSP,DL,1.0
DL,EWR,SLC,DL,1.0
DL,EYW,ATL,DL,1.0
DL,EYW,LGA,DL,1.0
DL,FAI,MSP,DL,1.0
DL,FAI,SEA,DL,1.0
DL,FAI,SLC,DL,1.0
DL,FAR,ATL,DL,1.0
DL,FAR,MSP,DL,1.0
DL,FAT,ATL,DL,1.0
DL,FAY,ATL,DL,1.0
DL,FCA,MSP,DL,1.0
DL,FCA,SLC,DL,1.0
DL,FLL,ATL,DL,1.0
DL,FLL,BOS,DL,1.0
DL,FLL,CVG,DL,1.0
DL,FLL,DTW,DL,1.0
DL,FLL,JFK,DL,1.0
DL,FLL,LAS,DL,1.0
DL,FLL,LAX,DL,1.0
DL,FLL,LGA,DL,1.0
DL,FLL,MSP,DL,1.0
DL,FLL,RDU,DL,1.0
DL,FLL,SEA,DL,1.0
DL,FLL,SLC,DL,1.0
DL,FSD,ATL,DL,1.0
DL,FSD,MSP,DL,1.0
DL,GEG,ATL,DL,1.0
DL,GEG,MSP,DL,1.0
DL,GEG,SEA,DL,1.0
DL,GEG,SLC,DL,1.0
DL,GNV,ATL,DL,1.0
DL,GPT,ATL,DL,1.0
DL,GRB,ATL,DL,1.0
DL,GRB,DTW,DL,1.0
DL,GRR,ATL,DL,1.0
DL,GRR,DTW,DL,1.0
DL,GRR,MSP,DL,1.0
DL,GSO,ATL,DL,1.0
DL,GSP,ATL,DL,1.0
DL,GSP,DTW,DL,1.0
DL,HDN,ATL,DL,1.0
DL,HDN,MSP,DL,1.0
DL,HNL,ATL,DL,1.0
DL,HNL,DTW,DL,1.0
DL,HNL,JFK,DL,1.0
DL,HNL,LAX,DL,1.0
DL,HNL,MSP,DL,1.0
DL,HNL,SEA,DL,1.0
DL,HNL,SLC,DL,1.0
DL,HOU,ATL,DL,1.0
DL,HPN,ATL,DL,1.0
DL,HRL,MSP,DL,1.0
DL,HSV,ATL,DL,1.0
DL,IAD,ATL,DL,1.0
DL,IAD,MSP,DL,1.0
DL,IAD,SEA,DL,1.0
DL,IAD,SLC,DL,1.0
DL,IAH,ATL,DL,1.0
DL,IAH,DTW,DL,1.0
DL,IAH,JFK,DL,1.0
DL,IAH,LAX,DL,1.0
DL,IAH,LGA,DL,1.0
DL,IAH,MSP,DL,1.0
DL,IAH,SLC,DL,1.0
DL,ICT,ATL,DL,1.0
DL,IDA,SLC,DL,1.0
DL,ILM,ATL,DL,1.0
DL,ILM,MSP,DL,1.0
DL,IND,ATL,DL,1.0
DL,IND,DTW,DL,1.0
DL,IND,LAX,DL,1.0
DL,IND,MIA,DL,1.0
DL,IND,MSP,DL,1.0
DL,IND,SLC,DL,1.0
DL,JAC,ATL,DL,1.0
DL,JAC,MSP,DL,1.0
DL,JAC,SLC,DL,1.0
DL,JAN,ATL,DL,1.0
DL,JAX,ATL,DL,1.0
DL,JAX,BOS,DL,1.0
DL,JAX,DTW,DL,1.0
DL,JAX,JFK,DL,1.0
DL,JAX,LGA,DL,1.0
DL,JAX,MSP,DL,1.0
DL,JFK,ATL,DL,1.0
DL,JFK,AUS,DL,1.0
DL,JFK,BOS,DL,1.0
DL,JFK,BZN,DL,1.0
DL,JFK,DEN,DL,1.0
DL,JFK,DFW,DL,1.0
DL,JFK,DTW,DL,1.0
DL,JFK,EGE,DL,1.0
DL,JFK,FLL,DL,1.0
DL,JFK,HNL,DL,1.0
DL,JFK,IAH,DL,1.0
DL,JFK,JAX,DL,1.0
DL,JFK,LAS,DL,1.0
DL,JFK,LAX,DL,1.0
DL,JFK,MCO,DL,1.0
DL,JFK,MIA,DL,1.0
DL,JFK,MSP,DL,1.0
DL,JFK,MSY,DL,1.0
DL,JFK,ORD,DL,1.0
DL,JFK,PBI,DL,1.0
DL,JFK,PDX,DL,1.0
DL,JFK,PHX,DL,1.0
DL,JFK,PSP,DL,1.0
DL,JFK,RSW,DL,1.0
DL,JFK,SAN,DL,1.0
DL,JFK,SAT,DL,1.0
DL,JFK,SEA,DL,1.0
DL,JFK,SFO,DL,1.0
DL,JFK,SJU,DL,1.0
DL,JFK,SLC,DL,1.0
DL,JFK,SRQ,DL,1.0
DL,JFK,STT,DL,1.0
DL,JFK,TPA,DL,1.0
DL,JNU,SEA,DL,1.0
DL,KOA,LAX,DL,1.0
DL,KOA,SEA,DL,1.0
DL,KOA,SLC,DL,1.0
DL,LAS,ATL,DL,1.0
DL,LAS,AUS,DL,1.0
DL,LAS,BOS,DL,1.0
DL,LAS,CVG,DL,1.0
DL,LAS,DTW,DL,1.0
DL,LAS,FLL,DL,1.0
DL,LAS,JFK,DL,1.0
DL,LAS,LAX,DL,1.0
DL,LAS,MCO,DL,1.0
DL,LAS,MIA,DL,1.0
DL,LAS,MSP,DL,1.0
DL,LAS,RDU,DL,1.0
DL,LAS,SEA,DL,1.0
DL,LAS,SLC,DL,1.0
DL,LAX,ANC,DL,1.0
DL,LAX,ATL,DL,1.0
DL,LAX,AUS,DL,1.0
DL,LAX,BHM,DL,1.0
DL,LAX,BNA,DL,1.0
DL,LAX,BOS,DL,1.0
DL,LAX,CVG,DL,1.0
DL,LAX,DCA,DL,1.0
DL,LAX,DEN,DL,1.0
DL,LAX,DFW,DL,1.0
DL,LAX,DTW,DL,1.0
DL,LAX,FLL,DL,1.0
DL,LAX,HNL,DL,1.0
DL,LAX,IAH,DL,1.0
DL,LAX,IND,DL,1.0
DL,LAX,JFK,DL,1.0
DL,LAX,KOA,DL,1.0
DL,LAX,LAS,DL,1.0
DL,LAX,LIH,DL,1.0
DL,LAX,MCI,DL,1.0
DL,LAX,MCO,DL,1.0
DL,LAX,MEM,DL,1.0
DL,LAX,MIA,DL,1.0
DL,LAX,MSP,DL,1.0
DL,LAX,MSY,DL,1.0
DL,LAX,OGG,DL,1.0
DL,LAX,PDX,DL,1.0
DL,LAX,PHX,DL,1.0
DL,LAX,RDU,DL,1.0
DL,LAX,SAT,DL,1.0
DL,LAX,SEA,DL,1.0
DL,LAX,SFO,DL,1.0
DL,LAX,SLC,DL,1.0
DL,LAX,SMF,DL,1.0
DL,LAX,TPA,DL,1.0
DL,LEX,ATL,DL,1.0
DL,LGA,ATL,DL,1.0
DL,LGA,BNA,DL,1.0
DL,LGA,BOS,DL,1.0
DL,LGA,BZN,DL,1.0
DL,LGA,CHS,DL,1.0
DL,LGA,DEN,DL,1.0
DL,LGA,DFW,DL,1.0
DL,LGA,DTW,DL,1.0
DL,LGA,EYW,DL,1.0
DL,LGA,FLL,DL,1.0
DL,LGA,IAH,DL,1.0
DL,LGA,JAX,DL,1.0
DL,LGA,MCI,DL,1.0
DL,LGA,MCO,DL,1.0
DL,LGA,MIA,DL,1.0
DL,LGA,MSP,DL,1.0
DL,LGA,MSY,DL,1.0
DL,LGA,MYR,DL,1.0
DL,LGA,ORD,DL,1.0
DL,LGA,PBI,DL,1.0
DL,LGA,RDU,DL,1.0
DL,LGA,RSW,DL,1.0
DL,LGA,SAV,DL,1.0
DL,LGA,SLC,DL,1.0
DL,LGA,SRQ,DL,1.0
DL,LGA,TPA,DL,1.0
DL,LGA,TVC,DL,1.0
DL,LGB,SLC,DL,1.0
DL,LIH,LAX,DL,1.0
DL,LIH,SEA,DL,1.0
DL,LIT,ATL,DL,1.0
DL,MCI,ATL,DL,1.0
DL,MCI,DTW,DL,1.0
DL,MCI,LAX,DL,1.0
DL,MCI,LGA,DL,1.0
DL,MCI,MSP,DL,1.0
DL,MCI,SEA,DL,1.0
DL,MCI,SLC,DL,1.0
DL,MCO,ATL,DL,1.0
DL,MCO,AUS,DL,1.0
DL,MCO,BOS,DL,1.0
DL,MCO,CVG,DL,1.0
DL,MCO,DCA,DL,1.0
DL,MCO,DTW,DL,1.0
DL,MCO,JFK,DL,1.0
DL,MCO,LAS,DL,1.0
DL,MCO,LAX,DL,1.0
DL,MCO,LGA,DL,1.0
DL,MCO,MSP,DL,1.0
DL,MCO,RDU,DL,1.0
DL,MCO,SEA,DL,1.0
DL,MCO,SLC,DL,1.0
DL,MDT,ATL,DL,1.0
DL,MDW,ATL,DL,1.0
DL,MEM,ATL,DL,1.0
DL,MEM,DTW,DL,1.0
DL,MEM,LAX,DL,1.0
DL,MEM,PHX,DL,1.0
DL,MEM,SLC,DL,1.0
DL,MIA,ATL,DL,1.0
DL,MIA,AUS,DL,1.0
DL,MIA,BOS,DL,1.0
DL,MIA,DCA,DL,1.0
DL,MIA,DTW,DL,1.0
DL,MIA,IND,DL,1.0
DL,MIA,JFK,DL,1.0
DL,MIA,LAS,DL,1.0
DL,MIA,LAX,DL,1.0
DL,MIA,LGA,DL,1.0
DL,MIA,MSP,DL,1.0
DL,MIA,RDU,DL,1.0
DL,MIA,SEA,DL,1.0
DL,MIA,SLC,DL,1.0
DL,MKE,ATL,DL,1.0
DL,MKE,DTW,DL,1.0
DL,MKE,MSP,DL,1.0
DL,MKE,SLC,DL,1.0
DL,MLB,ATL,DL,1.0
DL,MOB,ATL,DL,1.0
DL,MSN,ATL,DL,1.0
DL,MSN,DTW,DL,1.0
DL,MSN,MSP,DL,1.0
DL,MSO,MSP,DL,1.0
DL,MSO,SLC,DL,1.0
DL,MSP,ABQ,DL,1.0
DL,MSP,ANC,DL,1.0
DL,MSP,ATL,DL,1.0
DL,MSP,AUS,DL,1.0
DL,MSP,BDL,DL,1.0
DL,MSP,BIL,DL,1.0
DL,MSP,BIS,DL,1.0
DL,MSP,BNA,DL,1.0
DL,MSP,BOI,DL,1.0
DL,MSP,BOS,DL,1.0
DL,MSP,BUF,DL,1.0
DL,MSP,BWI,DL,1.0
DL,MSP,BZN,DL,1.0
DL,MSP,CHS,DL,1.0
DL,MSP,CLE,DL,1.0
DL,MSP,CLT,DL,1.0
DL,MSP,CMH,DL,1.0
DL,MSP,COS,DL,1.0
DL,MSP,CVG,DL,1.0
DL,MSP,DCA,DL,1.0
DL,MSP,DEN,DL,1.0
DL,MSP,DFW,DL,1.0
DL,MSP,DTW,DL,1.0
DL,MSP,EWR,DL,1.0
DL,MSP,FAI,DL,1.0
DL,MSP,FAR,DL,1.0
DL,MSP,FCA,DL,1.0
DL,MSP,FLL,DL,1.0
DL,MSP,FSD,DL,1.0
DL,MSP,GEG,DL,1.0
DL,MSP,GRR,DL,1.0
DL,MSP,HDN,DL,1.0
DL,MSP,HNL,DL,1.0
DL,MSP,HRL,DL,1.0
DL,MSP,IAD,DL,1.0
DL,MSP,IAH,DL,1.0
DL,MSP,ILM,DL,1.0
DL,MSP,IND,DL,1.0
DL,MSP,JAC,DL,1.0
DL,MSP,JAX,DL,1.0
DL,MSP,JFK,DL,1.0
DL,MSP,LAS,DL,1.0
DL,MSP,LAX,DL,1.0
DL,MSP,LGA,DL,1.0
DL,MSP,MCI,DL,1.0
DL,MSP,MCO,DL,1.0
DL,MSP,MIA,DL,1.0
DL,MSP,MKE,DL,1.0
DL,MSP,MSN,DL,1.0
DL,MSP,MSO,DL,1.0
DL,MSP,MSY,DL,1.0
DL,MSP,MYR,DL,1.0
DL,MSP,ORD,DL,1.0
DL,MSP,PBI,DL,1.0
DL,MSP,PDX,DL,1.0
DL,MSP,PHL,DL,1.0
DL,MSP,PHX,DL,1.0
DL,MSP,PIT,DL,1.0
DL,MSP,PSC,DL,1.0
DL,MSP,PSP,DL,1.0
DL,MSP,PVD,DL,1.0
DL,MSP,PWM,DL,1.0
DL,MSP,RDU,DL,1.0
DL,MSP,RNO,DL,1.0
DL,MSP,RSW,DL,1.0
DL,MSP,SAN,DL,1.0
DL,MSP,SAT,DL,1.0
DL,MSP,SAV,DL,1.0
DL,MSP,SEA,DL,1.0
DL,MSP,SFO,DL,1.0
DL,MSP,SJC,DL,1.0
DL,MSP,SJU,DL,1.0
DL,MSP,SLC,DL,1.0
DL,MSP,SMF,DL,1.0
DL,MSP,SNA,DL,1.0
DL,MSP,SRQ,DL,1.0
DL,MSP,STL,DL,1.0
DL,MSP,TPA,DL,1.0
DL,MSP,TUS,DL,1.0
DL,MSP,TVC,DL,1.0
DL,MSP,VPS,DL,1.0
DL,MSY,ATL,DL,1.0
DL,MSY,BOS,DL,1.0
DL,MSY,DTW,DL,1.0
DL,MSY,JFK,DL,1.0
DL,MSY,LAX,DL,1.0
DL,MSY,LGA,DL,1.0
DL,MSY,MSP,DL,1.0
DL,MSY,SLC,DL,1.0
DL,MTJ,ATL,DL,1.0
DL,MYR,ATL,DL,1.0
DL,MYR,BOS,DL,1.0
DL,MYR,DTW,DL,1.0
DL,MYR,LGA,DL,1.0
DL,MYR,MSP,DL,1.0
DL,OGG,ATL,DL,1.0
DL,OGG,LAX,DL,1.0
DL,OGG,SEA,DL,1.0
DL,OGG,SLC,DL,1.0
DL,OKC,ATL,DL,1.0
DL,OMA,ATL,DL,1.0
DL,ONT,ATL,DL,1.0
DL,ONT,SLC,DL,1.0
DL,ORD,ATL,DL,1.0
DL,ORD,BOS,DL,1.0
DL,ORD,DTW,DL,1.0
DL,ORD,JFK,DL,1.0
DL,ORD,LGA,DL,1.0
DL,ORD,MSP,DL,1.0
DL,ORD,SEA,DL,1.0
DL,ORD,SLC,DL,1.0
DL,ORF,ATL,DL,1.0
DL,ORF,DTW,DL,1.0
DL,PBI,ATL,DL,1.0
DL,PBI,BOS,DL,1.0
DL,PBI,DTW,DL,1.0
DL,PBI,JFK,DL,1.0
DL,PBI,LGA,DL,1.0
DL,PBI,MSP,DL,1.0
DL,PDX,ATL,DL,1.0
DL,PDX,DTW,DL,1.0
DL,PDX,JFK,DL,1.0
DL,PDX,LAX,DL,1.0
DL,PDX,MSP,DL,1.0
DL,PDX,SEA,DL,1.0
DL,PDX,SLC,DL,1.0
DL,PHL,ATL,DL,1.0
DL,PHL,DTW,DL,1.0
DL,PHL,MSP,DL,1.0
DL,PHL,SLC,DL,1.0
DL,PHX,ATL,DL,1.0
DL,PHX,BOS,DL,1.0
DL,PHX,DTW,DL,1.0
DL,PHX,JFK,DL,1.0
DL,PHX,LAX,DL,1.0
DL,PHX,MEM,DL,1.0
DL,PHX,MSP,DL,1.0
DL,PHX,SEA,DL,1.0
DL,PHX,SLC,DL,1.0
DL,PIT,ATL,DL,1.0
DL,PIT,DTW,DL,1.0
DL,PIT,MSP,DL,1.0
DL,PIT,SLC,DL,1.0
DL,PNS,ATL,DL,1.0
DL,PNS,DTW,DL,1.0
DL,PSC,MSP,DL,1.0
DL,PSC,SLC,DL,1.0
DL,PSP,ATL,DL,1.0
DL,PSP,JFK,DL,1.0
DL,PSP,MSP,DL,1.0
DL,PSP,SEA,DL,1.0
DL,PSP,SLC,DL,1.0
DL,PVD,ATL,DL,1.0
DL,PVD,MSP,DL,1.0
DL,PWM,ATL,DL,1.0
DL,PWM,DTW,DL,1.0
DL,PWM,MSP,DL,1.0
DL,RAP,ATL,DL,1.0
DL,RDU,ATL,DL,1.0
DL,RDU,BOS,DL,1.0
DL,RDU,DTW,DL,1.0
DL,RDU,FLL,DL,1.0
DL,RDU,LAS,DL,1.0
DL,RDU,LAX,DL,1.0
DL,RDU,LGA,DL,1.0
DL,RDU,MCO,DL,1.0
DL,RDU,MIA,DL,1.0
DL,RDU,MSP,DL,1.0
DL,RDU,SEA,DL,1.0
DL,RDU,SJU,DL,1.0
DL,RDU,SLC,DL,1.0
DL,RDU,TPA,DL,1.0
DL,RIC,ATL,DL,1.0
DL,RIC,DTW,DL,1.0
DL,RNO,ATL,DL,1.0
DL,RNO,MSP,DL,1.0
DL,RNO,SLC,DL,1.0
DL,ROA,ATL,DL,1.0
DL,ROC,ATL,DL,1.0
DL,ROC,DTW,DL,1.0
DL,RSW,ATL,DL,1.0
DL,RSW,BOS,DL,1.0
DL,RSW,CVG,DL,1.0
DL,RSW,DTW,DL,1.0
DL,RSW,JFK,DL,1.0
DL,RSW,LGA,DL,1.0
DL,RSW,MSP,DL,1.0
DL,RSW,SLC,DL,1.0
DL,SAN,ATL,DL,1.0
DL,SAN,BOS,DL,1.0
DL,SAN,DTW,DL,1.0
DL,SAN,JFK,DL,1.0
DL,SAN,MSP,DL,1.0
DL,SAN,SEA,DL,1.0
DL,SAN,SLC,DL,1.0
DL,SAT,ATL,DL,1.0
DL,SAT,BOS,DL,1.0
DL,SAT,DTW,DL,1.0
DL,SAT,JFK,DL,1.0
DL,SAT,LAX,DL,1.0
DL,SAT,MSP,DL,1.0
DL,SAT,SLC,DL,1.0
DL,SAV,ATL,DL,1.0
DL,SAV,BOS,DL,1.0
DL,SAV,DTW,DL,1.0
DL,SAV,LGA,DL,1.0
DL,SAV,MSP,DL,1.0
DL,SBA,ATL,DL,1.0
DL,SBA,SLC,DL,1.0
DL,SDF,ATL,DL,1.0
DL,SDF,DTW,DL,1.0
DL,SEA,ANC,DL,1.0
DL,SEA,ATL,DL,1.0
DL,SEA,AUS,DL,1.0
DL,SEA,BNA,DL,1.0
DL,SEA,BOS,DL,1.0
DL,SEA,CVG,DL,1.0
DL,SEA,DCA,DL,1.0
DL,SEA,DEN,DL,1.0
DL,SEA,DFW,DL,1.0
DL,SEA,DTW,DL,1.0
DL,SEA,FAI,DL,1.0
DL,SEA,FLL,DL,1.0
DL,SEA,GEG,DL,1.0
DL,SEA,HNL,DL,1.0
DL,SEA,IAD,DL,1.0
DL,SEA,JFK,DL,1.0
DL,SEA,JNU,DL,1.0
DL,SEA,KOA,DL,1.0
DL,SEA,LAS,DL,1.0
DL,SEA,LAX,DL,1.0
DL,SEA,LIH,DL,1.0
DL,SEA,MCI,DL,1.0
DL,SEA,MCO,DL,1.0
DL,SEA,MIA,DL,1.0
DL,SEA,MSP,DL,1.0
DL,SEA,OGG,DL,1.0
DL,SEA,ORD,DL,1.0
DL,SEA,PDX,DL,1.0
DL,SEA,PHX,DL,1.0
DL,SEA,PSP,DL,1.0
DL,SEA,RDU,DL,1.0
DL,SEA,SAN,DL,1.0
DL,SEA,SFO,DL,1.0
DL,SEA,SLC,DL,1.0
DL,SEA,SNA,DL,1.0
DL,SEA,TPA,DL,1.0
DL,SEA,TUS,DL,1.0
DL,SFO,ATL,DL,1.0
DL,SFO,AUS,DL,1.0
DL,SFO,BOS,DL,1.0
DL,SFO,DTW,DL,1.0
DL,SFO,JFK,DL,1.0
DL,SFO,LAX,DL,1.0
DL,SFO,MSP,DL,1.0
DL,SFO,SEA,DL,1.0
DL,SFO,SLC,DL,1.0
DL,SGF,ATL,DL,1.0
DL,SJC,ATL,DL,1.0
DL,SJC,DTW,DL,1.0
DL,SJC,MSP,DL,1.0
DL,SJC,SLC,DL,1.0
DL,SJU,ATL,DL,1.0
DL,SJU,BOS,DL,1.0
DL,SJU,DTW,DL,1.0
DL,SJU,JFK,DL,1.0
DL,SJU,MSP,DL,1.0
DL,SJU,RDU,DL,1.0
DL,SLC,ANC,DL,1.0
DL,SLC,ATL,DL,1.0
DL,SLC,AUS,DL,1.0
DL,SLC,BIL,DL,1.0
DL,SLC,BNA,DL,1.0
DL,SLC,BOI,DL,1.0
DL,SLC,BOS,DL,1.0
DL,SLC,BUR,DL,1.0
DL,SLC,BWI,DL,1.0
DL,SLC,BZN,DL,1.0
DL,SLC,CLE,DL,1.0
DL,SLC,CLT,DL,1.0
DL,SLC,CMH,DL,1.0
DL,SLC,CVG,DL,1.0
DL,SLC,DCA,DL,1.0
DL,SLC,DEN,DL,1.0
DL,SLC,DFW,DL,1.0
DL,SLC,DTW,DL,1.0
DL,SLC,EWR,DL,1.0
DL,SLC,FAI,DL,1.0
DL,SLC,FCA,DL,1.0
DL,SLC,FLL,DL,1.0
DL,SLC,GEG,DL,1.0
DL,SLC,HNL,DL,1.0
DL,SLC,IAD,DL,1.0
DL,SLC,IAH,DL,1.0
DL,SLC,IDA,DL,1.0
DL,SLC,IND,DL,1.0
DL,SLC,JAC,DL,1.0
DL,SLC,JFK,DL,1.0
DL,SLC,KOA,DL,1.0
DL,SLC,LAS,DL,1.0
DL,SLC,LAX,DL,1.0
DL,SLC,LGA,DL,1.0
DL,SLC,LGB,DL,1.0
DL,SLC,MCI,DL,1.0
DL,SLC,MCO,DL,1.0
DL,SLC,MEM,DL,1.0
DL,SLC,MIA,DL,1.0
DL,SLC,MKE,DL,1.0
DL,SLC,MSO,DL,1.0
DL,SLC,MSP,DL,1.0
DL,SLC,MSY,DL,1.0
DL,SLC,OGG,DL,1.0
DL,SLC,ONT,DL,1.0
DL,SLC,ORD,DL,1.0
DL,SLC,PDX,DL,1.0
DL,SLC,PHL,DL,1.0
DL,SLC,PHX,DL,1.0
DL,SLC,PIT,DL,1.0
DL,SLC,PSC,DL,1.0
DL,SLC,PSP,DL,1.0
DL,SLC,RDU,DL,1.0
DL,SLC,RNO,DL,1.0
DL,SLC,RSW,DL,1.0
DL,SLC,SAN,DL,1.0
DL,SLC,SAT,DL,1.0
DL,SLC,SBA,DL,1.0
DL,SLC,SEA,DL,1.0
DL,SLC,SFO,DL,1.0
DL,SLC,SJC,DL,1.0
DL,SLC,SMF,DL,1.0
DL,SLC,SNA,DL,1.0
DL,SLC,STL,DL,1.0
DL,SLC,TPA,DL,1.0
DL,SMF,ATL,DL,1.0
DL,SMF,DTW,DL,1.0
DL,SMF,LAX,DL,1.0
DL,SMF,MSP,DL,1.0
DL,SMF,SLC,DL,1.0
DL,SNA,ATL,DL,1.0
DL,SNA,DTW,DL,1.0
DL,SNA,MSP,DL,1.0
DL,SNA,SEA,DL,1.0
DL,SNA,SLC,DL,1.0
DL,SRQ,ATL,DL,1.0
DL,SRQ,DTW,DL,1.0
DL,SRQ,JFK,DL,1.0
DL,SRQ,LGA,DL,1.0
DL,SRQ,MSP,DL,1.0
DL,STL,ATL,DL,1.0
DL,STL,DTW,DL,1.0
DL,STL,MSP,DL,1.0
DL,STL,SLC,DL,1.0
DL,STT,ATL,DL,1.0
DL,STT,BOS,DL,1.0
DL,STT,JFK,DL,1.0
DL,STX,ATL,DL,1.0
DL,SYR,ATL,DL,1.0
DL,SYR,DTW,DL,1.0
DL,TLH,ATL,DL,1.0
DL,TPA,ATL,DL,1.0
DL,TPA,AUS,DL,1.0
DL,TPA,BOS,DL,1.0
DL,TPA,CVG,DL,1.0
DL,TPA,DTW,DL,1.0
DL,TPA,JFK,DL,1.0
DL,TPA,LAX,DL,1.0
DL,TPA,LGA,DL,1.0
DL,TPA,MSP,DL,1.0
DL,TPA,RDU,DL,1.0
DL,TPA,SEA,DL,1.0
DL,TPA,SLC,DL,1.0
DL,TRI,ATL,DL,1.0
DL,TUL,ATL,DL,1.0
DL,TUS,ATL,DL,1.0
DL,TUS,MSP,DL,1.0
DL,TUS,SEA,DL,1.0
DL,TVC,ATL,DL,1.0
DL,TVC,DTW,DL,1.0
DL,TVC,LGA,DL,1.0
DL,TVC,MSP,DL,1.0
DL,TYS,ATL,DL,1.0
DL,VPS,ATL,DL,1.0
DL,VPS,DTW,DL,1.0
DL,VPS,MSP,DL,1.0
DL,XNA,ATL,DL,1.0
F9,ATL,AUS,F9,1.0
F9,ATL,BDL,F9,1.0
F9,ATL,BOS,F9,1.0
F9,ATL,BUF,F9,1.0
F9,ATL,BWI,F9,1.0
F9,ATL,CLE,F9,1.0
F9,ATL,CMH,F9,1.0
F9,ATL,CVG,F9,1.0
F9,ATL,DEN,F9,1.0
F9,ATL,DFW,F9,1.0
F9,ATL,DTW,F9,1.0
F9,ATL,EWR,F9,1.0
F9,ATL,FLL,F9,1.0
F9,ATL,GRR,F9,1.0
F9,ATL,IAD,F9,1.0
F9,ATL,IAH,F9,1.0
F9,ATL,IND,F9,1.0
F9,ATL,JAX,F9,1.0
F9,ATL,JFK,F9,1.0
F9,ATL,LAS,F9,1.0
F9,ATL,LAX,F9,1.0
F9,ATL,LGA,F9,1.0
F9,ATL,MCI,F9,1.0
F9,ATL,MCO,F9,1.0
F9,ATL,MDW,F9,1.0
F9,ATL,MEM,F9,1.0
F9,ATL,MIA,F9,1.0
F9,ATL,MKE,F9,1.0
F9,ATL,MSP,F9,1.0
F9,ATL,MSY,F9,1.0
F9,ATL,OKC,F9,1.0
F9,ATL,OMA,F9,1.0
F9,ATL,ORD,F9,1.0
F9,ATL,ORF,F9,1.0
F9,ATL,PBI,F9,1.0
F9,ATL,PHL,F9,1.0
F9,ATL,PHX,F9,1.0
F9,ATL,RDU,F9,1.0
F9,ATL,RIC,F9,1.0
F9,ATL,RSW,F9,1.0
F9,ATL,SAT,F9,1.0
F9,ATL,SFO,F9,1.0
F9,ATL,SJU,F9,1.0
F9,ATL,STL,F9,1.0
F9,ATL,SYR,F9,1.0
F9,ATL,TPA,F9,1.0
F9,ATL,TTN,F9,1.0
F9,AUS,ATL,F9,1.0
F9,AUS,CLE,F9,1.0
F9,AUS,CVG,F9,1.0
F9,AUS,DEN,F9,1.0
F9,AUS,LAS,F9,1.0
F9,AUS,MCO,F9,1.0
F9,AUS,MIA,F9,1.0
F9,AUS,ORD,F9,1.0
F9,AUS,PHL,F9,1.0
F9,AUS,PHX,F9,1.0
F9,AUS,SAN,F9,1.0
F9,BDL,ATL,F9,1.0
F9,BDL,MCO,F9,1.0
F9,BDL,MIA,F9,1.0
F9,BDL,SJU,F9,1.0
F9,BNA,CLE,F9,1.0
F9,BNA,DEN,F9,1.0
F9,BNA,DFW,F9,1.0
F9,BNA,MCO,F9,1.0
F9,BNA,ORD,F9,1.0
F9,BNA,PHL,F9,1.0
F9,BOI,DEN,F9,1.0
F9,BOS,ATL,F9,1.0
F9,BOS,CLE,F9,1.0
F9,BOS,MCO,F9,1.0
F9,BOS,PHL,F9,1.0
F9,BOS,RDU,F9,1.0
F9,BOS,SJU,F9,1.0
F9,BOS,TPA,F9,1.0
F9,BQN,MCO,F9,1.0
F9,BQN,MIA,F9,1.0
F9,BTV,MCO,F9,1.0
F9,BUF,ATL,F9,1.0
F9,BUF,DEN,F9,1.0
F9,BUF,MCO,F9,1.0
F9,BUF,RDU,F9,1.0
F9,BUF,RSW,F9,1.0
F9,BUF,TPA,F9,1.0
F9,BUR,DEN,F9,1.0
F9,BUR,LAS,F9,1.0
F9,BWI,ATL,F9,1.0
F9,BWI,CLT,F9,1.0
F9,BWI,DEN,F9,1.0
F9,BWI,DFW,F9,1.0
F9,BWI,DTW,F9,1.0
F9,BWI,FLL,F9,1.0
F9,BWI,IAH,F9,1.0
F9,BWI,MCO,F9,1.0
F9,BWI,MDW,F9,1.0
F9,BWI,MIA,F9,1.0
F9,BWI,ORD,F9,1.0
F9,BWI,SJU,F9,1.0
F9,BWI,TPA,F9,1.0
F9,CHS,DFW,F9,1.0
F9,CHS,PHL,F9,1.0
F9,CID,DEN,F9,1.0
F9,CLE,ATL,F9,1.0
F9,CLE,AUS,F9,1.0
F9,CLE,BNA,F9,1.0
F9,CLE,BOS,F9,1.0
F9,CLE,CLT,F9,1.0
F9,CLE,DEN,F9,1.0
F9,CLE,DFW,F9,1.0
F9,CLE,FLL,F9,1.0
F9,CLE,LAS,F9,1.0
F9,CLE,LGA,F9,1.0
F9,CLE,MCO,F9,1.0
F9,CLE,MIA,F9,1.0
F9,CLE,MYR,F9,1.0
F9,CLE,PBI,F9,1.0
F9,CLE,PHL,F9,1.0
F9,CLE,PHX,F9,1.0
F9,CLE,RDU,F9,1.0
F9,CLE,RSW,F9,1.0
F9,CLE,SJU,F9,1.0
F9,CLE,SRQ,F9,1.0
F9,CLE,TPA,F9,1.0
F9,CLT,BWI,F9,1.0
F9,CLT,CLE,F9,1.0
F9,CLT,DEN,F9,1.0
F9,CLT,DFW,F9,1.0
F9,CLT,DTW,F9,1.0
F9,CLT,FLL,F9,1.0
F9,CLT,IAH,F9,1.0
F9,CLT,LGA,F9,1.0
F9,CLT,MCO,F9,1.0
F9,CLT,MIA,F9,1.0
F9,CLT,ORD,F9,1.0
F9,CLT,PHL,F9,1.0
F9,CLT,SJU,F9,1.0
F9,CLT,TPA,F9,1.0
F9,CMH,ATL,F9,1.0
F9,CMH,DEN,F9,1.0
F9,CMH,MCO,F9,1.0
F9,CRP,DEN,F9,1.0
F9,CVG,ATL,F9,1.0
F9,CVG,AUS,F9,1.0
F9,CVG,DEN,F9,1.0
F9,CVG,DFW,F9,1.0
F9,CVG,FLL,F9,1.0
F9,CVG,IAH,F9,1.0
F9,CVG,LAS,F9,1.0
F9,CVG,LGA,F9,1.0
F9,CVG,MCO,F9,1.0
F9,CVG,MIA,F9,1.0
F9,CVG,PHX,F9,1.0
F9,CVG,RSW,F9,1.0
F9,CVG,TPA,F9,1.0
F9,DCA,DEN,F9,1.0
F9,DEN,ATL,F9,1.0
F9,DEN,AUS,F9,1.0
F9,DEN,BNA,F9,1.0
F9,DEN,BOI,F9,1.0
F9,DEN,BUF,F9,1.0
F9,DEN,BUR,F9,1.0
F9,DEN,BWI,F9,1.0
F9,DEN,CID,F9,1.0
F9,DEN,CLE,F9,1.0
F9,DEN,CLT,F9,1.0
F9,DEN,CMH,F9,1.0
F9,DEN,CRP,F9,1.0
F9,DEN,CVG,F9,1.0
F9,DEN,DCA,F9,1.0
F9,DEN,DFW,F9,1.0
F9,DEN,DSM,F9,1.0
F9,DEN,DTW,F9,1.0
F9,DEN,ELP,F9,1.0
F9,DEN,FAR,F9,1.0
F9,DEN,FSD,F9,1.0
F9,DEN,GEG,F9,1.0
F9,DEN,GRB,F9,1.0
F9,DEN,GRR,F9,1.0
F9,DEN,IAH,F9,1.0
F9,DEN,IND,F9,1.0
F9,DEN,JFK,F9,1.0
F9,DEN,LAS,F9,1.0
F9,DEN,LAX,F9,1.0
F9,DEN,LGA,F9,1.0
F9,DEN,LIT,F9,1.0
F9,DEN,MCI,F9,1.0
F9,DEN,MCO,F9,1.0
F9,DEN,MDW,F9,1.0
F9,DEN,MEM,F9,1.0
F9,DEN,MIA,F9,1.0
F9,DEN,MKE,F9,1.0
F9,DEN,MSN,F9,1.0
F9,DEN,MSO,F9,1.0
F9,DEN,MSP,F9,1.0
F9,DEN,MSY,F9,1.0
F9,DEN,OKC,F9,1.0
F9,DEN,OMA,F9,1.0
F9,DEN,ONT,F9,1.0
F9,DEN,ORD,F9,1.0
F9,DEN,PAE,F9,1.0
F9,DEN,PDX,F9,1.0
F9,DEN,PHL,F9,1.0
F9,DEN,PHX,F9,1.0
F9,DEN,PIT,F9,1.0
F9,DEN,PNS,F9,1.0
F9,DEN,PSP,F9,1.0
F9,DEN,RDU,F9,1.0
F9,DEN,RIC,F9,1.0
F9,DEN,RNO,F9,1.0
F9,DEN,RSW,F9,1.0
F9,DEN,SAN,F9,1.0
F9,DEN,SAT,F9,1.0
F9,DEN,SEA,F9,1.0
F9,DEN,SFO,F9,1.0
F9,DEN,SJC,F9,1.0
F9,DEN,SLC,F9,1.0
F9,DEN,SMF,F9,1.0
F9,DEN,SNA,F9,1.0
F9,DEN,STL,F9,1.0
F9,DEN,TPA,F9,1.0
F9,DEN,TUL,F9,1.0
F9,DEN,TUS,F9,1.0
F9,DEN,TYS,F9,1.0
F9,DEN,XNA,F9,1.0
F9,DFW,ATL,F9,1.0
F9,DFW,BNA,F9,1.0
F9,DFW,BWI,F9,1.0
F9,DFW,CHS,F9,1.0
F9,DFW,CLE,F9,1.0
F9,DFW,CLT,F9,1.0
F9,DFW,CVG,F9,1.0
F9,DFW,DEN,F9,1.0
F9,DFW,DTW,F9,1.0
F9,DFW,ELP,F9,1.0
F9,DFW,FLL,F9,1.0
F9,DFW,IAD,F9,1.0
F9,DFW,IND,F9,1.0
F9,DFW,JAX,F9,1.0
F9,DFW,JFK,F9,1.0
F9,DFW,LAS,F9,1.0
F9,DFW,LAX,F9,1.0
F9,DFW,LGA,F9,1.0
F9,DFW,MCO,F9,1.0
F9,DFW,MDW,F9,1.0
F9,DFW,MIA,F9,1.0
F9,DFW,MSP,F9,1.0
F9,DFW,ONT,F9,1.0
F9,DFW,ORD,F9,1.0
F9,DFW,ORF,F9,1.0
F9,DFW,PHL,F9,1.0
F9,DFW,PHX,F9,1.0
F9,DFW,RDU,F9,1.0
F9,DFW,SAN,F9,1.0
F9,DFW,SEA,F9,1.0
F9,DFW,SFO,F9,1.0
F9,DFW,SJU,F9,1.0
F9,DFW,SLC,F9,1.0
F9,DFW,STL,F9,1.0
F9,DFW,TPA,F9,1.0
F9,DFW,TUS,F9,1.0
F9,DSM,DEN,F9,1.0
F9,DSM,MCO,F9,1.0
F9,DTW,ATL,F9,1.0
F9,DTW,BWI,F9,1.0
F9,DTW,CLT,F9,1.0
F9,DTW,DEN,F9,1.0
F9,DTW,DFW,F9,1.0
F9,DTW,FLL,F9,1.0
F9,DTW,IAH,F9,1.0
F9,DTW,LAS,F9,1.0
F9,DTW,MCO,F9,1.0
F9,DTW,MIA,F9,1.0
F9,DTW,PHL,F9,1.0
F9,DTW,PHX,F9,1.0
F9,DTW,RDU,F9,1.0
F9,DTW,RSW,F9,1.0
F9,DTW,TPA,F9,1.0
F9,ELP,DEN,F9,1.0
F9,ELP,DFW,F9,1.0
F9,ELP,LAS,F9,1.0
F9,EWR,ATL,F9,1.0
F9,EWR,MCO,F9,1.0
F9,EWR,MDW,F9,1.0
F9,EWR,SJU,F9,1.0
F9,FAR,DEN,F9,1.0
F9,FLL,ATL,F9,1.0
F9,FLL,BWI,F9,1.0
F9,FLL,CLE,F9,1.0
F9,FLL,CLT,F9,1.0
F9,FLL,CVG,F9,1.0
F9,FLL,DFW,F9,1.0
F9,FLL,DTW,F9,1.0
F9,FLL,IAH,F9,1.0
F9,FLL,ISP,F9,1.0
F9,FLL,ORD,F9,1.0
F9,FLL,PHL,F9,1.0
F9,FLL,SJU,F9,1.0
F9,FSD,DEN,F9,1.0
F9,GEG,DEN,F9,1.0
F9,GEG,PHX,F9,1.0
F9,GRB,DEN,F9,1.0
F9,GRR,ATL,F9,1.0
F9,GRR,DEN,F9,1.0
F9,GRR,MCO,F9,1.0
F9,GRR,RSW,F9,1.0
F9,IAD,ATL,F9,1.0
F9,IAD,DFW,F9,1.0
F9,IAD,LAS,F9,1.0
F9,IAD,MCO,F9,1.0
F9,IAD,MIA,F9,1.0
F9,IAD,SJU,F9,1.0
F9,IAD,TPA,F9,1.0
F9,IAH,ATL,F9,1.0
F9,IAH,BWI,F9,1.0
F9,IAH,CLT,F9,1.0
F9,IAH,CVG,F9,1.0
F9,IAH,DEN,F9,1.0
F9,IAH,DTW,F9,1.0
F9,IAH,FLL,F9,1.0
F9,IAH,LAS,F9,1.0
F9,IAH,LAX,F9,1.0
F9,IAH,MCO,F9,1.0
F9,IAH,MDW,F9,1.0
F9,IAH,MIA,F9,1.0
F9,IAH,ONT,F9,1.0
F9,IAH,ORD,F9,1.0
F9,IAH,PHL,F9,1.0
F9,IAH,PHX,F9,1.0
F9,IAH,RDU,F9,1.0
F9,IAH,TPA,F9,1.0
F9,IND,ATL,F9,1.0
F9,IND,DEN,F9,1.0
F9,IND,DFW,F9,1.0
F9,IND,MCO,F9,1.0
F9,IND,MIA,F9,1.0
F9,IND,RDU,F9,1.0
F9,IND,TPA,F9,1.0
F9,ISP,FLL,F9,1.0
F9,ISP,MCO,F9,1.0
F9,ISP,MYR,F9,1.0
F9,ISP,PBI,F9,1.0
F9,ISP,TPA,F9,1.0
F9,JAX,ATL,F9,1.0
F9,JAX,DFW,F9,1.0
F9,JAX,PHL,F9,1.0
F9,JAX,SJU,F9,1.0
F9,JFK,ATL,F9,1.0
F9,JFK,CVG,F9,1.0
F9,JFK,DEN,F9,1.0
F9,JFK,DFW,F9,1.0
F9,JFK,LAS,F9,1.0
F9,JFK,LAX,F9,1.0
F9,JFK,MCO,F9,1.0
F9,JFK,MIA,F9,1.0
F9,JFK,ORD,F9,1.0
F9,JFK,SJU,F9,1.0
F9,JFK,TPA,F9,1.0
F9,LAS,ATL,F9,1.0
F9,LAS,AUS,F9,1.0
F9,LAS,BUR,F9,1.0
F9,LAS,CLE,F9,1.0
F9,LAS,CVG,F9,1.0
F9,LAS,DEN,F9,1.0
F9,LAS,DFW,F9,1.0
F9,LAS,DTW,F9,1.0
F9,LAS,ELP,F9,1.0
F9,LAS,IAD,F9,1.0
F9,LAS,IAH,F9,1.0
F9,LAS,JFK,F9,1.0
F9,LAS,LAX,F9,1.0
F9,LAS,MCO,F9,1.0
F9,LAS,MDW,F9,1.0
F9,LAS,MIA,F9,1.0
F9,LAS,OKC,F9,1.0
F9,LAS,ONT,F9,1.0
F9,LAS,ORD,F9,1.0
F9,LAS,PAE,F9,1.0
F9,LAS,PDX,F9,1.0
F9,LAS,PHL,F9,1.0
F9,LAS,PHX,F9,1.0
F9,LAS,RDU,F9,1.0
F9,LAS,RNO,F9,1.0
F9,LAS,SAN,F9,1.0
F9,LAS,SAT,F9,1.0
F9,LAS,SEA,F9,1.0
F9,LAS,SFO,F9,1.0
F9,LAS,SJC,F9,1.0
F9,LAS,SLC,F9,1.0
F9,LAS,SMF,F9,1.0
F9,LAS,SNA,F9,1.0
F9,LAS,STL,F9,1.0
F9,LAS,TPA,F9,1.0
F9,LAS,TUS,F9,1.0
F9,LAX,ATL,F9,1.0
F9,LAX,DEN,F9,1.0
F9,LAX,DFW,F9,1.0
F9,LAX,IAH,F9,1.0
F9,LAX,JFK,F9,1.0
F9,LAX,LAS,F9,1.0
F9,LAX,MCO,F9,1.0
F9,LAX,ORD,F9,1.0
F9,LAX,PDX,F9,1.0
F9,LAX,PHL,F9,1.0
F9,LAX,PHX,F9,1.0
F9,LAX,SEA,F9,1.0
F9,LAX,SFO,F9,1.0
F9,LAX,SJC,F9,1.0
F9,LAX,SLC,F9,1.0
F9,LAX,SMF,F9,1.0
F9,LGA,ATL,F9,1.0
F9,LGA,CLE,F9,1.0
F9,LGA,CLT,F9,1.0
F9,LGA,CVG,F9,1.0
F9,LGA,DEN,F9,1.0
F9,LGA,DFW,F9,1.0
F9,LGA,MCO,F9,1.0
F9,LGA,MIA,F9,1.0
F9,LGA,RDU,F9,1.0
F9,LGA,SJU,F9,1.0
F9,LIT,DEN,F9,1.0
F9,MCI,ATL,F9,1.0
F9,MCI,DEN,F9,1.0
F9,MCI,PHX,F9,1.0
F9,MCI,TPA,F9,1.0
F9,MCO,ATL,F9,1.0
F9,MCO,AUS,F9,1.0
F9,MCO,BDL,F9,1.0
F9,MCO,BNA,F9,1.0
F9,MCO,BOS,F9,1.0
F9,MCO,BQN,F9,1.0
F9,MCO,BTV,F9,1.0
F9,MCO,BUF,F9,1.0
F9,MCO,BWI,F9,1.0
F9,MCO,CLE,F9,1.0
F9,MCO,CLT,F9,1.0
F9,MCO,CMH,F9,1.0
F9,MCO,CVG,F9,1.0
F9,MCO,DEN,F9,1.0
F9,MCO,DFW,F9,1.0
F9,MCO,DSM,F9,1.0
F9,MCO,DTW,F9,1.0
F9,MCO,EWR,F9,1.0
F9,MCO,GRR,F9,1.0
F9,MCO,IAD,F9,1.0
F9,MCO,IAH,F9,1.0
F9,MCO,IND,F9,1.0
F9,MCO,ISP,F9,1.0
F9,MCO,JFK,F9,1.0
F9,MCO,LAS,F9,1.0
F9,MCO,LAX,F9,1.0
F9,MCO,LGA,F9,1.0
F9,MCO,MDT,F9,1.0
F9,MCO,MDW,F9,1.0
F9,MCO,MKE,F9,1.0
F9,MCO,MSY,F9,1.0
F9,MCO,OKC,F9,1.0
F9,MCO,OMA,F9,1.0
F9,MCO,ORD,F9,1.0
F9,MCO,ORF,F9,1.0
F9,MCO,PHL,F9,1.0
F9,MCO,PHX,F9,1.0
F9,MCO,PIT,F9,1.0
F9,MCO,PSE,F9,1.0
F9,MCO,PWM,F9,1.0
F9,MCO,RDU,F9,1.0
F9,MCO,SAT,F9,1.0
F9,MCO,SFO,F9,1.0
F9,MCO,SJU,F9,1.0
F9,MCO,STL,F9,1.0
F9,MCO,SYR,F9,1.0
F9,MCO,TTN,F9,1.0
F9,MDT,MCO,F9,1.0
F9,MDW,ATL,F9,1.0
F9,MDW,BWI,F9,1.0
F9,MDW,DEN,F9,1.0
F9,MDW,DFW,F9,1.0
F9,MDW,EWR,F9,1.0
F9,MDW,IAH,F9,1.0
F9,MDW,LAS,F9,1.0
F9,MDW,MCO,F9,1.0
F9,MDW,MIA,F9,1.0
F9,MDW,PHL,F9,1.0
F9,MDW,PHX,F9,1.0
F9,MDW,TPA,F9,1.0
F9,MEM,ATL,F9,1.0
F9,MEM,DEN,F9,1.0
F9,MIA,ATL,F9,1.0
F9,MIA,AUS,F9,1.0
F9,MIA,BDL,F9,1.0
F9,MIA,BQN,F9,1.0
F9,MIA,BWI,F9,1.0
F9,MIA,CLE,F9,1.0
F9,MIA,CLT,F9,1.0
F9,MIA,CVG,F9,1.0
F9,MIA,DEN,F9,1.0
F9,MIA,DFW,F9,1.0
F9,MIA,DTW,F9,1.0
F9,MIA,IAD,F9,1.0
F9,MIA,IAH,F9,1.0
F9,MIA,IND,F9,1.0
F9,MIA,JFK,F9,1.0
F9,MIA,LAS,F9,1.0
F9,MIA,LGA,F9,1.0
F9,MIA,MDW,F9,1.0
F9,MIA,PHL,F9,1.0
F9,MIA,RDU,F9,1.0
F9,MIA,SJU,F9,1.0
F9,MKE,ATL,F9,1.0
F9,MKE,DEN,F9,1.0
F9,MKE,MCO,F9,1.0
F9,MKE,ORD,F9,1.0
F9,MSN,DEN,F9,1.0
F9,MSO,DEN,F9,1.0
F9,MSP,ATL,F9,1.0
F9,MSP,DEN,F9,1.0
F9,MSP,DFW,F9,1.0
F9,MSP,ORD,F9,1.0
F9,MSY,ATL,F9,1.0
F9,MSY,DEN,F9,1.0
F9,MSY,MCO,F9,1.0
F9,MSY,PHL,F9,1.0
F9,MYR,CLE,F9,1.0
F9,MYR,ISP,F9,1.0
F9,MYR,PHL,F9,1.0
F9,MYR,TTN,F9,1.0
F9,OKC,ATL,F9,1.0
F9,OKC,DEN,F9,1.0
F9,OKC,LAS,F9,1.0
F9,OKC,MCO,F9,1.0
F9,OMA,ATL,F9,1.0
F9,OMA,DEN,F9,1.0
F9,OMA,MCO,F9,1.0
F9,ONT,DEN,F9,1.0
F9,ONT,DFW,F9,1.0
F9,ONT,IAH,F9,1.0
F9,ONT,LAS,F9,1.0
F9,ONT,PDX,F9,1.0
F9,ONT,SEA,F9,1.0
F9,ONT,SFO,F9,1.0
F9,ONT,SLC,F9,1.0
F9,ORD,ATL,F9,1.0
F9,ORD,AUS,F9,1.0
F9,ORD,BNA,F9,1.0
F9,ORD,BWI,F9,1.0
F9,ORD,CLT,F9,1.0
F9,ORD,DEN,F9,1.0
F9,ORD,DFW,F9,1.0
F9,ORD,FLL,F9,1.0
F9,ORD,IAH,F9,1.0
F9,ORD,JFK,F9,1.0
F9,ORD,LAS,F9,1.0
F9,ORD,LAX,F9,1.0
F9,ORD,MCO,F9,1.0
F9,ORD,MSP,F9,1.0
F9,ORD,PHL,F9,1.0
F9,ORD,PHX,F9,1.0
F9,ORD,RDU,F9,1.0
F9,ORD,RSW,F9,1.0
F9,ORD,SAN,F9,1.0
F9,ORD,TPA,F9,1.0
F9,ORF,ATL,F9,1.0
F9,ORF,DFW,F9,1.0
F9,ORF,MCO,F9,1.0
F9,PAE,DEN,F9,1.0
F9,PAE,LAS,F9,1.0
F9,PAE,PHX,F9,1.0
F9,PBI,ATL,F9,1.0
F9,PBI,CLE,F9,1.0
F9,PBI,ISP,F9,1.0
F9,PBI,PHL,F9,1.0
F9,PDX,DEN,F9,1.0
F9,PDX,LAS,F9,1.0
F9,PDX,LAX,F9,1.0
F9,PDX,ONT,F9,1.0
F9,PDX,PHX,F9,1.0
F9,PDX,SFO,F9,1.0
F9,PDX,SLC,F9,1.0
F9,PHL,ATL,F9,1.0
F9,PHL,AUS,F9,1.0
F9,PHL,BNA,F9,1.0
F9,PHL,BOS,F9,1.0
F9,PHL,CHS,F9,1.0
F9,PHL,CLE,F9,1.0
F9,PHL,CLT,F9,1.0
F9,PHL,DEN,F9,1.0
F9,PHL,DFW,F9,1.0
F9,PHL,DTW,F9,1.0
F9,PHL,FLL,F9,1.0
F9,PHL,IAH,F9,1.0
F9,PHL,JAX,F9,1.0
F9,PHL,LAS,F9,1.0
F9,PHL,LAX,F9,1.0
F9,PHL,MCO,F9,1.0
F9,PHL,MDW,F9,1.0
F9,PHL,MIA,F9,1.0
F9,PHL,MSY,F9,1.0
F9,PHL,MYR,F9,1.0
F9,PHL,ORD,F9,1.0
F9,PHL,PBI,F9,1.0
F9,PHL,PIT,F9,1.0
F9,PHL,RDU,F9,1.0
F9,PHL,RSW,F9,1.0
F9,PHL,SAV,F9,1.0
F9,PHL,SJU,F9,1.0
F9,PHL,SRQ,F9,1.0
F9,PHL,TPA,F9,1.0
F9,PHX,ATL,F9,1.0
F9,PHX,AUS,F9,1.0
F9,PHX,CLE,F9,1.0
F9,PHX,CVG,F9,1.0
F9,PHX,DEN,F9,1.0
F9,PHX,DFW,F9,1.0
F9,PHX,DTW,F9,1.0
F9,PHX,GEG,F9,1.0
F9,PHX,IAH,F9,1.0
F9,PHX,LAS,F9,1.0
F9,PHX,LAX,F9,1.0
F9,PHX,MCI,F9,1.0
F9,PHX,MCO,F9,1.0
F9,PHX,MDW,F9,1.0
F9,PHX,ORD,F9,1.0
F9,PHX,PAE,F9,1.0
F9,PHX,PDX,F9,1.0
F9,PHX,RNO,F9,1.0
F9,PHX,SAN,F9,1.0
F9,PHX,SAT,F9,1.0
F9,PHX,SEA,F9,1.0
F9,PHX,SFO,F9,1.0
F9,PHX,SLC,F9,1.0
F9,PHX,SNA,F9,1.0
F9,PHX,STL,F9,1.0
F9,PIT,DEN,F9,1.0
F9,PIT,MCO,F9,1.0
F9,PIT,PHL,F9,1.0
F9,PNS,DEN,F9,1.0
F9,PSE,MCO,F9,1.0
F9,PSP,DEN,F9,1.0
F9,PWM,MCO,F9,1.0
F9,RDU,ATL,F9,1.0
F9,RDU,BOS,F9,1.0
F9,RDU,BUF,F9,1.0
F9,RDU,CLE,F9,1.0
F9,RDU,DCA,F9,1.0
F9,RDU,DEN,F9,1.0
F9,RDU,DFW,F9,1.0
F9,RDU,DTW,F9,1.0
F9,RDU,IAH,F9,1.0
F9,RDU,IND,F9,1.0
F9,RDU,LAS,F9,1.0
F9,RDU,LGA,F9,1.0
F9,RDU,MCO,F9,1.0
F9,RDU,MIA,F9,1.0
F9,RDU,ORD,F9,1.0
F9,RDU,PHL,F9,1.0
F9,RDU,SJU,F9,1.0
F9,RDU,TPA,F9,1.0
F9,RIC,ATL,F9,1.0
F9,RIC,DEN,F9,1.0
F9,RNO,DEN,F9,1.0
F9,RNO,LAS,F9,1.0
F9,RNO,PHX,F9,1.0
F9,RSW,ATL,F9,1.0
F9,RSW,BUF,F9,1.0
F9,RSW,CLE,F9,1.0
F9,RSW,CVG,F9,1.0
F9,RSW,DEN,F9,1.0
F9,RSW,DTW,F9,1.0
F9,RSW,GRR,F9,1.0
F9,RSW,ORD,F9,1.0
F9,RSW,PHL,F9,1.0
F9,SAN,AUS,F9,1.0
F9,SAN,DEN,F9,1.0
F9,SAN,DFW,F9,1.0
F9,SAN,LAS,F9,1.0
F9,SAN,ORD,F9,1.0
F9,SAN,PHX,F9,1.0
F9,SAN,SFO,F9,1.0
F9,SAN,SLC,F9,1.0
F9,SAT,ATL,F9,1.0
F9,SAT,DEN,F9,1.0
F9,SAT,LAS,F9,1.0
F9,SAT,MCO,F9,1.0
F9,SAT,PHX,F9,1.0
F9,SAV,PHL,F9,1.0
F9,SEA,DEN,F9,1.0
F9,SEA,DFW,F9,1.0
F9,SEA,LAS,F9,1.0
F9,SEA,LAX,F9,1.0
F9,SEA,ONT,F9,1.0
F9,SEA,PHX,F9,1.0
F9,SEA,SLC,F9,1.0
F9,SFO,ATL,F9,1.0
F9,SFO,DEN,F9,1.0
F9,SFO,DFW,F9,1.0
F9,SFO,LAS,F9,1.0
F9,SFO,LAX,F9,1.0
F9,SFO,MCO,F9,1.0
F9,SFO,ONT,F9,1.0
F9,SFO,PDX,F9,1.0
F9,SFO,PHX,F9,1.0
F9,SFO,SAN,F9,1.0
F9,SFO,SLC,F9,1.0
F9,SFO,SNA,F9,1.0
F9,SJC,DEN,F9,1.0
F9,SJC,LAS,F9,1.0
F9,SJC,LAX,F9,1.0
F9,SJU,ATL,F9,1.0
F9,SJU,BDL,F9,1.0
F9,SJU,BOS,F9,1.0
F9,SJU,BWI,F9,1.0
F9,SJU,CLE,F9,1.0
F9,SJU,CLT,F9,1.0
F9,SJU,DFW,F9,1.0
F9,SJU,EWR,F9,1.0
F9,SJU,FLL,F9,1.0
F9,SJU,IAD,F9,1.0
F9,SJU,JAX,F9,1.0
F9,SJU,JFK,F9,1.0
F9,SJU,LGA,F9,1.0
F9,SJU,MCO,F9,1.0
F9,SJU,MIA,F9,1.0
F9,SJU,PHL,F9,1.0
F9,SJU,RDU,F9,1.0
F9,SJU,STT,F9,1.0
F9,SJU,STX,F9,1.0
F9,SJU,TPA,F9,1.0
F9,SLC,DEN,F9,1.0
F9,SLC,DFW,F9,1.0
F9,SLC,LAS,F9,1.0
F9,SLC,LAX,F9,1.0
F9,SLC,ONT,F9,1.0
F9,SLC,PDX,F9,1.0
F9,SLC,PHX,F9,1.0
F9,SLC,SAN,F9,1.0
F9,SLC,SEA,F9,1.0
F9,SLC,SFO,F9,1.0
F9,SLC,SNA,F9,1.0
F9,SLC,TUS,F9,1.0
F9,SMF,DEN,F9,1.0
F9,SMF,LAS,F9,1.0
F9,SMF,LAX,F9,1.0
F9,SNA,DEN,F9,1.0
F9,SNA,LAS,F9,1.0
F9,SNA,PHX,F9,1.0
F9,SNA,SFO,F9,1.0
F9,SNA,SLC,F9,1.0
F9,SRQ,CLE,F9,1.0
F9,SRQ,PHL,F9,1.0
F9,STL,ATL,F9,1.0
F9,STL,DEN,F9,1.0
F9,STL,DFW,F9,1.0
F9,STL,LAS,F9,1.0
F9,STL,MCO,F9,1.0
F9,STL,PHX,F9,1.0
F9,STL,TPA,F9,1.0
F9,STT,SJU,F9,1.0
F9,STX,SJU,F9,1.0
F9,SYR,ATL,F9,1.0
F9,SYR,MCO,F9,1.0
F9,TPA,ATL,F9,1.0
F9,TPA,BOS,F9,1.0
F9,TPA,BUF,F9,1.0
F9,TPA,BWI,F9,1.0
F9,TPA,CLE,F9,1.0
F9,TPA,CLT,F9,1.0
F9,TPA,CVG,F9,1.0
F9,TPA,DEN,F9,1.0
F9,TPA,DFW,F9,1.0
F9,TPA,DTW,F9,1.0
F9,TPA,IAD,F9,1.0
F9,TPA,IAH,F9,1.0
F9,TPA,IND,F9,1.0
F9,TPA,ISP,F9,1.0
F9,TPA,JFK,F9,1.0
F9,TPA,LAS,F9,1.0
F9,TPA,MCI,F9,1.0
F9,TPA,MDW,F9,1.0
F9,TPA,ORD,F9,1.0
F9,TPA,PHL,F9,1.0
F9,TPA,RDU,F9,1.0
F9,TPA,SJU,F9,1.0
F9,TPA,STL,F9,1.0
F9,TPA,TTN,F9,1.0
F9,TTN,ATL,F9,1.0
F9,TTN,MCO,F9,1.0
F9,TTN,MYR,F9,1.0
F9,TTN,TPA,F9,1.0
F9,TUL,DEN,F9,1.0
F9,TUS,DEN,F9,1.0
F9,TUS,DFW,F9,1.0
F9,TUS,LAS,F9,1.0
F9,TUS,SLC,F9,1.0
F9,TYS,DEN,F9,1.0
F9,XNA,DEN,F9,1.0
G4,ABE,BNA,G4,1.0
G4,ABE,DEN,G4,1.0
G4,ABE,FLL,G4,1.0
G4,ABE,MCO,G4,1.0
G4,ABE,MLB,G4,1.0
G4,ABE,MYR,G4,1.0
G4,ABE,PGD,G4,1.0
G4,ABE,PIE,G4,1.0
G4,ABE,RSW,G4,1.0
G4,ABE,SFB,G4,1.0
G4,ABE,SRQ,G4,1.0
G4,ACY,FLL,G4,1.0
G4,ACY,SFB,G4,1.0
G4,ALB,BNA,G4,1.0
G4,ALB,MYR,G4,1.0
G4,ALB,PGD,G4,1.0
G4,ALB,PIE,G4,1.0
G4,ALB,SFB,G4,1.0
G4,ALB,SRQ,G4,1.0
G4,ATW,AZA,G4,1.0
G4,ATW,BNA,G4,1.0
G4,ATW,DEN,G4,1.0
G4,ATW,EWR,G4,1.0
G4,ATW,FLL,G4,1.0
G4,ATW,GUF,G4,1.0
G4,ATW,LAS,G4,1.0
G4,ATW,MCO,G4,1.0
G4,ATW,PDX,G4,1.0
G4,ATW,PGD,G4,1.0
G4,ATW,PIE,G4,1.0
G4,ATW,RSW,G4,1.0
G4,ATW,SAV,G4,1.0
G4,ATW,SFB,G4,1.0
G4,ATW,SRQ,G4,1.0
G4,AUS,AVL,G4,1.0
G4,AUS,CVG,G4,1.0
G4,AUS,DSM,G4,1.0
G4,AUS,GRR,G4,1.0
G4,AUS,IAD,G4,1.0
G4,AUS,IND,G4,1.0
G4,AUS,LAS,G4,1.0
G4,AUS,PIT,G4,1.0
G4,AUS,PVU,G4,1.0
G4,AUS,SFB,G4,1.0
G4,AUS,SRQ,G4,1.0
G4,AUS,TYS,G4,1.0
G4,AVL,AUS,G4,1.0
G4,AVL,BOS,G4,1.0
G4,AVL,DEN,G4,1.0
G4,AVL,EWR,G4,1.0
G4,AVL,EYW,G4,1.0
G4,AVL,FLL,G4,1.0
G4,AVL,HOU,G4,1.0
G4,AVL,IAD,G4,1.0
G4,AVL,LAS,G4,1.0
G4,AVL,MCO,G4,1.0
G4,AVL,MDW,G4,1.0
G4,AVL,MSP,G4,1.0
G4,AVL,PBI,G4,1.0
G4,AVL,PGD,G4,1.0
G4,AVL,PHX,G4,1.0
G4,AVL,PIE,G4,1.0
G4,AVL,SFB,G4,1.0
G4,AVL,SRQ,G4,1.0
G4,AVL,VPS,G4,1.0
G4,AZA,ATW,G4,1.0
G4,AZA,BIL,G4,1.0
G4,AZA,BIS,G4,1.0
G4,AZA,BLI,G4,1.0
G4,AZA,BOI,G4,1.0
G4,AZA,BZN,G4,1.0
G4,AZA,CID,G4,1.0
G4,AZA,COS,G4,1.0
G4,AZA,CVG,G4,1.0
G4,AZA,DSM,G4,1.0
G4,AZA,EUG,G4,1.0
G4,AZA,FAR,G4,1.0
G4,AZA,FCA,G4,1.0
G4,AZA,FNT,G4,1.0
G4,AZA,FSD,G4,1.0
G4,AZA,FWA,G4,1.0
G4,AZA,GEG,G4,1.0
G4,AZA,GFK,G4,1.0
G4,AZA,GRI,G4,1.0
G4,AZA,GRR,G4,1.0
G4,AZA,GTF,G4,1.0
G4,AZA,ICT,G4,1.0
G4,AZA,IDA,G4,1.0
G4,AZA,LAS,G4,1.0
G4,AZA,MLI,G4,1.0
G4,AZA,MOT,G4,1.0
G4,AZA,MSO,G4,1.0
G4,AZA,OMA,G4,1.0
G4,AZA,PDX,G4,1.0
G4,AZA,PIA,G4,1.0
G4,AZA,PSC,G4,1.0
G4,AZA,PVU,G4,1.0
G4,AZA,RAP,G4,1.0
G4,AZA,RFD,G4,1.0
G4,AZA,SBN,G4,1.0
G4,AZA,SGF,G4,1.0
G4,AZA,STC,G4,1.0
G4,AZA,TVC,G4,1.0
G4,AZA,XNA,G4,1.0
G4,BGR,FLL,G4,1.0
G4,BGR,PGD,G4,1.0
G4,BGR,PIE,G4,1.0
G4,BGR,SFB,G4,1.0
G4,BIL,AZA,G4,1.0
G4,BIL,LAS,G4,1.0
G4,BIS,AZA,G4,1.0
G4,BIS,LAS,G4,1.0
G4,BLI,AZA,G4,1.0
G4,BLI,LAS,G4,1.0
G4,BLI,LAX,G4,1.0
G4,BLI,OAK,G4,1.0
G4,BLI,PSP,G4,1.0
G4,BLI,SAN,G4,1.0
G4,BLV,FLL,G4,1.0
G4,BLV,GUF,G4,1.0
G4,BLV,JAX,G4,1.0
G4,BLV,LAS,G4,1.0
G4,BLV,MYR,G4,1.0
G4,BLV,PGD,G4,1.0
G4,BLV,PIE,G4,1.0
G4,BLV,SAV,G4,1.0
G4,BLV,SFB,G4,1.0
G4,BLV,SRQ,G4,1.0
G4,BLV,TYS,G4,1.0
G4,BLV,VPS,G4,1.0
G4,BMI,PIE,G4,1.0
G4,BMI,SFB,G4,1.0
G4,BNA,ABE,G4,1.0
G4,BNA,ALB,G4,1.0
G4,BNA,ATW,G4,1.0
G4,BNA,BZN,G4,1.0
G4,BNA,CAK,G4,1.0
G4,BNA,CID,G4,1.0
G4,BNA,DSM,G4,1.0
G4,BNA,FAR,G4,1.0
G4,BNA,FLL,G4,1.0
G4,BNA,FNT,G4,1.0
G4,BNA,FSD,G4,1.0
G4,BNA,GRR,G4,1.0
G4,BNA,GUF,G4,1.0
G4,BNA,IAD,G4,1.0
G4,BNA,JAX,G4,1.0
G4,BNA,MDT,G4,1.0
G4,BNA,PGD,G4,1.0
G4,BNA,PIA,G4,1.0
G4,BNA,PIE,G4,1.0
G4,BNA,PIT,G4,1.0
G4,BNA,PVU,G4,1.0
G4,BNA,RFD,G4,1.0
G4,BNA,RIC,G4,1.0
G4,BNA,SFB,G4,1.0
G4,BNA,SHV,G4,1.0
G4,BNA,SRQ,G4,1.0
G4,BNA,SYR,G4,1.0
G4,BNA,XNA,G4,1.0
G4,BOI,AZA,G4,1.0
G4,BOI,LAS,G4,1.0
G4,BOI,SNA,G4,1.0
G4,BOS,AVL,G4,1.0
G4,BOS,DSM,G4,1.0
G4,BOS,GRR,G4,1.0
G4,BOS,IND,G4,1.0
G4,BOS,ORF,G4,1.0
G4,BOS,SAV,G4,1.0
G4,BOS,SRQ,G4,1.0
G4,BOS,TYS,G4,1.0
G4,BOS,VPS,G4,1.0
G4,BZN,AZA,G4,1.0
G4,BZN,BNA,G4,1.0
G4,BZN,LAS,G4,1.0
G4,CAE,FLL,G4,1.0
G4,CAE,SFB,G4,1.0
G4,CAK,BNA,G4,1.0
G4,CAK,FLL,G4,1.0
G4,CAK,JAX,G4,1.0
G4,CAK,MYR,G4,1.0
G4,CAK,PGD,G4,1.0
G4,CAK,PIE,G4,1.0
G4,CAK,SAV,G4,1.0
G4,CAK,SFB,G4,1.0
G4,CAK,SRQ,G4,1.0
G4,CAK,VPS,G4,1.0
G4,CHA,LAS,G4,1.0
G4,CHA,PGD,G4,1.0
G4,CHA,PIE,G4,1.0
G4,CHA,SFB,G4,1.0
G4,CHS,CVG,G4,1.0
G4,CHS,IND,G4,1.0
G4,CHS,LCK,G4,1.0
G4,CID,AZA,G4,1.0
G4,CID,BNA,G4,1.0
G4,CID,FLL,G4,1.0
G4,CID,LAS,G4,1.0
G4,CID,LAX,G4,1.0
G4,CID,PGD,G4,1.0
G4,CID,PIE,G4,1.0
G4,CID,SFB,G4,1.0
G4,CID,SRQ,G4,1.0
G4,CKB,MYR,G4,1.0
G4,CKB,PIE,G4,1.0
G4,CKB,SFB,G4,1.0
G4,CKB,VPS,G4,1.0
G4,COS,AZA,G4,1.0
G4,COS,PIE,G4,1.0
G4,COS,SNA,G4,1.0
G4,CVG,AUS,G4,1.0
G4,CVG,AZA,G4,1.0
G4,CVG,CHS,G4,1.0
G4,CVG,DEN,G4,1.0
G4,CVG,EWR,G4,1.0
G4,CVG,EYW,G4,1.0
G4,CVG,FLL,G4,1.0
G4,CVG,GUF,G4,1.0
G4,CVG,JAX,G4,1.0
G4,CVG,LAS,G4,1.0
G4,CVG,LAX,G4,1.0
G4,CVG,MLB,G4,1.0
G4,CVG,MSY,G4,1.0
G4,CVG,MYR,G4,1.0
G4,CVG,ORF,G4,1.0
G4,CVG,PBI,G4,1.0
G4,CVG,PDX,G4,1.0
G4,CVG,PGD,G4,1.0
G4,CVG,PIE,G4,1.0
G4,CVG,SAV,G4,1.0
G4,CVG,SFB,G4,1.0
G4,CVG,SRQ,G4,1.0
G4,CVG,VPS,G4,1.0
G4,DAY,PGD,G4,1.0
G4,DAY,PIE,G4,1.0
G4,DAY,SFB,G4,1.0
G4,DEN,ABE,G4,1.0
G4,DEN,ATW,G4,1.0
G4,DEN,AVL,G4,1.0
G4,DEN,CVG,G4,1.0
G4,DEN,IDA,G4,1.0
G4,DEN,PIA,G4,1.0
G4,DEN,SCK,G4,1.0
G4,DEN,TYS,G4,1.0
G4,DSM,AUS,G4,1.0
G4,DSM,AZA,G4,1.0
G4,DSM,BNA,G4,1.0
G4,DSM,BOS,G4,1.0
G4,DSM,EWR,G4,1.0
G4,DSM,FLL,G4,1.0
G4,DSM,GUF,G4,1.0
G4,DSM,HOU,G4,1.0
G4,DSM,JAX,G4,1.0
G4,DSM,LAS,G4,1.0
G4,DSM,PDX,G4,1.0
G4,DSM,PGD,G4,1.0
G4,DSM,PIE,G4,1.0
G4,DSM,RSW,G4,1.0
G4,DSM,SAN,G4,1.0
G4,DSM,SFB,G4,1.0
G4,DSM,SNA,G4,1.0
G4,DSM,SRQ,G4,1.0
G4,DSM,VPS,G4,1.0
G4,ELM,PGD,G4,1.0
G4,ELM,PIE,G4,1.0
G4,ELM,SFB,G4,1.0
G4,EUG,AZA,G4,1.0
G4,EUG,LAS,G4,1.0
G4,EUG,SNA,G4,1.0
G4,EVV,PIE,G4,1.0
G4,EVV,SFB,G4,1.0
G4,EVV,VPS,G4,1.0
G4,EWR,ATW,G4,1.0
G4,EWR,AVL,G4,1.0
G4,EWR,CVG,G4,1.0
G4,EWR,DSM,G4,1.0
G4,EWR,FNT,G4,1.0
G4,EWR,GRR,G4,1.0
G4,EWR,TYS,G4,1.0
G4,EWR,VPS,G4,1.0
G4,EYW,AVL,G4,1.0
G4,EYW,CVG,G4,1.0
G4,EYW,IND,G4,1.0
G4,EYW,PIE,G4,1.0
G4,EYW,PIT,G4,1.0
G4,EYW,SFB,G4,1.0
G4,EYW,TYS,G4,1.0
G4,FAR,AZA,G4,1.0
G4,FAR,BNA,G4,1.0
G4,FAR,LAS,G4,1.0
G4,FAR,PIE,G4,1.0
G4,FAR,SFB,G4,1.0
G4,FAT,LAS,G4,1.0
G4,FAT,PDX,G4,1.0
G4,FCA,AZA,G4,1.0
G4,FCA,LAS,G4,1.0
G4,FCA,OAK,G4,1.0
G4,FLL,ABE,G4,1.0
G4,FLL,ACY,G4,1.0
G4,FLL,ATW,G4,1.0
G4,FLL,AVL,G4,1.0
G4,FLL,BGR,G4,1.0
G4,FLL,BLV,G4,1.0
G4,FLL,BNA,G4,1.0
G4,FLL,CAE,G4,1.0
G4,FLL,CAK,G4,1.0
G4,FLL,CID,G4,1.0
G4,FLL,CVG,G4,1.0
G4,FLL,DSM,G4,1.0
G4,FLL,FSD,G4,1.0
G4,FLL,FWA,G4,1.0
G4,FLL,GRR,G4,1.0
G4,FLL,GSP,G4,1.0
G4,FLL,HSV,G4,1.0
G4,FLL,HTS,G4,1.0
G4,FLL,IND,G4,1.0
G4,FLL,LCK,G4,1.0
G4,FLL,LEX,G4,1.0
G4,FLL,MDT,G4,1.0
G4,FLL,MEM,G4,1.0
G4,FLL,ORF,G4,1.0
G4,FLL,PBG,G4,1.0
G4,FLL,SAV,G4,1.0
G4,FLL,SBN,G4,1.0
G4,FLL,SDF,G4,1.0
G4,FLL,SWF,G4,1.0
G4,FLL,SYR,G4,1.0
G4,FLL,TVC,G4,1.0
G4,FLL,TYS,G4,1.0
G4,FLL,USA,G4,1.0
G4,FLL,XNA,G4,1.0
G4,FNT,AZA,G4,1.0
G4,FNT,BNA,G4,1.0
G4,FNT,EWR,G4,1.0
G4,FNT,JAX,G4,1.0
G4,FNT,LAS,G4,1.0
G4,FNT,PDX,G4,1.0
G4,FNT,PGD,G4,1.0
G4,FNT,PIE,G4,1.0
G4,FNT,SFB,G4,1.0
G4,FNT,SRQ,G4,1.0
G4,FNT,VPS,G4,1.0
G4,FSD,AZA,G4,1.0
G4,FSD,BNA,G4,1.0
G4,FSD,FLL,G4,1.0
G4,FSD,LAS,G4,1.0
G4,FSD,LAX,G4,1.0
G4,FSD,PGD,G4,1.0
G4,FSD,PIE,G4,1.0
G4,FSD,SFB,G4,1.0
G4,FWA,AZA,G4,1.0
G4,FWA,FLL,G4,1.0
G4,FWA,LAS,G4,1.0
G4,FWA,MYR,G4,1.0
G4,FWA,PGD,G4,1.0
G4,FWA,PIE,G4,1.0
G4,FWA,SFB,G4,1.0
G4,FWA,SRQ,G4,1.0
G4,GEG,AZA,G4,1.0
G4,GEG,LAS,G4,1.0
G4,GEG,LAX,G4,1.0
G4,GEG,SNA,G4,1.0
G4,GFK,AZA,G4,1.0
G4,GFK,LAS,G4,1.0
G4,GRI,AZA,G4,1.0
G4,GRI,LAS,G4,1.0
G4,GRR,AUS,G4,1.0
G4,GRR,AZA,G4,1.0
G4,GRR,BNA,G4,1.0
G4,GRR,BOS,G4,1.0
G4,GRR,EWR,G4,1.0
G4,GRR,FLL,G4,1.0
G4,GRR,JAX,G4,1.0
G4,GRR,LAS,G4,1.0
G4,GRR,LAX,G4,1.0
G4,GRR,MYR,G4,1.0
G4,GRR,PBI,G4,1.0
G4,GRR,PDX,G4,1.0
G4,GRR,PGD,G4,1.0
G4,GRR,PIE,G4,1.0
G4,GRR,SAV,G4,1.0
G4,GRR,SFB,G4,1.0
G4,GRR,SRQ,G4,1.0
G4,GRR,VPS,G4,1.0
G4,GSO,PIE,G4,1.0
G4,GSP,FLL,G4,1.0
G4,GSP,PIE,G4,1.0
G4,GSP,SFB,G4,1.0
G4,GSP,SRQ,G4,1.0
G4,GTF,AZA,G4,1.0
G4,GTF,LAS,G4,1.0
G4,GUF,ATW,G4,1.0
G4,GUF,BLV,G4,1.0
G4,GUF,BNA,G4,1.0
G4,GUF,CVG,G4,1.0
G4,GUF,DSM,G4,1.0
G4,GUF,HOU,G4,1.0
G4,GUF,MCI,G4,1.0
G4,GUF,TYS,G4,1.0
G4,GUF,XNA,G4,1.0
G4,HGR,MYR,G4,1.0
G4,HGR,PIE,G4,1.0
G4,HGR,SFB,G4,1.0
G4,HOU,AVL,G4,1.0
G4,HOU,DSM,G4,1.0
G4,HOU,GUF,G4,1.0
G4,HOU,PVU,G4,1.0
G4,HOU,TYS,G4,1.0
G4,HSV,FLL,G4,1.0
G4,HTS,FLL,G4,1.0
G4,HTS,MYR,G4,1.0
G4,HTS,PGD,G4,1.0
G4,HTS,PIE,G4,1.0
G4,HTS,SFB,G4,1.0
G4,HTS,VPS,G4,1.0
G4,IAD,AUS,G4,1.0
G4,IAD,AVL,G4,1.0
G4,IAD,BNA,G4,1.0
G4,IAD,JAX,G4,1.0
G4,IAD,PGD,G4,1.0
G4,IAD,SAV,G4,1.0
G4,IAD,SRQ,G4,1.0
G4,IAD,TYS,G4,1.0
G4,IAD,VPS,G4,1.0
G4,IAG,MYR,G4,1.0
G4,IAG,PGD,G4,1.0
G4,IAG,PIE,G4,1.0
G4,IAG,SFB,G4,1.0
G4,ICT,AZA,G4,1.0
G4,ICT,LAS,G4,1.0
G4,ICT,LAX,G4,1.0
G4,ICT,PIE,G4,1.0
G4,ICT,SFB,G4,1.0
G4,ICT,VPS,G4,1.0
G4,IDA,AZA,G4,1.0
G4,IDA,DEN,G4,1.0
G4,IDA,LAS,G4,1.0
G4,IDA,OAK,G4,1.0
G4,IDA,PDX,G4,1.0
G4,IDA,SNA,G4,1.0
G4,IND,AUS,G4,1.0
G4,IND,BOS,G4,1.0
G4,IND,CHS,G4,1.0
G4,IND,EYW,G4,1.0
G4,IND,FLL,G4,1.0
G4,IND,JAX,G4,1.0
G4,IND,LAS,G4,1.0
G4,IND,LAX,G4,1.0
G4,IND,MYR,G4,1.0
G4,IND,PDX,G4,1.0
G4,IND,PGD,G4,1.0
G4,IND,PIE,G4,1.0
G4,IND,SAV,G4,1.0
G4,IND,SFB,G4,1.0
G4,IND,SRQ,G4,1.0
G4,IND,VPS,G4,1.0
G4,JAX,BLV,G4,1.0
G4,JAX,BNA,G4,1.0
G4,JAX,CAK,G4,1.0
G4,JAX,CVG,G4,1.0
G4,JAX,DSM,G4,1.0
G4,JAX,FNT,G4,1.0
G4,JAX,GRR,G4,1.0
G4,JAX,IAD,G4,1.0
G4,JAX,IND,G4,1.0
G4,JAX,MDT,G4,1.0
G4,JAX,ORF,G4,1.0
G4,JAX,PIT,G4,1.0
G4,JAX,TYS,G4,1.0
G4,LAS,ATW,G4,1.0
G4,LAS,AUS,G4,1.0
G4,LAS,AVL,G4,1.0
G4,LAS,AZA,G4,1.0
G4,LAS,BIL,G4,1.0
G4,LAS,BIS,G4,1.0
G4,LAS,BLI,G4,1.0
G4,LAS,BLV,G4,1.0
G4,LAS,BOI,G4,1.0
G4,LAS,BZN,G4,1.0
G4,LAS,CHA,G4,1.0
G4,LAS,CID,G4,1.0
G4,LAS,CVG,G4,1.0
G4,LAS,DSM,G4,1.0
G4,LAS,EUG,G4,1.0
G4,LAS,FAR,G4,1.0
G4,LAS,FAT,G4,1.0
G4,LAS,FCA,G4,1.0
G4,LAS,FNT,G4,1.0
G4,LAS,FSD,G4,1.0
G4,LAS,FWA,G4,1.0
G4,LAS,GEG,G4,1.0
G4,LAS,GFK,G4,1.0
G4,LAS,GRI,G4,1.0
G4,LAS,GRR,G4,1.0
G4,LAS,GTF,G4,1.0
G4,LAS,ICT,G4,1.0
G4,LAS,IDA,G4,1.0
G4,LAS,IND,G4,1.0
G4,LAS,LEX,G4,1.0
G4,LAS,LRD,G4,1.0
G4,LAS,MEM,G4,1.0
G4,LAS,MFE,G4,1.0
G4,LAS,MFR,G4,1.0
G4,LAS,MLI,G4,1.0
G4,LAS,MOT,G4,1.0
G4,LAS,MRY,G4,1.0
G4,LAS,MSO,G4,1.0
G4,LAS,OKC,G4,1.0
G4,LAS,OMA,G4,1.0
G4,LAS,PIA,G4,1.0
G4,LAS,PSC,G4,1.0
G4,LAS,RAP,G4,1.0
G4,LAS,RFD,G4,1.0
G4,LAS,SBN,G4,1.0
G4,LAS,SCK,G4,1.0
G4,LAS,SGF,G4,1.0
G4,LAS,SHV,G4,1.0
G4,LAS,SMX,G4,1.0
G4,LAS,TUL,G4,1.0
G4,LAS,TYS,G4,1.0
G4,LAS,VPS,G4,1.0
G4,LAS,XNA,G4,1.0
G4,LAX,BLI,G4,1.0
G4,LAX,CID,G4,1.0
G4,LAX,CVG,G4,1.0
G4,LAX,FSD,G4,1.0
G4,LAX,GEG,G4,1.0
G4,LAX,GRR,G4,1.0
G4,LAX,ICT,G4,1.0
G4,LAX,IND,G4,1.0
G4,LAX,LIT,G4,1.0
G4,LAX,MFE,G4,1.0
G4,LAX,OMA,G4,1.0
G4,LAX,SGF,G4,1.0
G4,LAX,TUL,G4,1.0
G4,LAX,XNA,G4,1.0
G4,LCK,CHS,G4,1.0
G4,LCK,FLL,G4,1.0
G4,LCK,MYR,G4,1.0
G4,LCK,PGD,G4,1.0
G4,LCK,PIE,G4,1.0
G4,LCK,SAV,G4,1.0
G4,LCK,SFB,G4,1.0
G4,LCK,SRQ,G4,1.0
G4,LCK,VPS,G4,1.0
G4,LEX,FLL,G4,1.0
G4,LEX,LAS,G4,1.0
G4,LEX,MYR,G4,1.0
G4,LEX,PGD,G4,1.0
G4,LEX,PIE,G4,1.0
G4,LEX,SFB,G4,1.0
G4,LEX,SRQ,G4,1.0
G4,LEX,VPS,G4,1.0
G4,LIT,LAX,G4,1.0
G4,LIT,PIE,G4,1.0
G4,LIT,SFB,G4,1.0
G4,LIT,VPS,G4,1.0
G4,LRD,LAS,G4,1.0
G4,MCI,GUF,G4,1.0
G4,MCI,PGD,G4,1.0
G4,MCI,PIE,G4,1.0
G4,MCI,VPS,G4,1.0
G4,MCO,ABE,G4,1.0
G4,MCO,ATW,G4,1.0
G4,MCO,AVL,G4,1.0
G4,MCO,TYS,G4,1.0
G4,MDT,BNA,G4,1.0
G4,MDT,FLL,G4,1.0
G4,MDT,JAX,G4,1.0
G4,MDT,MYR,G4,1.0
G4,MDT,PGD,G4,1.0
G4,MDT,PIE,G4,1.0
G4,MDT,SFB,G4,1.0
G4,MDT,SRQ,G4,1.0
G4,MDW,AVL,G4,1.0
G4,MDW,PGD,G4,1.0
G4,MDW,PVU,G4,1.0
G4,MDW,SAV,G4,1.0
G4,MDW,TYS,G4,1.0
G4,MDW,VPS,G4,1.0
G4,MEM,FLL,G4,1.0
G4,MEM,LAS,G4,1.0
G4,MEM,PIE,G4,1.0
G4,MEM,SFB,G4,1.0
G4,MEM,VPS,G4,1.0
G4,MFE,LAS,G4,1.0
G4,MFE,LAX,G4,1.0
G4,MFE,SFB,G4,1.0
G4,MFR,LAS,G4,1.0
G4,MFR,SAN,G4,1.0
G4,MFR,SNA,G4,1.0
G4,MLB,ABE,G4,1.0
G4,MLB,CVG,G4,1.0
G4,MLB,PIT,G4,1.0
G4,MLI,AZA,G4,1.0
G4,MLI,LAS,G4,1.0
G4,MLI,PGD,G4,1.0
G4,MLI,PIE,G4,1.0
G4,MLI,SFB,G4,1.0
G4,MOT,AZA,G4,1.0
G4,MOT,LAS,G4,1.0
G4,MRY,LAS,G4,1.0
G4,MSO,AZA,G4,1.0
G4,MSO,LAS,G4,1.0
G4,MSO,OAK,G4,1.0
G4,MSO,SNA,G4,1.0
G4,MSP,AVL,G4,1.0
G4,MSP,TYS,G4,1.0
G4,MSY,CVG,G4,1.0
G4,MSY,PGD,G4,1.0
G4,MYR,ABE,G4,1.0
G4,MYR,ALB,G4,1.0
G4,MYR,BLV,G4,1.0
G4,MYR,CAK,G4,1.0
G4,MYR,CKB,G4,1.0
G4,MYR,CVG,G4,1.0
G4,MYR,FWA,G4,1.0
G4,MYR,GRR,G4,1.0
G4,MYR,HGR,G4,1.0
G4,MYR,HTS,G4,1.0
G4,MYR,IAG,G4,1.0
G4,MYR,IND,G4,1.0
G4,MYR,LCK,G4,1.0
G4,MYR,LEX,G4,1.0
G4,MYR,MDT,G4,1.0
G4,MYR,PBG,G4,1.0
G4,MYR,PIT,G4,1.0
G4,MYR,SDF,G4,1.0
G4,MYR,SWF,G4,1.0
G4,MYR,SYR,G4,1.0
G4,OAK,BLI,G4,1.0
G4,OAK,FCA,G4,1.0
G4,OAK,IDA,G4,1.0
G4,OAK,MSO,G4,1.0
G4,OKC,LAS,G4,1.0
G4,OKC,SFB,G4,1.0
G4,OKC,VPS,G4,1.0
G4,OMA,AZA,G4,1.0
G4,OMA,LAS,G4,1.0
G4,OMA,LAX,G4,1.0
G4,OMA,PGD,G4,1.0
G4,OMA,PIE,G4,1.0
G4,OMA,SFB,G4,1.0
G4,OMA,SRQ,G4,1.0
G4,OMA,VPS,G4,1.0
G4,ORF,BOS,G4,1.0
G4,ORF,CVG,G4,1.0
G4,ORF,FLL,G4,1.0
G4,ORF,JAX,G4,1.0
G4,ORF,PIE,G4,1.0
G4,ORF,SFB,G4,1.0
G4,PBG,FLL,G4,1.0
G4,PBG,MYR,G4,1.0
G4,PBG,PIE,G4,1.0
G4,PBG,SFB,G4,1.0
G4,PBI,AVL,G4,1.0
G4,PBI,CVG,G4,1.0
G4,PBI,GRR,G4,1.0
G4,PBI,PIT,G4,1.0
G4,PDX,ATW,G4,1.0
G4,PDX,AZA,G4,1.0
G4,PDX,CVG,G4,1.0
G4,PDX,DSM,G4,1.0
G4,PDX,FAT,G4,1.0
G4,PDX,FNT,G4,1.0
G4,PDX,GRR,G4,1.0
G4,PDX,IDA,G4,1.0
G4,PDX,IND,G4,1.0
G4,PDX,PVU,G4,1.0
G4,PGD,ABE,G4,1.0
G4,PGD,ALB,G4,1.0
G4,PGD,ATW,G4,1.0
G4,PGD,AVL,G4,1.0
G4,PGD,BGR,G4,1.0
G4,PGD,BLV,G4,1.0
G4,PGD,BNA,G4,1.0
G4,PGD,CAK,G4,1.0
G4,PGD,CHA,G4,1.0
G4,PGD,CID,G4,1.0
G4,PGD,CVG,G4,1.0
G4,PGD,DAY,G4,1.0
G4,PGD,DSM,G4,1.0
G4,PGD,ELM,G4,1.0
G4,PGD,FNT,G4,1.0
G4,PGD,FSD,G4,1.0
G4,PGD,FWA,G4,1.0
G4,PGD,GRR,G4,1.0
G4,PGD,HTS,G4,1.0
G4,PGD,IAD,G4,1.0
G4,PGD,IAG,G4,1.0
G4,PGD,IND,G4,1.0
G4,PGD,LCK,G4,1.0
G4,PGD,LEX,G4,1.0
G4,PGD,MCI,G4,1.0
G4,PGD,MDT,G4,1.0
G4,PGD,MDW,G4,1.0
G4,PGD,MLI,G4,1.0
G4,PGD,MSY,G4,1.0
G4,PGD,OMA,G4,1.0
G4,PGD,PIA,G4,1.0
G4,PGD,PIT,G4,1.0
G4,PGD,PSM,G4,1.0
G4,PGD,PVD,G4,1.0
G4,PGD,RFD,G4,1.0
G4,PGD,ROC,G4,1.0
G4,PGD,SBN,G4,1.0
G4,PGD,SDF,G4,1.0
G4,PGD,SGF,G4,1.0
G4,PGD,SPI,G4,1.0
G4,PGD,STC,G4,1.0
G4,PGD,SWF,G4,1.0
G4,PGD,SYR,G4,1.0
G4,PGD,TOL,G4,1.0
G4,PGD,TVC,G4,1.0
G4,PGD,TYS,G4,1.0
G4,PGD,USA,G4,1.0
G4,PHX,AVL,G4,1.0
G4,PHX,PIT,G4,1.0
G4,PHX,SCK,G4,1.0
G4,PHX,TYS,G4,1.0
G4,PIA,AZA,G4,1.0
G4,PIA,BNA,G4,1.0
G4,PIA,DEN,G4,1.0
G4,PIA,LAS,G4,1.0
G4,PIA,PGD,G4,1.0
G4,PIA,PIE,G4,1.0
G4,PIA,SFB,G4,1.0
G4,PIA,SRQ,G4,1.0
G4,PIA,VPS,G4,1.0
G4,PIE,ABE,G4,1.0
G4,PIE,ALB,G4,1.0
G4,PIE,ATW,G4,1.0
G4,PIE,AVL,G4,1.0
G4,PIE,BGR,G4,1.0
G4,PIE,BLV,G4,1.0
G4,PIE,BMI,G4,1.0
G4,PIE,BNA,G4,1.0
G4,PIE,CAK,G4,1.0
G4,PIE,CHA,G4,1.0
G4,PIE,CID,G4,1.0
G4,PIE,CKB,G4,1.0
G4,PIE,COS,G4,1.0
G4,PIE,CVG,G4,1.0
G4,PIE,DAY,G4,1.0
G4,PIE,DSM,G4,1.0
G4,PIE,ELM,G4,1.0
G4,PIE,EVV,G4,1.0
G4,PIE,EYW,G4,1.0
G4,PIE,FAR,G4,1.0
G4,PIE,FNT,G4,1.0
G4,PIE,FSD,G4,1.0
G4,PIE,FWA,G4,1.0
G4,PIE,GRR,G4,1.0
G4,PIE,GSO,G4,1.0
G4,PIE,GSP,G4,1.0
G4,PIE,HGR,G4,1.0
G4,PIE,HTS,G4,1.0
G4,PIE,IAG,G4,1.0
G4,PIE,ICT,G4,1.0
G4,PIE,IND,G4,1.0
G4,PIE,LCK,G4,1.0
G4,PIE,LEX,G4,1.0
G4,PIE,LIT,G4,1.0
G4,PIE,MCI,G4,1.0
G4,PIE,MDT,G4,1.0
G4,PIE,MEM,G4,1.0
G4,PIE,MLI,G4,1.0
G4,PIE,OMA,G4,1.0
G4,PIE,ORF,G4,1.0
G4,PIE,PBG,G4,1.0
G4,PIE,PIA,G4,1.0
G4,PIE,PIT,G4,1.0
G4,PIE,PSM,G4,1.0
G4,PIE,RFD,G4,1.0
G4,PIE,RIC,G4,1.0
G4,PIE,ROA,G4,1.0
G4,PIE,SBN,G4,1.0
G4,PIE,SDF,G4,1.0
G4,PIE,SGF,G4,1.0
G4,PIE,SWF,G4,1.0
G4,PIE,SYR,G4,1.0
G4,PIE,TOL,G4,1.0
G4,PIE,TRI,G4,1.0
G4,PIE,TUL,G4,1.0
G4,PIE,TVC,G4,1.0
G4,PIE,TYS,G4,1.0
G4,PIE,USA,G4,1.0
G4,PIE,XNA,G4,1.0
G4,PIT,AUS,G4,1.0
G4,PIT,BNA,G4,1.0
G4,PIT,EYW,G4,1.0
G4,PIT,JAX,G4,1.0
G4,PIT,MLB,G4,1.0
G4,PIT,MYR,G4,1.0
G4,PIT,PBI,G4,1.0
G4,PIT,PGD,G4,1.0
G4,PIT,PHX,G4,1.0
G4,PIT,PIE,G4,1.0
G4,PIT,SAV,G4,1.0
G4,PIT,SFB,G4,1.0
G4,PIT,SRQ,G4,1.0
G4,PIT,VPS,G4,1.0
G4,PSC,AZA,G4,1.0
G4,PSC,LAS,G4,1.0
G4,PSM,PGD,G4,1.0
G4,PSM,PIE,G4,1.0
G4,PSM,SFB,G4,1.0
G4,PSP,BLI,G4,1.0
G4,PVD,PGD,G4,1.0
G4,PVU,AUS,G4,1.0
G4,PVU,AZA,G4,1.0
G4,PVU,BNA,G4,1.0
G4,PVU,HOU,G4,1.0
G4,PVU,MDW,G4,1.0
G4,PVU,PDX,G4,1.0
G4,PVU,SAN,G4,1.0
G4,PVU,SFB,G4,1.0
G4,PVU,SNA,G4,1.0
G4,RAP,AZA,G4,1.0
G4,RAP,LAS,G4,1.0
G4,RAP,SFB,G4,1.0
G4,RFD,AZA,G4,1.0
G4,RFD,BNA,G4,1.0
G4,RFD,LAS,G4,1.0
G4,RFD,PGD,G4,1.0
G4,RFD,PIE,G4,1.0
G4,RFD,SFB,G4,1.0
G4,RFD,SRQ,G4,1.0
G4,RIC,BNA,G4,1.0
G4,RIC,PIE,G4,1.0
G4,RIC,SFB,G4,1.0
G4,ROA,PIE,G4,1.0
G4,ROA,SFB,G4,1.0
G4,ROA,SRQ,G4,1.0
G4,ROC,PGD,G4,1.0
G4,RSW,ABE,G4,1.0
G4,RSW,ATW,G4,1.0
G4,RSW,DSM,G4,1.0
G4,SAN,BLI,G4,1.0
G4,SAN,DSM,G4,1.0
G4,SAN,MFR,G4,1.0
G4,SAN,PVU,G4,1.0
G4,SAV,ATW,G4,1.0
G4,SAV,BLV,G4,1.0
G4,SAV,BOS,G4,1.0
G4,SAV,CAK,G4,1.0
G4,SAV,CVG,G4,1.0
G4,SAV,FLL,G4,1.0
G4,SAV,GRR,G4,1.0
G4,SAV,IAD,G4,1.0
G4,SAV,IND,G4,1.0
G4,SAV,LCK,G4,1.0
G4,SAV,MDW,G4,1.0
G4,SAV,PIT,G4,1.0
G4,SAV,SDF,G4,1.0
G4,SBN,AZA,G4,1.0
G4,SBN,FLL,G4,1.0
G4,SBN,LAS,G4,1.0
G4,SBN,PGD,G4,1.0
G4,SBN,PIE,G4,1.0
G4,SBN,SFB,G4,1.0
G4,SBN,SRQ,G4,1.0
G4,SBN,TYS,G4,1.0
G4,SCK,DEN,G4,1.0
G4,SCK,LAS,G4,1.0
G4,SCK,PHX,G4,1.0
G4,SDF,FLL,G4,1.0
G4,SDF,MYR,G4,1.0
G4,SDF,PGD,G4,1.0
G4,SDF,PIE,G4,1.0
G4,SDF,SAV,G4,1.0
G4,SDF,SFB,G4,1.0
G4,SDF,SRQ,G4,1.0
G4,SDF,VPS,G4,1.0
G4,SFB,ABE,G4,1.0
G4,SFB,ACY,G4,1.0
G4,SFB,ALB,G4,1.0
G4,SFB,ATW,G4,1.0
G4,SFB,AUS,G4,1.0
G4,SFB,AVL,G4,1.0
G4,SFB,BGR,G4,1.0
G4,SFB,BLV,G4,1.0
G4,SFB,BMI,G4,1.0
G4,SFB,BNA,G4,1.0
G4,SFB,CAE,G4,1.0
G4,SFB,CAK,G4,1.0
G4,SFB,CHA,G4,1.0
G4,SFB,CID,G4,1.0
G4,SFB,CKB,G4,1.0
G4,SFB,CVG,G4,1.0
G4,SFB,DAY,G4,1.0
G4,SFB,DSM,G4,1.0
G4,SFB,ELM,G4,1.0
G4,SFB,EVV,G4,1.0
G4,SFB,EYW,G4,1.0
G4,SFB,FAR,G4,1.0
G4,SFB,FNT,G4,1.0
G4,SFB,FSD,G4,1.0
G4,SFB,FWA,G4,1.0
G4,SFB,GRR,G4,1.0
G4,SFB,GSP,G4,1.0
G4,SFB,HGR,G4,1.0
G4,SFB,HTS,G4,1.0
G4,SFB,IAG,G4,1.0
G4,SFB,ICT,G4,1.0
G4,SFB,IND,G4,1.0
G4,SFB,LCK,G4,1.0
G4,SFB,LEX,G4,1.0
G4,SFB,LIT,G4,1.0
G4,SFB,MDT,G4,1.0
G4,SFB,MEM,G4,1.0
G4,SFB,MFE,G4,1.0
G4,SFB,MLI,G4,1.0
G4,SFB,OKC,G4,1.0
G4,SFB,OMA,G4,1.0
G4,SFB,ORF,G4,1.0
G4,SFB,PBG,G4,1.0
G4,SFB,PIA,G4,1.0
G4,SFB,PIT,G4,1.0
G4,SFB,PSM,G4,1.0
G4,SFB,PVU,G4,1.0
G4,SFB,RAP,G4,1.0
G4,SFB,RFD,G4,1.0
G4,SFB,RIC,G4,1.0
G4,SFB,ROA,G4,1.0
G4,SFB,SBN,G4,1.0
G4,SFB,SDF,G4,1.0
G4,SFB,SGF,G4,1.0
G4,SFB,SHV,G4,1.0
G4,SFB,SWF,G4,1.0
G4,SFB,SYR,G4,1.0
G4,SFB,TOL,G4,1.0
G4,SFB,TRI,G4,1.0
G4,SFB,TUL,G4,1.0
G4,SFB,TVC,G4,1.0
G4,SFB,TYS,G4,1.0
G4,SFB,USA,G4,1.0
G4,SFB,XNA,G4,1.0
G4,SGF,AZA,G4,1.0
G4,SGF,LAS,G4,1.0
G4,SGF,LAX,G4,1.0
G4,SGF,PGD,G4,1.0
G4,SGF,PIE,G4,1.0
G4,SGF,SFB,G4,1.0
G4,SGF,VPS,G4,1.0
G4,SHV,BNA,G4,1.0
G4,SHV,LAS,G4,1.0
G4,SHV,SFB,G4,1.0
G4,SHV,VPS,G4,1.0
G4,SMX,LAS,G4,1.0
G4,SNA,BOI,G4,1.0
G4,SNA,COS,G4,1.0
G4,SNA,DSM,G4,1.0
G4,SNA,EUG,G4,1.0
G4,SNA,GEG,G4,1.0
G4,SNA,IDA,G4,1.0
G4,SNA,MFR,G4,1.0
G4,SNA,MSO,G4,1.0
G4,SNA,PVU,G4,1.0
G4,SPI,PGD,G4,1.0
G4,SRQ,ABE,G4,1.0
G4,SRQ,ALB,G4,1.0
G4,SRQ,ATW,G4,1.0
G4,SRQ,AUS,G4,1.0
G4,SRQ,AVL,G4,1.0
G4,SRQ,BLV,G4,1.0
G4,SRQ,BNA,G4,1.0
G4,SRQ,BOS,G4,1.0
G4,SRQ,CAK,G4,1.0
G4,SRQ,CID,G4,1.0
G4,SRQ,CVG,G4,1.0
G4,SRQ,DSM,G4,1.0
G4,SRQ,FNT,G4,1.0
G4,SRQ,FWA,G4,1.0
G4,SRQ,GRR,G4,1.0
G4,SRQ,GSP,G4,1.0
G4,SRQ,IAD,G4,1.0
G4,SRQ,IND,G4,1.0
G4,SRQ,LCK,G4,1.0
G4,SRQ,LEX,G4,1.0
G4,SRQ,MDT,G4,1.0
G4,SRQ,OMA,G4,1.0
G4,SRQ,PIA,G4,1.0
G4,SRQ,PIT,G4,1.0
G4,SRQ,RFD,G4,1.0
G4,SRQ,ROA,G4,1.0
G4,SRQ,SBN,G4,1.0
G4,SRQ,SDF,G4,1.0
G4,SRQ,SYR,G4,1.0
G4,SRQ,TOL,G4,1.0
G4,SRQ,TYS,G4,1.0
G4,STC,AZA,G4,1.0
G4,STC,PGD,G4,1.0
G4,SWF,FLL,G4,1.0
G4,SWF,MYR,G4,1.0
G4,SWF,PGD,G4,1.0
G4,SWF,PIE,G4,1.0
G4,SWF,SFB,G4,1.0
G4,SYR,BNA,G4,1.0
G4,SYR,FLL,G4,1.0
G4,SYR,MYR,G4,1.0
G4,SYR,PGD,G4,1.0
G4,SYR,PIE,G4,1.0
G4,SYR,SFB,G4,1.0
G4,SYR,SRQ,G4,1.0
G4,TOL,PGD,G4,1.0
G4,TOL,PIE,G4,1.0
G4,TOL,SFB,G4,1.0
G4,TOL,SRQ,G4,1.0
G4,TRI,PIE,G4,1.0
G4,TRI,SFB,G4,1.0
G4,TUL,LAS,G4,1.0
G4,TUL,LAX,G4,1.0
G4,TUL,PIE,G4,1.0
G4,TUL,SFB,G4,1.0
G4,TUL,VPS,G4,1.0
G4,TVC,AZA,G4,1.0
G4,TVC,FLL,G4,1.0
G4,TVC,PGD,G4,1.0
G4,TVC,PIE,G4,1.0
G4,TVC,SFB,G4,1.0
G4,TYS,AUS,G4,1.0
G4,TYS,BLV,G4,1.0
G4,TYS,BOS,G4,1.0
G4,TYS,DEN,G4,1.0
G4,TYS,EWR,G4,1.0
G4,TYS,EYW,G4,1.0
G4,TYS,FLL,G4,1.0
G4,TYS,GUF,G4,1.0
G4,TYS,HOU,G4,1.0
G4,TYS,IAD,G4,1.0
G4,TYS,JAX,G4,1.0
G4,TYS,LAS,G4,1.0
G4,TYS,MCO,G4,1.0
G4,TYS,MDW,G4,1.0
G4,TYS,MSP,G4,1.0
G4,TYS,PGD,G4,1.0
G4,TYS,PHX,G4,1.0
G4,TYS,PIE,G4,1.0
G4,TYS,SBN,G4,1.0
G4,TYS,SFB,G4,1.0
G4,TYS,SRQ,G4,1.0
G4,TYS,VPS,G4,1.0
G4,USA,FLL,G4,1.0
G4,USA,PGD,G4,1.0
G4,USA,PIE,G4,1.0
G4,USA,SFB,G4,1.0
G4,VPS,AVL,G4,1.0
G4,VPS,BLV,G4,1.0
G4,VPS,BOS,G4,1.0
G4,VPS,CAK,G4,1.0
G4,VPS,CKB,G4,1.0
G4,VPS,CVG,G4,1.0
G4,VPS,DSM,G4,1.0
G4,VPS,EVV,G4,1.0
G4,VPS,EWR,G4,1.0
G4,VPS,FNT,G4,1.0
G4,VPS,GRR,G4,1.0
G4,VPS,HTS,G4,1.0
G4,VPS,IAD,G4,1.0
G4,VPS,ICT,G4,1.0
G4,VPS,IND,G4,1.0
G4,VPS,LAS,G4,1.0
G4,VPS,LCK,G4,1.0
G4,VPS,LEX,G4,1.0
G4,VPS,LIT,G4,1.0
G4,VPS,MCI,G4,1.0
G4,VPS,MDW,G4,1.0
G4,VPS,MEM,G4,1.0
G4,VPS,OKC,G4,1.0
G4,VPS,OMA,G4,1.0
G4,VPS,PIA,G4,1.0
G4,VPS,PIT,G4,1.0
G4,VPS,SDF,G4,1.0
G4,VPS,SGF,G4,1.0
G4,VPS,SHV,G4,1.0
G4,VPS,TUL,G4,1.0
G4,VPS,TYS,G4,1.0
G4,VPS,XNA,G4,1.0
G4,XNA,AZA,G4,1.0
G4,XNA,BNA,G4,1.0
G4,XNA,FLL,G4,1.0
G4,XNA,GUF,G4,1.0
G4,XNA,LAS,G4,1.0
G4,XNA,LAX,G4,1.0
G4,XNA,PIE,G4,1.0
G4,XNA,SFB,G4,1.0
G4,XNA,VPS,G4,1.0
G7,ABE,ORD,UA,1.0
G7,ACK,EWR,UA,1.0
G7,ATW,ORD,UA,1.0
G7,AVL,EWR,UA,1.0
G7,AVL,ORD,UA,1.0
G7,AVP,ORD,UA,1.0
G7,BGR,EWR,UA,1.0
G7,BHM,ORD,UA,1.0
G7,BTV,EWR,UA,1.0
G7,BTV,IAD,UA,1.0
G7,BUF,EWR,UA,1.0
G7,BUF,ORD,UA,1.0
G7,CAE,EWR,UA,1.0
G7,CAE,IAD,UA,1.0
G7,CAE,ORD,UA,1.0
G7,CHA,EWR,UA,1.0
G7,CHA,ORD,UA,1.0
G7,CID,ORD,UA,1.0
G7,CLE,EWR,UA,1.0
G7,CLE,IAD,UA,1.0
G7,CLT,IAD,UA,1.0
G7,CMH,EWR,UA,1.0
G7,CMH,IAD,UA,1.0
G7,CMH,ORD,UA,1.0
G7,CVG,EWR,UA,1.0
G7,CVG,IAD,UA,1.0
G7,CVG,ORD,UA,1.0
G7,DAY,IAD,UA,1.0
G7,DAY,ORD,UA,1.0
G7,DCA,EWR,UA,1.0
G7,DSM,ORD,UA,1.0
G7,DTW,EWR,UA,1.0
G7,DTW,IAD,UA,1.0
G7,DTW,ORD,UA,1.0
G7,EWR,ACK,UA,1.0
G7,EWR,AVL,UA,1.0
G7,EWR,BGR,UA,1.0
G7,EWR,BTV,UA,1.0
G7,EWR,BUF,UA,1.0
G7,EWR,CAE,UA,1.0
G7,EWR,CHA,UA,1.0
G7,EWR,CLE,UA,1.0
G7,EWR,CMH,UA,1.0
G7,EWR,CVG,UA,1.0
G7,EWR,DCA,UA,1.0
G7,EWR,DTW,UA,1.0
G7,EWR,GSO,UA,1.0
G7,EWR,GSP,UA,1.0
G7,EWR,IAD,UA,1.0
G7,EWR,ILM,UA,1.0
G7,EWR,ORF,UA,1.0
G7,EWR,PIT,UA,1.0
G7,EWR,PWM,UA,1.0
G7,EWR,RIC,UA,1.0
G7,EWR,ROC,UA,1.0
G7,EWR,SDF,UA,1.0
G7,EWR,SYR,UA,1.0
G7,EWR,TVC,UA,1.0
G7,FAR,ORD,UA,1.0
G7,FSD,ORD,UA,1.0
G7,GRB,ORD,UA,1.0
G7,GRR,ORD,UA,1.0
G7,GSO,EWR,UA,1.0
G7,GSO,ORD,UA,1.0
G7,GSP,EWR,UA,1.0
G7,GSP,IAD,UA,1.0
G7,GSP,ORD,UA,1.0
G7,HSV,ORD,UA,1.0
G7,IAD,BTV,UA,1.0
G7,IAD,BUF,UA,1.0
G7,IAD,CAE,UA,1.0
G7,IAD,CLE,UA,1.0
G7,IAD,CLT,UA,1.0
G7,IAD,CMH,UA,1.0
G7,IAD,CVG,UA,1.0
G7,IAD,DAY,UA,1.0
G7,IAD,DTW,UA,1.0
G7,IAD,EWR,UA,1.0
G7,IAD,GSP,UA,1.0
G7,IAD,ORF,UA,1.0
G7,IAD,PHL,UA,1.0
G7,IAD,PIT,UA,1.0
G7,IAD,PVD,UA,1.0
G7,IAD,PWM,UA,1.0
G7,IAD,RDU,UA,1.0
G7,IAD,RIC,UA,1.0
G7,IAD,ROC,UA,1.0
G7,IAD,SAV,UA,1.0
G7,IAD,STL,UA,1.0
G7,IAD,SYR,UA,1.0
G7,ICT,ORD,UA,1.0
G7,ILM,EWR,UA,1.0
G7,IND,ORD,UA,1.0
G7,LEX,ORD,UA,1.0
G7,LIT,ORD,UA,1.0
G7,LNK,ORD,UA,1.0
G7,MDT,ORD,UA,1.0
G7,MEM,ORD,UA,1.0
G7,MLI,ORD,UA,1.0
G7,MSN,ORD,UA,1.0
G7,ORD,ABE,UA,1.0
G7,ORD,ATW,UA,1.0
G7,ORD,AVL,UA,1.0
G7,ORD,AVP,UA,1.0
G7,ORD,BHM,UA,1.0
G7,ORD,BUF,UA,1.0
G7,ORD,CAE,UA,1.0
G7,ORD,CHA,UA,1.0
G7,ORD,CID,UA,1.0
G7,ORD,CMH,UA,1.0
G7,ORD,CVG,UA,1.0
G7,ORD,DAY,UA,1.0
G7,ORD,DSM,UA,1.0
G7,ORD,DTW,UA,1.0
G7,ORD,FAR,UA,1.0
G7,ORD,FSD,UA,1.0
G7,ORD,GRB,UA,1.0
G7,ORD,GRR,UA,1.0
G7,ORD,GSO,UA,1.0
G7,ORD,GSP,UA,1.0
G7,ORD,HSV,UA,1.0
G7,ORD,ICT,UA,1.0
G7,ORD,IND,UA,1.0
G7,ORD,LEX,UA,1.0
G7,ORD,LIT,UA,1.0
G7,ORD,LNK,UA,1.0
G7,ORD,MDT,UA,1.0
G7,ORD,MEM,UA,1.0
G7,ORD,MLI,UA,1.0
G7,ORD,MSN,UA,1.0
G7,ORD,PIA,UA,1.0
G7,ORD,PIT,UA,1.0
G7,ORD,RIC,UA,1.0
G7,ORD,ROA,UA,1.0
G7,ORD,ROC,UA,1.0
G7,ORD,SCE,UA,1.0
G7,ORD,SDF,UA,1.0
G7,ORD,SGF,UA,1.0
G7,ORD,STL,UA,1.0
G7,ORD,SYR,UA,1.0
G7,ORD,TUL,UA,1.0
G7,ORD,TVC,UA,1.0
G7,ORD,TYS,UA,1.0
G7,ORD,XNA,UA,1.0
G7,ORF,EWR,UA,1.0
G7,ORF,IAD,UA,1.0
G7,PHL,IAD,UA,1.0
G7,PIA,ORD,UA,1.0
G7,PIT,EWR,UA,1.0
G7,PIT,IAD,UA,1.0
G7,PIT,ORD,UA,1.0
G7,PVD,IAD,UA,1.0
G7,PWM,EWR,UA,1.0
G7,PWM,IAD,UA,1.0
G7,RDU,IAD,UA,1.0
G7,RIC,EWR,UA,1.0
G7,RIC,IAD,UA,1.0
G7,RIC,ORD,UA,1.0
G7,ROA,ORD,UA,1.0
G7,ROC,EWR,UA,1.0
G7,ROC,IAD,UA,1.0
G7,ROC,ORD,UA,1.0
G7,SAV,IAD,UA,1.0
G7,SCE,ORD,UA,1.0
G7,SDF,EWR,UA,1.0
G7,SDF,ORD,UA,1.0
G7,SGF,ORD,UA,1.0
G7,STL,IAD,UA,1.0
G7,STL,ORD,UA,1.0
G7,SYR,EWR,UA,1.0
G7,SYR,IAD,UA,1.0
G7,SYR,ORD,UA,1.0
G7,TUL,ORD,UA,1.0
G7,TVC,EWR,UA,1.0
G7,TVC,ORD,UA,1.0
G7,TYS,ORD,UA,1.0
G7,XNA,ORD,UA,1.0
HA,ANC,SEA,HA,1.0
HA,BOS,HNL,HA,1.0
HA,HNL,BOS,HA,1.0
HA,HNL,ITO,HA,1.0
HA,HNL,JFK,HA,1.0
HA,HNL,KOA,HA,1.0
HA,HNL,LAS,HA,1.0
HA,HNL,LAX,HA,1.0
HA,HNL,LGB,HA,1.0
HA,HNL,LIH,HA,1.0
HA,HNL,OAK,HA,1.0
HA,HNL,OGG,HA,1.0
HA,HNL,PDX,HA,1.0
HA,HNL,PHX,HA,1.0
HA,HNL,PPG,HA,1.0
HA,HNL,SAN,HA,1.0
HA,HNL,SEA,HA,1.0
HA,HNL,SFO,HA,1.0
HA,HNL,SJC,HA,1.0
HA,HNL,SLC,HA,1.0
HA,HNL,SMF,HA,1.0
HA,ITO,HNL,HA,1.0
HA,ITO,OGG,HA,1.0
HA,JFK,HNL,HA,1.0
HA,KOA,HNL,HA,1.0
HA,KOA,LIH,HA,1.0
HA,KOA,OGG,HA,1.0
HA,KOA,SMF,HA,1.0
HA,LAS,HNL,HA,1.0
HA,LAS,OGG,HA,1.0
HA,LAX,HNL,HA,1.0
HA,LAX,LIH,HA,1.0
HA,LAX,OGG,HA,1.0
HA,LGB,HNL,HA,1.0
HA,LGB,OGG,HA,1.0
HA,LIH,HNL,HA,1.0
HA,LIH,KOA,HA,1.0
HA,LIH,LAX,HA,1.0
HA,LIH,OAK,HA,1.0
HA,LIH,OGG,HA,1.0
HA,LIH,SMF,HA,1.0
HA,OAK,HNL,HA,1.0
HA,OAK,LIH,HA,1.0
HA,OAK,OGG,HA,1.0
HA,OGG,HNL,HA,1.0
HA,OGG,ITO,HA,1.0
HA,OGG,KOA,HA,1.0
HA,OGG,LAS,HA,1.0
HA,OGG,LAX,HA,1.0
HA,OGG,LGB,HA,1.0
HA,OGG,LIH,HA,1.0
HA,OGG,OAK,HA,1.0
HA,OGG,SEA,HA,1.0
HA,OGG,SFO,HA,1.0
HA,OGG,SJC,HA,1.0
HA,OGG,SMF,HA,1.0
HA,PDX,HNL,HA,1.0
HA,PHX,HNL,HA,1.0
HA,PPG,HNL,HA,1.0
HA,SAN,HNL,HA,1.0
HA,SEA,ANC,HA,1.0
HA,SEA,HNL,HA,1.0
HA,SEA,OGG,HA,1.0
HA,SFO,HNL,HA,1.0
HA,SFO,OGG,HA,1.0
HA,SJC,HNL,HA,1.0
HA,SJC,OGG,HA,1.0
HA,SLC,HNL,HA,1.0
HA,SMF,HNL,HA,1.0
HA,SMF,KOA,HA,1.0
HA,SMF,LIH,HA,1.0
HA,SMF,OGG,HA,1.0
MQ,ABI,DFW,AA,1.0
MQ,ABQ,DFW,AA,1.0
MQ,ABQ,ORD,AA,1.0
MQ,ABQ,PHX,AA,1.0
MQ,ACK,CLT,AA,1.0
MQ,ACT,DFW,AA,1.0
MQ,AEX,DFW,AA,1.0
MQ,AGS,DFW,AA,1.0
MQ,ALB,ORD,AA,1.0
MQ,ALO,ORD,AA,1.0
MQ,AMA,DFW,AA,1.0
MQ,ATL,CLT,AA,1.0
MQ,ATL,DCA,AA,1.0
MQ,ATL,DFW,AA,1.0
MQ,ATL,MIA,AA,1.0
MQ,ATL,ORD,AA,1.0
MQ,ATW,CLT,AA,1.0
MQ,ATW,DFW,AA,1.0
MQ,ATW,ORD,AA,1.0
MQ,AUS,DFW,AA,1.0
MQ,AUS,MIA,AA,1.0
MQ,AUS,ORD,AA,1.0
MQ,AVL,CLT,AA,1.0
MQ,AVL,DFW,AA,1.0
MQ,AVL,MIA,AA,1.0
MQ,AVL,ORD,AA,1.0
MQ,AVP,CLT,AA,1.0
MQ,AVP,ORD,AA,1.0
MQ,AZO,ORD,AA,1.0
MQ,BDL,DCA,AA,1.0
MQ,BDL,ORD,AA,1.0
MQ,BFL,PHX,AA,1.0
MQ,BGR,DCA,AA,1.0
MQ,BGR,ORD,AA,1.0
MQ,BHM,DFW,AA,1.0
MQ,BHM,MIA,AA,1.0
MQ,BHM,ORD,AA,1.0
MQ,BIL,DFW,AA,1.0
MQ,BIL,ORD,AA,1.0
MQ,BIL,PHX,AA,1.0
MQ,BIS,DFW,AA,1.0
MQ,BIS,ORD,AA,1.0
MQ,BMI,DFW,AA,1.0
MQ,BMI,ORD,AA,1.0
MQ,BNA,DCA,AA,1.0
MQ,BNA,DFW,AA,1.0
MQ,BNA,MIA,AA,1.0
MQ,BNA,ORD,AA,1.0
MQ,BNA,TPA,AA,1.0
MQ,BOI,ORD,AA,1.0
MQ,BOI,PHX,AA,1.0
MQ,BOS,CLT,AA,1.0
MQ,BOS,CMH,AA,1.0
MQ,BOS,CVG,AA,1.0
MQ,BOS,DCA,AA,1.0
MQ,BOS,ILM,AA,1.0
MQ,BOS,IND,AA,1.0
MQ,BOS,ORD,AA,1.0
MQ,BOS,STL,AA,1.0
MQ,BPT,DFW,AA,1.0
MQ,BRO,DFW,AA,1.0
MQ,BTR,DFW,AA,1.0
MQ,BUF,DCA,AA,1.0
MQ,BUF,ORD,AA,1.0
MQ,BUR,PHX,AA,1.0
MQ,BWI,DFW,AA,1.0
MQ,BWI,MIA,AA,1.0
MQ,BWI,ORD,AA,1.0
MQ,BZN,ORD,AA,1.0
MQ,CAE,DFW,AA,1.0
MQ,CHA,DFW,AA,1.0
MQ,CHA,ORD,AA,1.0
MQ,CHS,CLT,AA,1.0
MQ,CHS,DFW,AA,1.0
MQ,CHS,MIA,AA,1.0
MQ,CHS,ORD,AA,1.0
MQ,CID,DCA,AA,1.0
MQ,CID,DFW,AA,1.0
MQ,CID,MIA,AA,1.0
MQ,CID,ORD,AA,1.0
MQ,CID,PHX,AA,1.0
MQ,CLD,PHX,AA,1.0
MQ,CLE,CLT,AA,1.0
MQ,CLE,DCA,AA,1.0
MQ,CLE,DFW,AA,1.0
MQ,CLE,MIA,AA,1.0
MQ,CLE,ORD,AA,1.0
MQ,CLL,DFW,AA,1.0
MQ,CLT,ACK,AA,1.0
MQ,CLT,ATL,AA,1.0
MQ,CLT,ATW,AA,1.0
MQ,CLT,AVL,AA,1.0
MQ,CLT,AVP,AA,1.0
MQ,CLT,BOS,AA,1.0
MQ,CLT,CHS,AA,1.0
MQ,CLT,CMH,AA,1.0
MQ,CLT,CVG,AA,1.0
MQ,CLT,ECP,AA,1.0
MQ,CLT,EYW,AA,1.0
MQ,CLT,GSO,AA,1.0
MQ,CLT,HHH,AA,1.0
MQ,CLT,LIT,AA,1.0
MQ,CLT,MSY,AA,1.0
MQ,CLT,MVY,AA,1.0
MQ,CLT,MYR,AA,1.0
MQ,CLT,ORF,AA,1.0
MQ,CLT,PNS,AA,1.0
MQ,CLT,RAP,AA,1.0
MQ,CLT,RDU,AA,1.0
MQ,CLT,RIC,AA,1.0
MQ,CLT,ROC,AA,1.0
MQ,CLT,SGF,AA,1.0
MQ,CLT,SRQ,AA,1.0
MQ,CLT,TLH,AA,1.0
MQ,CLT,TYS,AA,1.0
MQ,CLT,XNA,AA,1.0
MQ,CMH,BOS,AA,1.0
MQ,CMH,CLT,AA,1.0
MQ,CMH,DCA,AA,1.0
MQ,CMH,DFW,AA,1.0
MQ,CMH,MIA,AA,1.0
MQ,CMH,ORD,AA,1.0
MQ,CMI,DFW,AA,1.0
MQ,CMI,ORD,AA,1.0
MQ,COS,DFW,AA,1.0
MQ,COU,DFW,AA,1.0
MQ,COU,ORD,AA,1.0
MQ,CRP,DFW,AA,1.0
MQ,CVG,BOS,AA,1.0
MQ,CVG,CLT,AA,1.0
MQ,CVG,DFW,AA,1.0
MQ,CVG,MIA,AA,1.0
MQ,CVG,ORD,AA,1.0
MQ,CWA,ORD,AA,1.0
MQ,DAY,ORD,AA,1.0
MQ,DCA,ATL,AA,1.0
MQ,DCA,BDL,AA,1.0
MQ,DCA,BGR,AA,1.0
MQ,DCA,BNA,AA,1.0
MQ,DCA,BOS,AA,1.0
MQ,DCA,BUF,AA,1.0
MQ,DCA,CID,AA,1.0
MQ,DCA,CLE,AA,1.0
MQ,DCA,CMH,AA,1.0
MQ,DCA,DSM,AA,1.0
MQ,DCA,ECP,AA,1.0
MQ,DCA,EYW,AA,1.0
MQ,DCA,GRR,AA,1.0
MQ,DCA,GSO,AA,1.0
MQ,DCA,GSP,AA,1.0
MQ,DCA,HHH,AA,1.0
MQ,DCA,HSV,AA,1.0
MQ,DCA,JAX,AA,1.0
MQ,DCA,LIT,AA,1.0
MQ,DCA,MCI,AA,1.0
MQ,DCA,MSP,AA,1.0
MQ,DCA,MYR,AA,1.0
MQ,DCA,ORD,AA,1.0
MQ,DCA,PIT,AA,1.0
MQ,DCA,PNS,AA,1.0
MQ,DCA,PVD,AA,1.0
MQ,DCA,PWM,AA,1.0
MQ,DCA,RDU,AA,1.0
MQ,DCA,SDF,AA,1.0
MQ,DCA,SYR,AA,1.0
MQ,DCA,TVC,AA,1.0
MQ,DCA,TYS,AA,1.0
MQ,DCA,XNA,AA,1.0
MQ,DEN,DFW,AA,1.0
MQ,DEN,ORD,AA,1.0
MQ,DEN,PHX,AA,1.0
MQ,DFW,ABI,AA,1.0
MQ,DFW,ABQ,AA,1.0
MQ,DFW,ACT,AA,1.0
MQ,DFW,AEX,AA,1.0
MQ,DFW,AGS,AA,1.0
MQ,DFW,AMA,AA,1.0
MQ,DFW,ATL,AA,1.0
MQ,DFW,ATW,AA,1.0
MQ,DFW,AUS,AA,1.0
MQ,DFW,AVL,AA,1.0
MQ,DFW,BHM,AA,1.0
MQ,DFW,BIL,AA,1.0
MQ,DFW,BIS,AA,1.0
MQ,DFW,BMI,AA,1.0
MQ,DFW,BNA,AA,1.0
MQ,DFW,BPT,AA,1.0
MQ,DFW,BRO,AA,1.0
MQ,DFW,BTR,AA,1.0
MQ,DFW,BWI,AA,1.0
MQ,DFW,CAE,AA,1.0
MQ,DFW,CHA,AA,1.0
MQ,DFW,CHS,AA,1.0
MQ,DFW,CID,AA,1.0
MQ,DFW,CLE,AA,1.0
MQ,DFW,CLL,AA,1.0
MQ,DFW,CMH,AA,1.0
MQ,DFW,CMI,AA,1.0
MQ,DFW,COS,AA,1.0
MQ,DFW,COU,AA,1.0
MQ,DFW,CRP,AA,1.0
MQ,DFW,CVG,AA,1.0
MQ,DFW,DEN,AA,1.0
MQ,DFW,DSM,AA,1.0
MQ,DFW,DTW,AA,1.0
MQ,DFW,ECP,AA,1.0
MQ,DFW,ELP,AA,1.0
MQ,DFW,EVV,AA,1.0
MQ,DFW,FAR,AA,1.0
MQ,DFW,FSD,AA,1.0
MQ,DFW,FSM,AA,1.0
MQ,DFW,FWA,AA,1.0
MQ,DFW,GCK,AA,1.0
MQ,DFW,GGG,AA,1.0
MQ,DFW,GJT,AA,1.0
MQ,DFW,GNV,AA,1.0
MQ,DFW,GPT,AA,1.0
MQ,DFW,GRK,AA,1.0
MQ,DFW,GRR,AA,1.0
MQ,DFW,GSO,AA,1.0
MQ,DFW,GSP,AA,1.0
MQ,DFW,HDN,AA,1.0
MQ,DFW,HOU,AA,1.0
MQ,DFW,HRL,AA,1.0
MQ,DFW,HSV,AA,1.0
MQ,DFW,IAH,AA,1.0
MQ,DFW,ICT,AA,1.0
MQ,DFW,ILM,AA,1.0
MQ,DFW,IND,AA,1.0
MQ,DFW,JAN,AA,1.0
MQ,DFW,LBB,AA,1.0
MQ,DFW,LCH,AA,1.0
MQ,DFW,LEX,AA,1.0
MQ,DFW,LFT,AA,1.0
MQ,DFW,LIT,AA,1.0
MQ,DFW,LRD,AA,1.0
MQ,DFW,MAF,AA,1.0
MQ,DFW,MCI,AA,1.0
MQ,DFW,MCO,AA,1.0
MQ,DFW,MEM,AA,1.0
MQ,DFW,MFE,AA,1.0
MQ,DFW,MGM,AA,1.0
MQ,DFW,MHK,AA,1.0
MQ,DFW,MLI,AA,1.0
MQ,DFW,MLU,AA,1.0
MQ,DFW,MOB,AA,1.0
MQ,DFW,MSN,AA,1.0
MQ,DFW,MSO,AA,1.0
MQ,DFW,MSY,AA,1.0
MQ,DFW,OKC,AA,1.0
MQ,DFW,OMA,AA,1.0
MQ,DFW,ORD,AA,1.0
MQ,DFW,ORF,AA,1.0
MQ,DFW,PHX,AA,1.0
MQ,DFW,PIA,AA,1.0
MQ,DFW,PIT,AA,1.0
MQ,DFW,PNS,AA,1.0
MQ,DFW,RAP,AA,1.0
MQ,DFW,RDU,AA,1.0
MQ,DFW,RIC,AA,1.0
MQ,DFW,ROW,AA,1.0
MQ,DFW,SAT,AA,1.0
MQ,DFW,SAV,AA,1.0
MQ,DFW,SBA,AA,1.0
MQ,DFW,SDF,AA,1.0
MQ,DFW,SGF,AA,1.0
MQ,DFW,SHV,AA,1.0
MQ,DFW,SLC,AA,1.0
MQ,DFW,SPS,AA,1.0
MQ,DFW,STL,AA,1.0
MQ,DFW,TLH,AA,1.0
MQ,DFW,TPA,AA,1.0
MQ,DFW,TRI,AA,1.0
MQ,DFW,TUL,AA,1.0
MQ,DFW,TUS,AA,1.0
MQ,DFW,TVC,AA,1.0
MQ,DFW,TXK,AA,1.0
MQ,DFW,TYR,AA,1.0
MQ,DFW,VPS,AA,1.0
MQ,DFW,XNA,AA,1.0
MQ,DFW,YUM,AA,1.0
MQ,DSM,DCA,AA,1.0
MQ,DSM,DFW,AA,1.0
MQ,DSM,MIA,AA,1.0
MQ,DSM,ORD,AA,1.0
MQ,DTW,DFW,AA,1.0
MQ,DTW,MIA,AA,1.0
MQ,DTW,ORD,AA,1.0
MQ,ECP,CLT,AA,1.0
MQ,ECP,DCA,AA,1.0
MQ,ECP,DFW,AA,1.0
MQ,ELP,DFW,AA,1.0
MQ,ELP,ORD,AA,1.0
MQ,ELP,PHX,AA,1.0
MQ,EVV,DFW,AA,1.0
MQ,EVV,ORD,AA,1.0
MQ,EWR,ORD,AA,1.0
MQ,EYW,CLT,AA,1.0
MQ,EYW,DCA,AA,1.0
MQ,EYW,MIA,AA,1.0
MQ,EYW,ORD,AA,1.0
MQ,FAR,DFW,AA,1.0
MQ,FAR,ORD,AA,1.0
MQ,FAR,PHX,AA,1.0
MQ,FSD,DFW,AA,1.0
MQ,FSD,ORD,AA,1.0
MQ,FSD,PHX,AA,1.0
MQ,FSM,DFW,AA,1.0
MQ,FWA,DFW,AA,1.0
MQ,FWA,ORD,AA,1.0
MQ,GCK,DFW,AA,1.0
MQ,GEG,PHX,AA,1.0
MQ,GGG,DFW,AA,1.0
MQ,GJT,DFW,AA,1.0
MQ,GNV,DFW,AA,1.0
MQ,GNV,MIA,AA,1.0
MQ,GPT,DFW,AA,1.0
MQ,GRB,ORD,AA,1.0
MQ,GRK,DFW,AA,1.0
MQ,GRR,DCA,AA,1.0
MQ,GRR,DFW,AA,1.0
MQ,GRR,MIA,AA,1.0
MQ,GRR,ORD,AA,1.0
MQ,GSO,CLT,AA,1.0
MQ,GSO,DCA,AA,1.0
MQ,GSO,DFW,AA,1.0
MQ,GSO,MIA,AA,1.0
MQ,GSO,ORD,AA,1.0
MQ,GSP,DCA,AA,1.0
MQ,GSP,DFW,AA,1.0
MQ,GSP,MIA,AA,1.0
MQ,GSP,ORD,AA,1.0
MQ,HDN,DFW,AA,1.0
MQ,HDN,ORD,AA,1.0
MQ,HHH,CLT,AA,1.0
MQ,HHH,DCA,AA,1.0
MQ,HHH,ORD,AA,1.0
MQ,HOU,DFW,AA,1.0
MQ,HPN,MIA,AA,1.0
MQ,HPN,ORD,AA,1.0
MQ,HRL,DFW,AA,1.0
MQ,HSV,DCA,AA,1.0
MQ,HSV,DFW,AA,1.0
MQ,HSV,MIA,AA,1.0
MQ,HSV,ORD,AA,1.0
MQ,IAH,DFW,AA,1.0
MQ,IAH,MIA,AA,1.0
MQ,IAH,ORD,AA,1.0
MQ,IAH,PHX,AA,1.0
MQ,ICT,DFW,AA,1.0
MQ,ICT,MIA,AA,1.0
MQ,ICT,ORD,AA,1.0
MQ,ILM,BOS,AA,1.0
MQ,ILM,DFW,AA,1.0
MQ,ILM,MIA,AA,1.0
MQ,ILM,ORD,AA,1.0
MQ,IND,BOS,AA,1.0
MQ,IND,DFW,AA,1.0
MQ,IND,MIA,AA,1.0
MQ,IND,ORD,AA,1.0
MQ,JAN,DFW,AA,1.0
MQ,JAX,DCA,AA,1.0
MQ,JAX,MIA,AA,1.0
MQ,JAX,ORD,AA,1.0
MQ,LAN,ORD,AA,1.0
MQ,LAS,PHX,AA,1.0
MQ,LBB,DFW,AA,1.0
MQ,LBB,PHX,AA,1.0
MQ,LCH,DFW,AA,1.0
MQ,LEX,DFW,AA,1.0
MQ,LEX,MIA,AA,1.0
MQ,LEX,ORD,AA,1.0
MQ,LFT,DFW,AA,1.0
MQ,LIT,CLT,AA,1.0
MQ,LIT,DCA,AA,1.0
MQ,LIT,DFW,AA,1.0
MQ,LIT,ORD,AA,1.0
MQ,LIT,PHX,AA,1.0
MQ,LRD,DFW,AA,1.0
MQ,LSE,ORD,AA,1.0
MQ,MAF,DFW,AA,1.0
MQ,MCI,DCA,AA,1.0
MQ,MCI,DFW,AA,1.0
MQ,MCI,MIA,AA,1.0
MQ,MCI,ORD,AA,1.0
MQ,MCI,PHX,AA,1.0
MQ,MCO,DFW,AA,1.0
MQ,MDT,MIA,AA,1.0
MQ,MDT,ORD,AA,1.0
MQ,MEM,DCA,AA,1.0
MQ,MEM,DFW,AA,1.0
MQ,MEM,ORD,AA,1.0
MQ,MEM,PHX,AA,1.0
MQ,MFE,DFW,AA,1.0
MQ,MFR,PHX,AA,1.0
MQ,MGM,DFW,AA,1.0
MQ,MHK,DFW,AA,1.0
MQ,MHK,ORD,AA,1.0
MQ,MHT,ORD,AA,1.0
MQ,MIA,ATL,AA,1.0
MQ,MIA,AUS,AA,1.0
MQ,MIA,AVL,AA,1.0
MQ,MIA,BHM,AA,1.0
MQ,MIA,BNA,AA,1.0
MQ,MIA,BWI,AA,1.0
MQ,MIA,CHS,AA,1.0
MQ,MIA,CID,AA,1.0
MQ,MIA,CLE,AA,1.0
MQ,MIA,CMH,AA,1.0
MQ,MIA,CVG,AA,1.0
MQ,MIA,DSM,AA,1.0
MQ,MIA,DTW,AA,1.0
MQ,MIA,EYW,AA,1.0
MQ,MIA,GNV,AA,1.0
MQ,MIA,GRR,AA,1.0
MQ,MIA,GSO,AA,1.0
MQ,MIA,GSP,AA,1.0
MQ,MIA,HPN,AA,1.0
MQ,MIA,HSV,AA,1.0
MQ,MIA,IAH,AA,1.0
MQ,MIA,ICT,AA,1.0
MQ,MIA,ILM,AA,1.0
MQ,MIA,IND,AA,1.0
MQ,MIA,JAX,AA,1.0
MQ,MIA,LEX,AA,1.0
MQ,MIA,MCI,AA,1.0
MQ,MIA,MDT,AA,1.0
MQ,MIA,MKE,AA,1.0
MQ,MIA,MSN,AA,1.0
MQ,MIA,MSY,AA,1.0
MQ,MIA,OKC,AA,1.0
MQ,MIA,ORF,AA,1.0
MQ,MIA,PNS,AA,1.0
MQ,MIA,RDU,AA,1.0
MQ,MIA,SAT,AA,1.0
MQ,MIA,SAV,AA,1.0
MQ,MIA,SDF,AA,1.0
MQ,MIA,SGF,AA,1.0
MQ,MIA,SRQ,AA,1.0
MQ,MIA,STL,AA,1.0
MQ,MIA,SYR,AA,1.0
MQ,MIA,TLH,AA,1.0
MQ,MIA,TPA,AA,1.0
MQ,MIA,TUL,AA,1.0
MQ,MIA,TYS,AA,1.0
MQ,MIA,VPS,AA,1.0
MQ,MIA,XNA,AA,1.0
MQ,MKE,MIA,AA,1.0
MQ,MKE,ORD,AA,1.0
MQ,MLI,DFW,AA,1.0
MQ,MLI,ORD,AA,1.0
MQ,MLU,DFW,AA,1.0
MQ,MOB,DFW,AA,1.0
MQ,MQT,ORD,AA,1.0
MQ,MRY,PHX,AA,1.0
MQ,MSN,DFW,AA,1.0
MQ,MSN,MIA,AA,1.0
MQ,MSN,ORD,AA,1.0
MQ,MSO,DFW,AA,1.0
MQ,MSO,ORD,AA,1.0
MQ,MSP,DCA,AA,1.0
MQ,MSP,ORD,AA,1.0
MQ,MSY,CLT,AA,1.0
MQ,MSY,DFW,AA,1.0
MQ,MSY,MIA,AA,1.0
MQ,MSY,ORD,AA,1.0
MQ,MVY,CLT,AA,1.0
MQ,MVY,ORD,AA,1.0
MQ,MYR,CLT,AA,1.0
MQ,MYR,DCA,AA,1.0
MQ,MYR,ORD,AA,1.0
MQ,OKC,DFW,AA,1.0
MQ,OKC,MIA,AA,1.0
MQ,OKC,ORD,AA,1.0
MQ,OMA,DFW,AA,1.0
MQ,OMA,ORD,AA,1.0
MQ,OMA,PHX,AA,1.0
MQ,ORD,ABQ,AA,1.0
MQ,ORD,ALB,AA,1.0
MQ,ORD,ALO,AA,1.0
MQ,ORD,ATL,AA,1.0
MQ,ORD,ATW,AA,1.0
MQ,ORD,AUS,AA,1.0
MQ,ORD,AVL,AA,1.0
MQ,ORD,AVP,AA,1.0
MQ,ORD,AZO,AA,1.0
MQ,ORD,BDL,AA,1.0
MQ,ORD,BGR,AA,1.0
MQ,ORD,BHM,AA,1.0
MQ,ORD,BIL,AA,1.0
MQ,ORD,BIS,AA,1.0
MQ,ORD,BMI,AA,1.0
MQ,ORD,BNA,AA,1.0
MQ,ORD,BOI,AA,1.0
MQ,ORD,BOS,AA,1.0
MQ,ORD,BUF,AA,1.0
MQ,ORD,BWI,AA,1.0
MQ,ORD,BZN,AA,1.0
MQ,ORD,CHA,AA,1.0
MQ,ORD,CHS,AA,1.0
MQ,ORD,CID,AA,1.0
MQ,ORD,CLE,AA,1.0
MQ,ORD,CMH,AA,1.0
MQ,ORD,CMI,AA,1.0
MQ,ORD,COU,AA,1.0
MQ,ORD,CVG,AA,1.0
MQ,ORD,CWA,AA,1.0
MQ,ORD,DAY,AA,1.0
MQ,ORD,DCA,AA,1.0
MQ,ORD,DEN,AA,1.0
MQ,ORD,DFW,AA,1.0
MQ,ORD,DSM,AA,1.0
MQ,ORD,DTW,AA,1.0
MQ,ORD,ELP,AA,1.0
MQ,ORD,EVV,AA,1.0
MQ,ORD,EWR,AA,1.0
MQ,ORD,EYW,AA,1.0
MQ,ORD,FAR,AA,1.0
MQ,ORD,FSD,AA,1.0
MQ,ORD,FWA,AA,1.0
MQ,ORD,GRB,AA,1.0
MQ,ORD,GRR,AA,1.0
MQ,ORD,GSO,AA,1.0
MQ,ORD,GSP,AA,1.0
MQ,ORD,HDN,AA,1.0
MQ,ORD,HHH,AA,1.0
MQ,ORD,HPN,AA,1.0
MQ,ORD,HSV,AA,1.0
MQ,ORD,IAH,AA,1.0
MQ,ORD,ICT,AA,1.0
MQ,ORD,ILM,AA,1.0
MQ,ORD,IND,AA,1.0
MQ,ORD,JAX,AA,1.0
MQ,ORD,LAN,AA,1.0
MQ,ORD,LEX,AA,1.0
MQ,ORD,LIT,AA,1.0
MQ,ORD,LSE,AA,1.0
MQ,ORD,MCI,AA,1.0
MQ,ORD,MDT,AA,1.0
MQ,ORD,MEM,AA,1.0
MQ,ORD,MHK,AA,1.0
MQ,ORD,MHT,AA,1.0
MQ,ORD,MKE,AA,1.0
MQ,ORD,MLI,AA,1.0
MQ,ORD,MQT,AA,1.0
MQ,ORD,MSN,AA,1.0
MQ,ORD,MSO,AA,1.0
MQ,ORD,MSP,AA,1.0
MQ,ORD,MSY,AA,1.0
MQ,ORD,MVY,AA,1.0
MQ,ORD,MYR,AA,1.0
MQ,ORD,OKC,AA,1.0
MQ,ORD,OMA,AA,1.0
MQ,ORD,ORF,AA,1.0
MQ,ORD,PIA,AA,1.0
MQ,ORD,PIT,AA,1.0
MQ,ORD,PNS,AA,1.0
MQ,ORD,PVD,AA,1.0
MQ,ORD,PWM,AA,1.0
MQ,ORD,RAP,AA,1.0
MQ,ORD,RDU,AA,1.0
MQ,ORD,RIC,AA,1.0
MQ,ORD,ROC,AA,1.0
MQ,ORD,RST,AA,1.0
MQ,ORD,SAT,AA,1.0
MQ,ORD,SAV,AA,1.0
MQ,ORD,SDF,AA,1.0
MQ,ORD,SGF,AA,1.0
MQ,ORD,SLC,AA,1.0
MQ,ORD,SPI,AA,1.0
MQ,ORD,SRQ,AA,1.0
MQ,ORD,STL,AA,1.0
MQ,ORD,SYR,AA,1.0
MQ,ORD,TPA,AA,1.0
MQ,ORD,TUL,AA,1.0
MQ,ORD,TUS,AA,1.0
MQ,ORD,TVC,AA,1.0
MQ,ORD,VPS,AA,1.0
MQ,ORD,XNA,AA,1.0
MQ,ORF,CLT,AA,1.0
MQ,ORF,DFW,AA,1.0
MQ,ORF,MIA,AA,1.0
MQ,ORF,ORD,AA,1.0
MQ,PDX,PHX,AA,1.0
MQ,PHX,ABQ,AA,1.0
MQ,PHX,BFL,AA,1.0
MQ,PHX,BIL,AA,1.0
MQ,PHX,BOI,AA,1.0
MQ,PHX,BUR,AA,1.0
MQ,PHX,CID,AA,1.0
MQ,PHX,CLD,AA,1.0
MQ,PHX,DEN,AA,1.0
MQ,PHX,DFW,AA,1.0
MQ,PHX,ELP,AA,1.0
MQ,PHX,FAR,AA,1.0
MQ,PHX,FSD,AA,1.0
MQ,PHX,GEG,AA,1.0
MQ,PHX,IAH,AA,1.0
MQ,PHX,LAS,AA,1.0
MQ,PHX,LBB,AA,1.0
MQ,PHX,LIT,AA,1.0
MQ,PHX,MCI,AA,1.0
MQ,PHX,MEM,AA,1.0
MQ,PHX,MFR,AA,1.0
MQ,PHX,MRY,AA,1.0
MQ,PHX,OMA,AA,1.0
MQ,PHX,PDX,AA,1.0
MQ,PHX,RDM,AA,1.0
MQ,PHX,RNO,AA,1.0
MQ,PHX,SBA,AA,1.0
MQ,PHX,SBP,AA,1.0
MQ,PHX,SEA,AA,1.0
MQ,PHX,SJC,AA,1.0
MQ,PHX,SLC,AA,1.0
MQ,PHX,STS,AA,1.0
MQ,PHX,TUL,AA,1.0
MQ,PHX,TUS,AA,1.0
MQ,PHX,XNA,AA,1.0
MQ,PHX,YUM,AA,1.0
MQ,PIA,DFW,AA,1.0
MQ,PIA,ORD,AA,1.0
MQ,PIT,DCA,AA,1.0
MQ,PIT,DFW,AA,1.0
MQ,PIT,ORD,AA,1.0
MQ,PIT,RDU,AA,1.0
MQ,PNS,CLT,AA,1.0
MQ,PNS,DCA,AA,1.0
MQ,PNS,DFW,AA,1.0
MQ,PNS,MIA,AA,1.0
MQ,PNS,ORD,AA,1.0
MQ,PVD,DCA,AA,1.0
MQ,PVD,ORD,AA,1.0
MQ,PWM,DCA,AA,1.0
MQ,PWM,ORD,AA,1.0
MQ,RAP,CLT,AA,1.0
MQ,RAP,DFW,AA,1.0
MQ,RAP,ORD,AA,1.0
MQ,RDM,PHX,AA,1.0
MQ,RDU,CLT,AA,1.0
MQ,RDU,DCA,AA,1.0
MQ,RDU,DFW,AA,1.0
MQ,RDU,MIA,AA,1.0
MQ,RDU,ORD,AA,1.0
MQ,RDU,PIT,AA,1.0
MQ,RIC,CLT,AA,1.0
MQ,RIC,DFW,AA,1.0
MQ,RIC,ORD,AA,1.0
MQ,RNO,PHX,AA,1.0
MQ,ROC,CLT,AA,1.0
MQ,ROC,ORD,AA,1.0
MQ,ROW,DFW,AA,1.0
MQ,RST,ORD,AA,1.0
MQ,SAT,DFW,AA,1.0
MQ,SAT,MIA,AA,1.0
MQ,SAT,ORD,AA,1.0
MQ,SAV,DFW,AA,1.0
MQ,SAV,MIA,AA,1.0
MQ,SAV,ORD,AA,1.0
MQ,SBA,DFW,AA,1.0
MQ,SBA,PHX,AA,1.0
MQ,SBP,PHX,AA,1.0
MQ,SDF,DCA,AA,1.0
MQ,SDF,DFW,AA,1.0
MQ,SDF,MIA,AA,1.0
MQ,SDF,ORD,AA,1.0
MQ,SEA,PHX,AA,1.0
MQ,SGF,CLT,AA,1.0
MQ,SGF,DFW,AA,1.0
MQ,SGF,MIA,AA,1.0
MQ,SGF,ORD,AA,1.0
MQ,SHV,DFW,AA,1.0
MQ,SJC,PHX,AA,1.0
MQ,SLC,DFW,AA,1.0
MQ,SLC,ORD,AA,1.0
MQ,SLC,PHX,AA,1.0
MQ,SPI,ORD,AA,1.0
MQ,SPS,DFW,AA,1.0
MQ,SRQ,CLT,AA,1.0
MQ,SRQ,MIA,AA,1.0
MQ,SRQ,ORD,AA,1.0
MQ,STL,BOS,AA,1.0
MQ,STL,DFW,AA,1.0
MQ,STL,MIA,AA,1.0
MQ,STL,ORD,AA,1.0
MQ,STS,PHX,AA,1.0
MQ,SYR,DCA,AA,1.0
MQ,SYR,MIA,AA,1.0
MQ,SYR,ORD,AA,1.0
MQ,TLH,CLT,AA,1.0
MQ,TLH,DFW,AA,1.0
MQ,TLH,MIA,AA,1.0
MQ,TPA,BNA,AA,1.0
MQ,TPA,DFW,AA,1.0
MQ,TPA,MIA,AA,1.0
MQ,TPA,ORD,AA,1.0
MQ,TRI,DFW,AA,1.0
MQ,TUL,DFW,AA,1.0
MQ,TUL,MIA,AA,1.0
MQ,TUL,ORD,AA,1.0
MQ,TUL,PHX,AA,1.0
MQ,TUS,DFW,AA,1.0
MQ,TUS,ORD,AA,1.0
MQ,TUS,PHX,AA,1.0
MQ,TVC,DCA,AA,1.0
MQ,TVC,DFW,AA,1.0
MQ,TVC,ORD,AA,1.0
MQ,TXK,DFW,AA,1.0
MQ,TYR,DFW,AA,1.0
MQ,TYS,CLT,AA,1.0
MQ,TYS,DCA,AA,1.0
MQ,TYS,MIA,AA,1.0
MQ,VPS,DFW,AA,1.0
MQ,VPS,MIA,AA,1.0
MQ,VPS,ORD,AA,1.0
MQ,XNA,CLT,AA,1.0
MQ,XNA,DCA,AA,1.0
MQ,XNA,DFW,AA,1.0
MQ,XNA,MIA,AA,1.0
MQ,XNA,ORD,AA,1.0
MQ,XNA,PHX,AA,1.0
MQ,YUM,DFW,AA,1.0
MQ,YUM,PHX,AA,1.0
NK,ABQ,LAS,NK,1.0
NK,ACY,FLL,NK,1.0
NK,ACY,MCO,NK,1.0
NK,ACY,MYR,NK,1.0
NK,ACY,PBI,NK,1.0
NK,ACY,RSW,NK,1.0
NK,ACY,TPA,NK,1.0
NK,ATL,BOS,NK,1.0
NK,ATL,BWI,NK,1.0
NK,ATL,CMH,NK,1.0
NK,ATL,DFW,NK,1.0
NK,ATL,DTW,NK,1.0
NK,ATL,EWR,NK,1.0
NK,ATL,FLL,NK,1.0
NK,ATL,IAH,NK,1.0
NK,ATL,IND,NK,1.0
NK,ATL,LAS,NK,1.0
NK,ATL,LAX,NK,1.0
NK,ATL,LGA,NK,1.0
NK,ATL,MCO,NK,1.0
NK,ATL,MIA,NK,1.0
NK,ATL,MSP,NK,1.0
NK,ATL,MSY,NK,1.0
NK,ATL,ORD,NK,1.0
NK,ATL,PHL,NK,1.0
NK,ATL,SAT,NK,1.0
NK,ATL,SDF,NK,1.0
NK,ATL,SJU,NK,1.0
NK,ATL,TPA,NK,1.0
NK,AUS,DTW,NK,1.0
NK,AUS,EWR,NK,1.0
NK,AUS,FLL,NK,1.0
NK,AUS,LAS,NK,1.0
NK,AUS,LAX,NK,1.0
NK,AUS,MCO,NK,1.0
NK,BDL,DTW,NK,1.0
NK,BDL,FLL,NK,1.0
NK,BDL,MYR,NK,1.0
NK,BHM,DTW,NK,1.0
NK,BHM,EWR,NK,1.0
NK,BHM,FLL,NK,1.0
NK,BNA,BOS,NK,1.0
NK,BNA,BWI,NK,1.0
NK,BNA,CLE,NK,1.0
NK,BNA,CLT,NK,1.0
NK,BNA,DTW,NK,1.0
NK,BNA,EWR,NK,1.0
NK,BNA,FLL,NK,1.0
NK,BNA,IAH,NK,1.0
NK,BNA,LAS,NK,1.0
NK,BNA,LAX,NK,1.0
NK,BNA,MCI,NK,1.0
NK,BNA,MCO,NK,1.0
NK,BNA,MIA,NK,1.0
NK,BNA,MKE,NK,1.0
NK,BNA,MSY,NK,1.0
NK,BNA,MYR,NK,1.0
NK,BNA,ORD,NK,1.0
NK,BNA,PHL,NK,1.0
NK,BNA,SAT,NK,1.0
NK,BNA,TPA,NK,1.0
NK,BOI,LAS,NK,1.0
NK,BOS,ATL,NK,1.0
NK,BOS,BNA,NK,1.0
NK,BOS,BWI,NK,1.0
NK,BOS,CLT,NK,1.0
NK,BOS,DFW,NK,1.0
NK,BOS,DTW,NK,1.0
NK,BOS,FLL,NK,1.0
NK,BOS,MCO,NK,1.0
NK,BOS,MIA,NK,1.0
NK,BOS,MYR,NK,1.0
NK,BOS,SJU,NK,1.0
NK,BUR,LAS,NK,1.0
NK,BWI,ATL,NK,1.0
NK,BWI,BNA,NK,1.0
NK,BWI,BOS,NK,1.0
NK,BWI,CHS,NK,1.0
NK,BWI,CLT,NK,1.0
NK,BWI,DFW,NK,1.0
NK,BWI,DTW,NK,1.0
NK,BWI,FLL,NK,1.0
NK,BWI,IAH,NK,1.0
NK,BWI,LAS,NK,1.0
NK,BWI,LAX,NK,1.0
NK,BWI,MCO,NK,1.0
NK,BWI,MIA,NK,1.0
NK,BWI,MKE,NK,1.0
NK,BWI,MSY,NK,1.0
NK,BWI,ORD,NK,1.0
NK,BWI,RDU,NK,1.0
NK,BWI,SAT,NK,1.0
NK,BWI,SJU,NK,1.0
NK,BWI,TPA,NK,1.0
NK,CAE,EWR,NK,1.0
NK,CAE,FLL,NK,1.0
NK,CAE,MCO,NK,1.0
NK,CHA,EWR,NK,1.0
NK,CHA,FLL,NK,1.0
NK,CHA,MCO,NK,1.0
NK,CHS,BWI,NK,1.0
NK,CHS,DTW,NK,1.0
NK,CHS,EWR,NK,1.0
NK,CHS,FLL,NK,1.0
NK,CLE,BNA,NK,1.0
NK,CLE,FLL,NK,1.0
NK,CLE,MCO,NK,1.0
NK,CLE,MYR,NK,1.0
NK,CLT,BNA,NK,1.0
NK,CLT,BOS,NK,1.0
NK,CLT,BWI,NK,1.0
NK,CLT,DFW,NK,1.0
NK,CLT,DTW,NK,1.0
NK,CLT,EWR,NK,1.0
NK,CLT,FLL,NK,1.0
NK,CLT,IND,NK,1.0
NK,CLT,LAS,NK,1.0
NK,CLT,LAX,NK,1.0
NK,CLT,LGA,NK,1.0
NK,CLT,MCO,NK,1.0
NK,CLT,MIA,NK,1.0
NK,CLT,MSY,NK,1.0
NK,CLT,PHL,NK,1.0
NK,CLT,TPA,NK,1.0
NK,CMH,ATL,NK,1.0
NK,CMH,EWR,NK,1.0
NK,CMH,FLL,NK,1.0
NK,CMH,LAS,NK,1.0
NK,CMH,LGA,NK,1.0
NK,CMH,MCO,NK,1.0
NK,CMH,MSY,NK,1.0
NK,DFW,ATL,NK,1.0
NK,DFW,BOS,NK,1.0
NK,DFW,BWI,NK,1.0
NK,DFW,CLT,NK,1.0
NK,DFW,DTW,NK,1.0
NK,DFW,EWR,NK,1.0
NK,DFW,FLL,NK,1.0
NK,DFW,IND,NK,1.0
NK,DFW,LAS,NK,1.0
NK,DFW,LAX,NK,1.0
NK,DFW,LGA,NK,1.0
NK,DFW,MCO,NK,1.0
NK,DFW,MIA,NK,1.0
NK,DFW,MSY,NK,1.0
NK,DFW,ORD,NK,1.0
NK,DFW,PHX,NK,1.0
NK,DFW,PNS,NK,1.0
NK,DFW,RDU,NK,1.0
NK,DFW,SDF,NK,1.0
NK,DFW,SJC,NK,1.0
NK,DFW,SJU,NK,1.0
NK,DFW,TPA,NK,1.0
NK,DTW,ATL,NK,1.0
NK,DTW,AUS,NK,1.0
NK,DTW,BDL,NK,1.0
NK,DTW,BHM,NK,1.0
NK,DTW,BNA,NK,1.0
NK,DTW,BOS,NK,1.0
NK,DTW,BWI,NK,1.0
NK,DTW,CHS,NK,1.0
NK,DTW,CLT,NK,1.0
NK,DTW,DFW,NK,1.0
NK,DTW,EWR,NK,1.0
NK,DTW,FLL,NK,1.0
NK,DTW,IAH,NK,1.0
NK,DTW,LAS,NK,1.0
NK,DTW,LAX,NK,1.0
NK,DTW,LGA,NK,1.0
NK,DTW,MCI,NK,1.0
NK,DTW,MCO,NK,1.0
NK,DTW,MEM,NK,1.0
NK,DTW,MIA,NK,1.0
NK,DTW,MKE,NK,1.0
NK,DTW,MSP,NK,1.0
NK,DTW,MSY,NK,1.0
NK,DTW,MYR,NK,1.0
NK,DTW,ORF,NK,1.0
NK,DTW,PHL,NK,1.0
NK,DTW,PHX,NK,1.0
NK,DTW,PNS,NK,1.0
NK,DTW,RDU,NK,1.0
NK,DTW,RIC,NK,1.0
NK,DTW,RSW,NK,1.0
NK,DTW,SAN,NK,1.0
NK,DTW,SAT,NK,1.0
NK,DTW,SDF,NK,1.0
NK,DTW,SJU,NK,1.0
NK,DTW,SLC,NK,1.0
NK,DTW,STL,NK,1.0
NK,DTW,TPA,NK,1.0
NK,EWR,ATL,NK,1.0
NK,EWR,AUS,NK,1.0
NK,EWR,BHM,NK,1.0
NK,EWR,BNA,NK,1.0
NK,EWR,CAE,NK,1.0
NK,EWR,CHA,NK,1.0
NK,EWR,CHS,NK,1.0
NK,EWR,CLT,NK,1.0
NK,EWR,CMH,NK,1.0
NK,EWR,DFW,NK,1.0
NK,EWR,DTW,NK,1.0
NK,EWR,FLL,NK,1.0
NK,EWR,IAH,NK,1.0
NK,EWR,IND,NK,1.0
NK,EWR,LAS,NK,1.0
NK,EWR,LAX,NK,1.0
NK,EWR,MCO,NK,1.0
NK,EWR,MIA,NK,1.0
NK,EWR,MSY,NK,1.0
NK,EWR,MYR,NK,1.0
NK,EWR,ORD,NK,1.0
NK,EWR,PBI,NK,1.0
NK,EWR,PIT,NK,1.0
NK,EWR,RDU,NK,1.0
NK,EWR,SAT,NK,1.0
NK,EWR,SAV,NK,1.0
NK,EWR,SDF,NK,1.0
NK,EWR,SJU,NK,1.0
NK,EYW,FLL,NK,1.0
NK,FLL,ACY,NK,1.0
NK,FLL,ATL,NK,1.0
NK,FLL,AUS,NK,1.0
NK,FLL,BDL,NK,1.0
NK,FLL,BHM,NK,1.0
NK,FLL,BNA,NK,1.0
NK,FLL,BOS,NK,1.0
NK,FLL,BWI,NK,1.0
NK,FLL,CAE,NK,1.0
NK,FLL,CHA,NK,1.0
NK,FLL,CHS,NK,1.0
NK,FLL,CLE,NK,1.0
NK,FLL,CLT,NK,1.0
NK,FLL,CMH,NK,1.0
NK,FLL,DFW,NK,1.0
NK,FLL,DTW,NK,1.0
NK,FLL,EWR,NK,1.0
NK,FLL,EYW,NK,1.0
NK,FLL,IAH,NK,1.0
NK,FLL,IND,NK,1.0
NK,FLL,LAS,NK,1.0
NK,FLL,LAX,NK,1.0
NK,FLL,LBE,NK,1.0
NK,FLL,LGA,NK,1.0
NK,FLL,MCI,NK,1.0
NK,FLL,MCO,NK,1.0
NK,FLL,MEM,NK,1.0
NK,FLL,MSY,NK,1.0
NK,FLL,MYR,NK,1.0
NK,FLL,ORD,NK,1.0
NK,FLL,ORF,NK,1.0
NK,FLL,PHL,NK,1.0
NK,FLL,PIT,NK,1.0
NK,FLL,PNS,NK,1.0
NK,FLL,RDU,NK,1.0
NK,FLL,RIC,NK,1.0
NK,FLL,ROC,NK,1.0
NK,FLL,SAT,NK,1.0
NK,FLL,SDF,NK,1.0
NK,FLL,SJU,NK,1.0
NK,FLL,STL,NK,1.0
NK,FLL,STT,NK,1.0
NK,FLL,STX,NK,1.0
NK,FLL,TPA,NK,1.0
NK,IAH,ATL,NK,1.0
NK,IAH,BNA,NK,1.0
NK,IAH,BWI,NK,1.0
NK,IAH,DTW,NK,1.0
NK,IAH,EWR,NK,1.0
NK,IAH,FLL,NK,1.0
NK,IAH,LAS,NK,1.0
NK,IAH,LAX,NK,1.0
NK,IAH,LGA,NK,1.0
NK,IAH,MCO,NK,1.0
NK,IAH,MIA,NK,1.0
NK,IAH,MSY,NK,1.0
NK,IAH,ORD,NK,1.0
NK,IAH,PHL,NK,1.0
NK,IAH,PNS,NK,1.0
NK,IAH,SJU,NK,1.0
NK,IAH,TPA,NK,1.0
NK,IND,ATL,NK,1.0
NK,IND,CLT,NK,1.0
NK,IND,DFW,NK,1.0
NK,IND,EWR,NK,1.0
NK,IND,FLL,NK,1.0
NK,IND,LAS,NK,1.0
NK,IND,LAX,NK,1.0
NK,IND,MCO,NK,1.0
NK,IND,TPA,NK,1.0
NK,LAS,ABQ,NK,1.0
NK,LAS,ATL,NK,1.0
NK,LAS,AUS,NK,1.0
NK,LAS,BNA,NK,1.0
NK,LAS,BOI,NK,1.0
NK,LAS,BUR,NK,1.0
NK,LAS,BWI,NK,1.0
NK,LAS,CLT,NK,1.0
NK,LAS,CMH,NK,1.0
NK,LAS,DFW,NK,1.0
NK,LAS,DTW,NK,1.0
NK,LAS,EWR,NK,1.0
NK,LAS,FLL,NK,1.0
NK,LAS,IAH,NK,1.0
NK,LAS,IND,NK,1.0
NK,LAS,LAX,NK,1.0
NK,LAS,MCI,NK,1.0
NK,LAS,MCO,NK,1.0
NK,LAS,MEM,NK,1.0
NK,LAS,MIA,NK,1.0
NK,LAS,MKE,NK,1.0
NK,LAS,MSY,NK,1.0
NK,LAS,OAK,NK,1.0
NK,LAS,ORD,NK,1.0
NK,LAS,PDX,NK,1.0
NK,LAS,PHL,NK,1.0
NK,LAS,PHX,NK,1.0
NK,LAS,PIT,NK,1.0
NK,LAS,RNO,NK,1.0
NK,LAS,SAN,NK,1.0
NK,LAS,SAT,NK,1.0
NK,LAS,SEA,NK,1.0
NK,LAS,SJC,NK,1.0
NK,LAS,SLC,NK,1.0
NK,LAS,SMF,NK,1.0
NK,LAS,SNA,NK,1.0
NK,LAS,TPA,NK,1.0
NK,LAX,ATL,NK,1.0
NK,LAX,AUS,NK,1.0
NK,LAX,BNA,NK,1.0
NK,LAX,BWI,NK,1.0
NK,LAX,CLT,NK,1.0
NK,LAX,DFW,NK,1.0
NK,LAX,DTW,NK,1.0
NK,LAX,EWR,NK,1.0
NK,LAX,FLL,NK,1.0
NK,LAX,IAH,NK,1.0
NK,LAX,IND,NK,1.0
NK,LAX,LAS,NK,1.0
NK,LAX,MCI,NK,1.0
NK,LAX,MKE,NK,1.0
NK,LAX,MSY,NK,1.0
NK,LAX,ORD,NK,1.0
NK,LAX,PHL,NK,1.0
NK,LAX,SAT,NK,1.0
NK,LAX,SDF,NK,1.0
NK,LBE,FLL,NK,1.0
NK,LBE,MCO,NK,1.0
NK,LBE,MYR,NK,1.0
NK,LGA,ATL,NK,1.0
NK,LGA,CLT,NK,1.0
NK,LGA,CMH,NK,1.0
NK,LGA,DFW,NK,1.0
NK,LGA,DTW,NK,1.0
NK,LGA,FLL,NK,1.0
NK,LGA,IAH,NK,1.0
NK,LGA,MCO,NK,1.0
NK,LGA,MIA,NK,1.0
NK,LGA,MYR,NK,1.0
NK,LGA,ORD,NK,1.0
NK,LGA,ORF,NK,1.0
NK,LGA,RIC,NK,1.0
NK,MCI,BNA,NK,1.0
NK,MCI,DTW,NK,1.0
NK,MCI,FLL,NK,1.0
NK,MCI,LAS,NK,1.0
NK,MCI,LAX,NK,1.0
NK,MCI,MCO,NK,1.0
NK,MCO,ACY,NK,1.0
NK,MCO,ATL,NK,1.0
NK,MCO,AUS,NK,1.0
NK,MCO,BNA,NK,1.0
NK,MCO,BOS,NK,1.0
NK,MCO,BWI,NK,1.0
NK,MCO,CAE,NK,1.0
NK,MCO,CHA,NK,1.0
NK,MCO,CLE,NK,1.0
NK,MCO,CLT,NK,1.0
NK,MCO,CMH,NK,1.0
NK,MCO,DFW,NK,1.0
NK,MCO,DTW,NK,1.0
NK,MCO,EWR,NK,1.0
NK,MCO,FLL,NK,1.0
NK,MCO,IAH,NK,1.0
NK,MCO,IND,NK,1.0
NK,MCO,LAS,NK,1.0
NK,MCO,LBE,NK,1.0
NK,MCO,LGA,NK,1.0
NK,MCO,MCI,NK,1.0
NK,MCO,MEM,NK,1.0
NK,MCO,MKE,NK,1.0
NK,MCO,MSY,NK,1.0
NK,MCO,MYR,NK,1.0
NK,MCO,ORD,NK,1.0
NK,MCO,ORF,NK,1.0
NK,MCO,PHL,NK,1.0
NK,MCO,PIT,NK,1.0
NK,MCO,PNS,NK,1.0
NK,MCO,RIC,NK,1.0
NK,MCO,ROC,NK,1.0
NK,MCO,SAT,NK,1.0
NK,MCO,SDF,NK,1.0
NK,MCO,SJU,NK,1.0
NK,MCO,SLC,NK,1.0
NK,MCO,STL,NK,1.0
NK,MCO,STT,NK,1.0
NK,MEM,DTW,NK,1.0
NK,MEM,FLL,NK,1.0
NK,MEM,LAS,NK,1.0
NK,MEM,MCO,NK,1.0
NK,MIA,ATL,NK,1.0
NK,MIA,BNA,NK,1.0
NK,MIA,BOS,NK,1.0
NK,MIA,BWI,NK,1.0
NK,MIA,CLT,NK,1.0
NK,MIA,DFW,NK,1.0
NK,MIA,DTW,NK,1.0
NK,MIA,EWR,NK,1.0
NK,MIA,IAH,NK,1.0
NK,MIA,LAS,NK,1.0
NK,MIA,LGA,NK,1.0
NK,MIA,MSY,NK,1.0
NK,MIA,ORD,NK,1.0
NK,MIA,PHL,NK,1.0
NK,MIA,PIT,NK,1.0
NK,MIA,SJU,NK,1.0
NK,MKE,BNA,NK,1.0
NK,MKE,BWI,NK,1.0
NK,MKE,DTW,NK,1.0
NK,MKE,LAS,NK,1.0
NK,MKE,LAX,NK,1.0
NK,MKE,MCO,NK,1.0
NK,MSP,ATL,NK,1.0
NK,MSP,DTW,NK,1.0
NK,MSY,ATL,NK,1.0
NK,MSY,BNA,NK,1.0
NK,MSY,BWI,NK,1.0
NK,MSY,CLT,NK,1.0
NK,MSY,CMH,NK,1.0
NK,MSY,DFW,NK,1.0
NK,MSY,DTW,NK,1.0
NK,MSY,EWR,NK,1.0
NK,MSY,FLL,NK,1.0
NK,MSY,IAH,NK,1.0
NK,MSY,LAS,NK,1.0
NK,MSY,LAX,NK,1.0
NK,MSY,MCO,NK,1.0
NK,MSY,MIA,NK,1.0
NK,MSY,ORD,NK,1.0
NK,MSY,RDU,NK,1.0
NK,MSY,TPA,NK,1.0
NK,MYR,ACY,NK,1.0
NK,MYR,BDL,NK,1.0
NK,MYR,BNA,NK,1.0
NK,MYR,BOS,NK,1.0
NK,MYR,CLE,NK,1.0
NK,MYR,DTW,NK,1.0
NK,MYR,EWR,NK,1.0
NK,MYR,FLL,NK,1.0
NK,MYR,LBE,NK,1.0
NK,MYR,LGA,NK,1.0
NK,MYR,MCO,NK,1.0
NK,MYR,ORD,NK,1.0
NK,MYR,PIT,NK,1.0
NK,MYR,SDF,NK,1.0
NK,OAK,LAS,NK,1.0
NK,OAK,SAN,NK,1.0
NK,OAK,SNA,NK,1.0
NK,ORD,ATL,NK,1.0
NK,ORD,BNA,NK,1.0
NK,ORD,BWI,NK,1.0
NK,ORD,DFW,NK,1.0
NK,ORD,EWR,NK,1.0
NK,ORD,FLL,NK,1.0
NK,ORD,IAH,NK,1.0
NK,ORD,LAS,NK,1.0
NK,ORD,LAX,NK,1.0
NK,ORD,LGA,NK,1.0
NK,ORD,MCO,NK,1.0
NK,ORD,MIA,NK,1.0
NK,ORD,MSY,NK,1.0
NK,ORD,MYR,NK,1.0
NK,ORD,RSW,NK,1.0
NK,ORD,SJU,NK,1.0
NK,ORD,TPA,NK,1.0
NK,ORF,DTW,NK,1.0
NK,ORF,FLL,NK,1.0
NK,ORF,LGA,NK,1.0
NK,ORF,MCO,NK,1.0
NK,PBI,ACY,NK,1.0
NK,PBI,EWR,NK,1.0
NK,PDX,LAS,NK,1.0
NK,PHL,ACY,NK,1.0
NK,PHL,ATL,NK,1.0
NK,PHL,BNA,NK,1.0
NK,PHL,CLT,NK,1.0
NK,PHL,DFW,NK,1.0
NK,PHL,DTW,NK,1.0
NK,PHL,FLL,NK,1.0
NK,PHL,IAH,NK,1.0
NK,PHL,LAS,NK,1.0
NK,PHL,LAX,NK,1.0
NK,PHL,MCO,NK,1.0
NK,PHL,MIA,NK,1.0
NK,PHL,SJU,NK,1.0
NK,PHX,DFW,NK,1.0
NK,PHX,DTW,NK,1.0
NK,PHX,LAS,NK,1.0
NK,PIT,EWR,NK,1.0
NK,PIT,FLL,NK,1.0
NK,PIT,LAS,NK,1.0
NK,PIT,MCO,NK,1.0
NK,PIT,MYR,NK,1.0
NK,PIT,TPA,NK,1.0
NK,PNS,DFW,NK,1.0
NK,PNS,DTW,NK,1.0
NK,PNS,FLL,NK,1.0
NK,PNS,IAH,NK,1.0
NK,PNS,MCO,NK,1.0
NK,RDU,BWI,NK,1.0
NK,RDU,DFW,NK,1.0
NK,RDU,DTW,NK,1.0
NK,RDU,EWR,NK,1.0
NK,RDU,FLL,NK,1.0
NK,RDU,MSY,NK,1.0
NK,RIC,DTW,NK,1.0
NK,RIC,FLL,NK,1.0
NK,RIC,LGA,NK,1.0
NK,RIC,MCO,NK,1.0
NK,RNO,LAS,NK,1.0
NK,ROC,FLL,NK,1.0
NK,ROC,MCO,NK,1.0
NK,RSW,ACY,NK,1.0
NK,RSW,DTW,NK,1.0
NK,RSW,ORD,NK,1.0
NK,SAN,DTW,NK,1.0
NK,SAN,LAS,NK,1.0
NK,SAN,OAK,NK,1.0
NK,SAN,SJC,NK,1.0
NK,SAT,ATL,NK,1.0
NK,SAT,BNA,NK,1.0
NK,SAT,BWI,NK,1.0
NK,SAT,DTW,NK,1.0
NK,SAT,EWR,NK,1.0
NK,SAT,FLL,NK,1.0
NK,SAT,LAS,NK,1.0
NK,SAT,LAX,NK,1.0
NK,SAT,MCO,NK,1.0
NK,SAT,SJU,NK,1.0
NK,SAT,TPA,NK,1.0
NK,SAV,EWR,NK,1.0
NK,SDF,ATL,NK,1.0
NK,SDF,DFW,NK,1.0
NK,SDF,DTW,NK,1.0
NK,SDF,EWR,NK,1.0
NK,SDF,FLL,NK,1.0
NK,SDF,LAS,NK,1.0
NK,SDF,LAX,NK,1.0
NK,SDF,MCO,NK,1.0
NK,SDF,MYR,NK,1.0
NK,SDF,TPA,NK,1.0
NK,SEA,LAS,NK,1.0
NK,SJC,DFW,NK,1.0
NK,SJC,LAS,NK,1.0
NK,SJC,SAN,NK,1.0
NK,SJU,ATL,NK,1.0
NK,SJU,BOS,NK,1.0
NK,SJU,BWI,NK,1.0
NK,SJU,DFW,NK,1.0
NK,SJU,DTW,NK,1.0
NK,SJU,EWR,NK,1.0
NK,SJU,FLL,NK,1.0
NK,SJU,IAH,NK,1.0
NK,SJU,MCO,NK,1.0
NK,SJU,MIA,NK,1.0
NK,SJU,ORD,NK,1.0
NK,SJU,PHL,NK,1.0
NK,SJU,SAT,NK,1.0
NK,SLC,DTW,NK,1.0
NK,SLC,LAS,NK,1.0
NK,SLC,MCO,NK,1.0
NK,SMF,LAS,NK,1.0
NK,SNA,LAS,NK,1.0
NK,SNA,OAK,NK,1.0
NK,STL,DTW,NK,1.0
NK,STL,FLL,NK,1.0
NK,STL,MCO,NK,1.0
NK,STT,FLL,NK,1.0
NK,STT,MCO,NK,1.0
NK,STX,FLL,NK,1.0
NK,TPA,ACY,NK,1.0
NK,TPA,ATL,NK,1.0
NK,TPA,BNA,NK,1.0
NK,TPA,BWI,NK,1.0
NK,TPA,CLT,NK,1.0
NK,TPA,DFW,NK,1.0
NK,TPA,DTW,NK,1.0
NK,TPA,FLL,NK,1.0
NK,TPA,IAH,NK,1.0
NK,TPA,IND,NK,1.0
NK,TPA,LAS,NK,1.0
NK,TPA,MSY,NK,1.0
NK,TPA,ORD,NK,1.0
NK,TPA,PIT,NK,1.0
NK,TPA,SAT,NK,1.0
NK,TPA,SDF,NK,1.0
OH,ABE,CLT,AA,1.0
OH,AGS,CLT,AA,1.0
OH,AGS,DCA,AA,1.0
OH,AGS,DFW,AA,1.0
OH,ALB,CLT,AA,1.0
OH,ALB,DCA,AA,1.0
OH,ATL,CLT,AA,1.0
OH,ATL,DCA,AA,1.0
OH,ATL,DFW,AA,1.0
OH,ATL,ORD,AA,1.0
OH,ATL,PHL,AA,1.0
OH,AUS,DFW,AA,1.0
OH,AVL,CLT,AA,1.0
OH,AVL,DCA,AA,1.0
OH,AVP,CLT,AA,1.0
OH,BDL,DCA,AA,1.0
OH,BDL,PHL,AA,1.0
OH,BGR,DCA,AA,1.0
OH,BGR,PHL,AA,1.0
OH,BHM,CLT,AA,1.0
OH,BHM,DCA,AA,1.0
OH,BHM,DFW,AA,1.0
OH,BHM,ORD,AA,1.0
OH,BHM,PHL,AA,1.0
OH,BNA,CLT,AA,1.0
OH,BNA,DCA,AA,1.0
OH,BNA,DFW,AA,1.0
OH,BNA,PHL,AA,1.0
OH,BTR,CLT,AA,1.0
OH,BTR,DCA,AA,1.0
OH,BTR,DFW,AA,1.0
OH,BTV,CLT,AA,1.0
OH,BTV,DCA,AA,1.0
OH,BTV,PHL,AA,1.0
OH,BUF,DCA,AA,1.0
OH,BUF,DFW,AA,1.0
OH,BUF,PHL,AA,1.0
OH,BWI,CLT,AA,1.0
OH,CAE,CLT,AA,1.0
OH,CAE,DCA,AA,1.0
OH,CAE,DFW,AA,1.0
OH,CAK,CLT,AA,1.0
OH,CAK,DCA,AA,1.0
OH,CAK,ORD,AA,1.0
OH,CHA,CLT,AA,1.0
OH,CHA,DCA,AA,1.0
OH,CHA,DFW,AA,1.0
OH,CHS,CLT,AA,1.0
OH,CHS,DCA,AA,1.0
OH,CHS,DFW,AA,1.0
OH,CHS,ORD,AA,1.0
OH,CHS,PHL,AA,1.0
OH,CID,DCA,AA,1.0
OH,CID,DFW,AA,1.0
OH,CLE,CLT,AA,1.0
OH,CLE,DCA,AA,1.0
OH,CLE,DFW,AA,1.0
OH,CLE,PHL,AA,1.0
OH,CLT,ABE,AA,1.0
OH,CLT,AGS,AA,1.0
OH,CLT,ALB,AA,1.0
OH,CLT,ATL,AA,1.0
OH,CLT,AVL,AA,1.0
OH,CLT,AVP,AA,1.0
OH,CLT,BHM,AA,1.0
OH,CLT,BNA,AA,1.0
OH,CLT,BTR,AA,1.0
OH,CLT,BTV,AA,1.0
OH,CLT,BWI,AA,1.0
OH,CLT,CAE,AA,1.0
OH,CLT,CAK,AA,1.0
OH,CLT,CHA,AA,1.0
OH,CLT,CHS,AA,1.0
OH,CLT,CLE,AA,1.0
OH,CLT,CMH,AA,1.0
OH,CLT,CRW,AA,1.0
OH,CLT,CVG,AA,1.0
OH,CLT,DAB,AA,1.0
OH,CLT,DAY,AA,1.0
OH,CLT,DCA,AA,1.0
OH,CLT,DSM,AA,1.0
OH,CLT,ECP,AA,1.0
OH,CLT,EWN,AA,1.0
OH,CLT,FAY,AA,1.0
OH,CLT,FWA,AA,1.0
OH,CLT,GNV,AA,1.0
OH,CLT,GPT,AA,1.0
OH,CLT,GRR,AA,1.0
OH,CLT,GSO,AA,1.0
OH,CLT,GSP,AA,1.0
OH,CLT,HPN,AA,1.0
OH,CLT,HSV,AA,1.0
OH,CLT,IAD,AA,1.0
OH,CLT,ILM,AA,1.0
OH,CLT,IND,AA,1.0
OH,CLT,JAN,AA,1.0
OH,CLT,LEX,AA,1.0
OH,CLT,LFT,AA,1.0
OH,CLT,LIT,AA,1.0
OH,CLT,MCI,AA,1.0
OH,CLT,MDT,AA,1.0
OH,CLT,MEM,AA,1.0
OH,CLT,MHT,AA,1.0
OH,CLT,MKE,AA,1.0
OH,CLT,MLB,AA,1.0
OH,CLT,MLI,AA,1.0
OH,CLT,MSN,AA,1.0
OH,CLT,MYR,AA,1.0
OH,CLT,OAJ,AA,1.0
OH,CLT,OKC,AA,1.0
OH,CLT,OMA,AA,1.0
OH,CLT,ORF,AA,1.0
OH,CLT,PIA,AA,1.0
OH,CLT,PIT,AA,1.0
OH,CLT,PNS,AA,1.0
OH,CLT,PVD,AA,1.0
OH,CLT,PWM,AA,1.0
OH,CLT,RAP,AA,1.0
OH,CLT,RIC,AA,1.0
OH,CLT,ROC,AA,1.0
OH,CLT,SAV,AA,1.0
OH,CLT,SBN,AA,1.0
OH,CLT,SDF,AA,1.0
OH,CLT,SGF,AA,1.0
OH,CLT,SHV,AA,1.0
OH,CLT,SRQ,AA,1.0
OH,CLT,STL,AA,1.0
OH,CLT,SYR,AA,1.0
OH,CLT,TLH,AA,1.0
OH,CLT,TUL,AA,1.0
OH,CLT,TVC,AA,1.0
OH,CLT,TYS,AA,1.0
OH,CLT,VPS,AA,1.0
OH,CLT,XNA,AA,1.0
OH,CMH,CLT,AA,1.0
OH,CMH,DCA,AA,1.0
OH,CMH,DFW,AA,1.0
OH,CMH,PHL,AA,1.0
OH,COU,DFW,AA,1.0
OH,CRP,DFW,AA,1.0
OH,CRW,CLT,AA,1.0
OH,CRW,DCA,AA,1.0
OH,CVG,CLT,AA,1.0
OH,CVG,DCA,AA,1.0
OH,CVG,DFW,AA,1.0
OH,CVG,ORD,AA,1.0
OH,CVG,PHL,AA,1.0
OH,DAB,CLT,AA,1.0
OH,DAY,CLT,AA,1.0
OH,DAY,DCA,AA,1.0
OH,DAY,DFW,AA,1.0
OH,DAY,ORD,AA,1.0
OH,DAY,PHL,AA,1.0
OH,DCA,AGS,AA,1.0
OH,DCA,ALB,AA,1.0
OH,DCA,ATL,AA,1.0
OH,DCA,AVL,AA,1.0
OH,DCA,BDL,AA,1.0
OH,DCA,BGR,AA,1.0
OH,DCA,BHM,AA,1.0
OH,DCA,BNA,AA,1.0
OH,DCA,BTR,AA,1.0
OH,DCA,BTV,AA,1.0
OH,DCA,BUF,AA,1.0
OH,DCA,CAE,AA,1.0
OH,DCA,CAK,AA,1.0
OH,DCA,CHA,AA,1.0
OH,DCA,CHS,AA,1.0
OH,DCA,CID,AA,1.0
OH,DCA,CLE,AA,1.0
OH,DCA,CLT,AA,1.0
OH,DCA,CMH,AA,1.0
OH,DCA,CRW,AA,1.0
OH,DCA,CVG,AA,1.0
OH,DCA,DAY,AA,1.0
OH,DCA,DSM,AA,1.0
OH,DCA,DTW,AA,1.0
OH,DCA,ECP,AA,1.0
OH,DCA,GRR,AA,1.0
OH,DCA,GSO,AA,1.0
OH,DCA,GSP,AA,1.0
OH,DCA,HPN,AA,1.0
OH,DCA,HSV,AA,1.0
OH,DCA,ICT,AA,1.0
OH,DCA,ILM,AA,1.0
OH,DCA,IND,AA,1.0
OH,DCA,JAN,AA,1.0
OH,DCA,JAX,AA,1.0
OH,DCA,LAN,AA,1.0
OH,DCA,MCI,AA,1.0
OH,DCA,MEM,AA,1.0
OH,DCA,MGM,AA,1.0
OH,DCA,MHT,AA,1.0
OH,DCA,MKE,AA,1.0
OH,DCA,MSN,AA,1.0
OH,DCA,MSP,AA,1.0
OH,DCA,MSY,AA,1.0
OH,DCA,MYR,AA,1.0
OH,DCA,OKC,AA,1.0
OH,DCA,ORF,AA,1.0
OH,DCA,PBI,AA,1.0
OH,DCA,PHL,AA,1.0
OH,DCA,PIT,AA,1.0
OH,DCA,PNS,AA,1.0
OH,DCA,PVD,AA,1.0
OH,DCA,PWM,AA,1.0
OH,DCA,RDU,AA,1.0
OH,DCA,ROC,AA,1.0
OH,DCA,SAV,AA,1.0
OH,DCA,SDF,AA,1.0
OH,DCA,STL,AA,1.0
OH,DCA,SYR,AA,1.0
OH,DCA,TLH,AA,1.0
OH,DCA,TUL,AA,1.0
OH,DCA,TVC,AA,1.0
OH,DCA,TYS,AA,1.0
OH,DCA,VPS,AA,1.0
OH,DFW,AGS,AA,1.0
OH,DFW,ATL,AA,1.0
OH,DFW,AUS,AA,1.0
OH,DFW,BHM,AA,1.0
OH,DFW,BNA,AA,1.0
OH,DFW,BTR,AA,1.0
OH,DFW,BUF,AA,1.0
OH,DFW,CAE,AA,1.0
OH,DFW,CHA,AA,1.0
OH,DFW,CHS,AA,1.0
OH,DFW,CID,AA,1.0
OH,DFW,CLE,AA,1.0
OH,DFW,CMH,AA,1.0
OH,DFW,COU,AA,1.0
OH,DFW,CRP,AA,1.0
OH,DFW,CVG,AA,1.0
OH,DFW,DAY,AA,1.0
OH,DFW,ECP,AA,1.0
OH,DFW,EVV,AA,1.0
OH,DFW,FWA,AA,1.0
OH,DFW,GPT,AA,1.0
OH,DFW,GSP,AA,1.0
OH,DFW,HOU,AA,1.0
OH,DFW,HRL,AA,1.0
OH,DFW,HSV,AA,1.0
OH,DFW,ICT,AA,1.0
OH,DFW,IND,AA,1.0
OH,DFW,JAN,AA,1.0
OH,DFW,LAW,AA,1.0
OH,DFW,LBB,AA,1.0
OH,DFW,LEX,AA,1.0
OH,DFW,LFT,AA,1.0
OH,DFW,LIT,AA,1.0
OH,DFW,MAF,AA,1.0
OH,DFW,MCI,AA,1.0
OH,DFW,MEM,AA,1.0
OH,DFW,MGM,AA,1.0
OH,DFW,MLI,AA,1.0
OH,DFW,MOB,AA,1.0
OH,DFW,MSY,AA,1.0
OH,DFW,MYR,AA,1.0
OH,DFW,OMA,AA,1.0
OH,DFW,PIA,AA,1.0
OH,DFW,PNS,AA,1.0
OH,DFW,RDU,AA,1.0
OH,DFW,SAF,AA,1.0
OH,DFW,SAT,AA,1.0
OH,DFW,SBN,AA,1.0
OH,DFW,SDF,AA,1.0
OH,DFW,SGF,AA,1.0
OH,DFW,SHV,AA,1.0
OH,DFW,SRQ,AA,1.0
OH,DFW,SWO,AA,1.0
OH,DFW,TLH,AA,1.0
OH,DFW,TUL,AA,1.0
OH,DFW,TYS,AA,1.0
OH,DFW,VPS,AA,1.0
OH,DFW,XNA,AA,1.0
OH,DSM,CLT,AA,1.0
OH,DSM,DCA,AA,1.0
OH,DSM,PHL,AA,1.0
OH,DTW,DCA,AA,1.0
OH,DTW,ORD,AA,1.0
OH,DTW,PHL,AA,1.0
OH,ECP,CLT,AA,1.0
OH,ECP,DCA,AA,1.0
OH,ECP,DFW,AA,1.0
OH,ECP,PHL,AA,1.0
OH,EVV,DFW,AA,1.0
OH,EWN,CLT,AA,1.0
OH,FAY,CLT,AA,1.0
OH,FWA,CLT,AA,1.0
OH,FWA,DFW,AA,1.0
OH,FWA,ORD,AA,1.0
OH,GNV,CLT,AA,1.0
OH,GPT,CLT,AA,1.0
OH,GPT,DFW,AA,1.0
OH,GRR,CLT,AA,1.0
OH,GRR,DCA,AA,1.0
OH,GRR,ORD,AA,1.0
OH,GRR,PHL,AA,1.0
OH,GSO,CLT,AA,1.0
OH,GSO,DCA,AA,1.0
OH,GSO,PHL,AA,1.0
OH,GSP,CLT,AA,1.0
OH,GSP,DCA,AA,1.0
OH,GSP,DFW,AA,1.0
OH,GSP,ORD,AA,1.0
OH,GSP,PHL,AA,1.0
OH,HOU,DFW,AA,1.0
OH,HPN,CLT,AA,1.0
OH,HPN,DCA,AA,1.0
OH,HRL,DFW,AA,1.0
OH,HSV,CLT,AA,1.0
OH,HSV,DCA,AA,1.0
OH,HSV,DFW,AA,1.0
OH,IAD,CLT,AA,1.0
OH,IAH,PHL,AA,1.0
OH,ICT,DCA,AA,1.0
OH,ICT,DFW,AA,1.0
OH,ILM,CLT,AA,1.0
OH,ILM,DCA,AA,1.0
OH,ILM,PHL,AA,1.0
OH,IND,CLT,AA,1.0
OH,IND,DCA,AA,1.0
OH,IND,DFW,AA,1.0
OH,IND,PHL,AA,1.0
OH,JAN,CLT,AA,1.0
OH,JAN,DCA,AA,1.0
OH,JAN,DFW,AA,1.0
OH,JAX,DCA,AA,1.0
OH,JAX,PHL,AA,1.0
OH,LAN,DCA,AA,1.0
OH,LAW,DFW,AA,1.0
OH,LBB,DFW,AA,1.0
OH,LEX,CLT,AA,1.0
OH,LEX,DFW,AA,1.0
OH,LEX,ORD,AA,1.0
OH,LEX,PHL,AA,1.0
OH,LFT,CLT,AA,1.0
OH,LFT,DFW,AA,1.0
OH,LIT,CLT,AA,1.0
OH,LIT,DFW,AA,1.0
OH,MAF,DFW,AA,1.0
OH,MCI,CLT,AA,1.0
OH,MCI,DCA,AA,1.0
OH,MCI,DFW,AA,1.0
OH,MCI,ORD,AA,1.0
OH,MCI,PHL,AA,1.0
OH,MDT,CLT,AA,1.0
OH,MEM,CLT,AA,1.0
OH,MEM,DCA,AA,1.0
OH,MEM,DFW,AA,1.0
OH,MEM,PHL,AA,1.0
OH,MGM,DCA,AA,1.0
OH,MGM,DFW,AA,1.0
OH,MHT,CLT,AA,1.0
OH,MHT,DCA,AA,1.0
OH,MKE,CLT,AA,1.0
OH,MKE,DCA,AA,1.0
OH,MKE,ORD,AA,1.0
OH,MKE,PHL,AA,1.0
OH,MLB,CLT,AA,1.0
OH,MLI,CLT,AA,1.0
OH,MLI,DFW,AA,1.0
OH,MOB,DFW,AA,1.0
OH,MSN,CLT,AA,1.0
OH,MSN,DCA,AA,1.0
OH,MSN,ORD,AA,1.0
OH,MSN,PHL,AA,1.0
OH,MSP,DCA,AA,1.0
OH,MSP,ORD,AA,1.0
OH,MSP,PHL,AA,1.0
OH,MSY,DCA,AA,1.0
OH,MSY,DFW,AA,1.0
OH,MSY,PHL,AA,1.0
OH,MYR,CLT,AA,1.0
OH,MYR,DCA,AA,1.0
OH,MYR,DFW,AA,1.0
OH,MYR,PHL,AA,1.0
OH,OAJ,CLT,AA,1.0
OH,OKC,CLT,AA,1.0
OH,OKC,DCA,AA,1.0
OH,OMA,CLT,AA,1.0
OH,OMA,DFW,AA,1.0
OH,OMA,PHL,AA,1.0
OH,ORD,ATL,AA,1.0
OH,ORD,BHM,AA,1.0
OH,ORD,CAK,AA,1.0
OH,ORD,CHS,AA,1.0
OH,ORD,CVG,AA,1.0
OH,ORD,DAY,AA,1.0
OH,ORD,DTW,AA,1.0
OH,ORD,FWA,AA,1.0
OH,ORD,GRR,AA,1.0
OH,ORD,GSP,AA,1.0
OH,ORD,LEX,AA,1.0
OH,ORD,MCI,AA,1.0
OH,ORD,MKE,AA,1.0
OH,ORD,MSN,AA,1.0
OH,ORD,MSP,AA,1.0
OH,ORD,ORF,AA,1.0
OH,ORD,RDU,AA,1.0
OH,ORD,TUL,AA,1.0
OH,ORD,TVC,AA,1.0
OH,ORD,TYS,AA,1.0
OH,ORF,CLT,AA,1.0
OH,ORF,DCA,AA,1.0
OH,ORF,ORD,AA,1.0
OH,ORF,PHL,AA,1.0
OH,PBI,DCA,AA,1.0
OH,PHL,ATL,AA,1.0
OH,PHL,BDL,AA,1.0
OH,PHL,BGR,AA,1.0
OH,PHL,BHM,AA,1.0
OH,PHL,BNA,AA,1.0
OH,PHL,BTV,AA,1.0
OH,PHL,BUF,AA,1.0
OH,PHL,CHS,AA,1.0
OH,PHL,CLE,AA,1.0
OH,PHL,CMH,AA,1.0
OH,PHL,CVG,AA,1.0
OH,PHL,DAY,AA,1.0
OH,PHL,DCA,AA,1.0
OH,PHL,DSM,AA,1.0
OH,PHL,DTW,AA,1.0
OH,PHL,ECP,AA,1.0
OH,PHL,GRR,AA,1.0
OH,PHL,GSO,AA,1.0
OH,PHL,GSP,AA,1.0
OH,PHL,IAH,AA,1.0
OH,PHL,ILM,AA,1.0
OH,PHL,IND,AA,1.0
OH,PHL,JAX,AA,1.0
OH,PHL,LEX,AA,1.0
OH,PHL,MCI,AA,1.0
OH,PHL,MEM,AA,1.0
OH,PHL,MKE,AA,1.0
OH,PHL,MSN,AA,1.0
OH,PHL,MSP,AA,1.0
OH,PHL,MSY,AA,1.0
OH,PHL,MYR,AA,1.0
OH,PHL,OMA,AA,1.0
OH,PHL,ORF,AA,1.0
OH,PHL,PIT,AA,1.0
OH,PHL,PNS,AA,1.0
OH,PHL,PVD,AA,1.0
OH,PHL,PWM,AA,1.0
OH,PHL,RDU,AA,1.0
OH,PHL,RIC,AA,1.0
OH,PHL,SAV,AA,1.0
OH,PHL,SCE,AA,1.0
OH,PHL,SDF,AA,1.0
OH,PHL,SRQ,AA,1.0
OH,PHL,STL,AA,1.0
OH,PHL,SYR,AA,1.0
OH,PHL,TVC,AA,1.0
OH,PHL,TYS,AA,1.0
OH,PHL,VPS,AA,1.0
OH,PHL,XNA,AA,1.0
OH,PIA,CLT,AA,1.0
OH,PIA,DFW,AA,1.0
OH,PIT,CLT,AA,1.0
OH,PIT,DCA,AA,1.0
OH,PIT,PHL,AA,1.0
OH,PNS,CLT,AA,1.0
OH,PNS,DCA,AA,1.0
OH,PNS,DFW,AA,1.0
OH,PNS,PHL,AA,1.0
OH,PVD,CLT,AA,1.0
OH,PVD,DCA,AA,1.0
OH,PVD,PHL,AA,1.0
OH,PWM,CLT,AA,1.0
OH,PWM,DCA,AA,1.0
OH,PWM,PHL,AA,1.0
OH,RAP,CLT,AA,1.0
OH,RDU,DCA,AA,1.0
OH,RDU,DFW,AA,1.0
OH,RDU,ORD,AA,1.0
OH,RDU,PHL,AA,1.0
OH,RIC,CLT,AA,1.0
OH,RIC,PHL,AA,1.0
OH,ROC,CLT,AA,1.0
OH,ROC,DCA,AA,1.0
OH,SAF,DFW,AA,1.0
OH,SAT,DFW,AA,1.0
OH,SAV,CLT,AA,1.0
OH,SAV,DCA,AA,1.0
OH,SAV,PHL,AA,1.0
OH,SBN,CLT,AA,1.0
OH,SBN,DFW,AA,1.0
OH,SCE,PHL,AA,1.0
OH,SDF,CLT,AA,1.0
OH,SDF,DCA,AA,1.0
OH,SDF,DFW,AA,1.0
OH,SDF,PHL,AA,1.0
OH,SGF,CLT,AA,1.0
OH,SGF,DFW,AA,1.0
OH,SHV,CLT,AA,1.0
OH,SHV,DFW,AA,1.0
OH,SRQ,CLT,AA,1.0
OH,SRQ,DFW,AA,1.0
OH,SRQ,PHL,AA,1.0
OH,STL,CLT,AA,1.0
OH,STL,DCA,AA,1.0
OH,STL,PHL,AA,1.0
OH,SWO,DFW,AA,1.0
OH,SYR,CLT,AA,1.0
OH,SYR,DCA,AA,1.0
OH,SYR,PHL,AA,1.0
OH,TLH,CLT,AA,1.0
OH,TLH,DCA,AA,1.0
OH,TLH,DFW,AA,1.0
OH,TUL,CLT,AA,1.0
OH,TUL,DCA,AA,1.0
OH,TUL,DFW,AA,1.0
OH,TUL,ORD,AA,1.0
OH,TVC,CLT,AA,1.0
OH,TVC,DCA,AA,1.0
OH,TVC,ORD,AA,1.0
OH,TVC,PHL,AA,1.0
OH,TYS,CLT,AA,1.0
OH,TYS,DCA,AA,1.0
OH,TYS,DFW,AA,1.0
OH,TYS,ORD,AA,1.0
OH,TYS,PHL,AA,1.0
OH,VPS,CLT,AA,1.0
OH,VPS,DCA,AA,1.0
OH,VPS,DFW,AA,1.0
OH,VPS,PHL,AA,1.0
OH,XNA,CLT,AA,1.0
OH,XNA,DFW,AA,1.0
OH,XNA,PHL,AA,1.0
OO,ABE,ORD,UA,1.0
OO,ABQ,DEN,UA,1.0
OO,ABQ,IAH,UA,1.0
OO,ABQ,LAX,AA,0.4074074074074074
OO,ABQ,LAX,DL,0.5925925925925926
OO,ABQ,ORD,UA,1.0
OO,ABQ,PHX,AA,1.0
OO,ABQ,SFO,UA,1.0
OO,ABQ,SLC,DL,1.0
OO,ABR,MSP,DL,1.0
OO,ABY,ATL,DL,1.0
OO,ACK,ORD,UA,1.0
OO,ACT,DFW,AA,1.0
OO,ACV,DEN,UA,1.0
OO,ACV,LAX,UA,1.0
OO,ACV,SFO,UA,1.0
OO,AEX,DFW,AA,1.0
OO,AGS,ATL,DL,1.0
OO,ALB,DTW,DL,1.0
OO,ALB,ORD,UA,1.0
OO,AMA,DEN,UA,1.0
OO,AMA,DFW,AA,1.0
OO,AMA,IAH,UA,1.0
OO,APN,DTW,DL,1.0
OO,ASE,ATL,DL,1.0
OO,ASE,AUS,AA,1.0
OO,ASE,CLT,AA,1.0
OO,ASE,DEN,UA,1.0
OO,ASE,DFW,AA,1.0
OO,ASE,IAH,UA,1.0
OO,ASE,LAX,AA,0.29276315789473684
OO,ASE,LAX,DL,0.20394736842105263
OO,ASE,LAX,UA,0.5032894736842105
OO,ASE,ORD,AA,0.4326923076923077
OO,ASE,ORD,UA,0.5673076923076923
OO,ASE,PHX,AA,1.0
OO,ASE,SFO,UA,1.0
OO,ATL,ABY,DL,1.0
OO,ATL,AGS,DL,1.0
OO,ATL,ASE,DL,1.0
OO,ATL,BMI,DL,1.0
OO,ATL,BQK,DL,1.0
OO,ATL,BTR,DL,1.0
OO,ATL,CHS,DL,1.0
OO,ATL,CRW,DL,1.0
OO,ATL,DHN,DL,1.0
OO,ATL,EVV,DL,1.0
OO,ATL,FAR,DL,1.0
OO,ATL,FAY,DL,1.0
OO,ATL,FWA,DL,1.0
OO,ATL,LFT,DL,1.0
OO,ATL,MEM,DL,1.0
OO,ATL,MGM,DL,1.0
OO,ATL,MOB,DL,1.0
OO,ATL,OAJ,DL,1.0
OO,ATL,ORD,AA,1.0
OO,ATL,SBN,DL,1.0
OO,ATL,SGF,DL,1.0
OO,ATL,SHV,DL,1.0
OO,ATL,TRI,DL,1.0
OO,ATL,XNA,DL,1.0
OO,ATW,DEN,UA,1.0
OO,ATW,DTW,DL,1.0
OO,ATW,MSP,DL,1.0
OO,ATW,ORD,UA,1.0
OO,ATY,DEN,UA,1.0
OO,ATY,MSP,DL,1.0
OO,AUS,ASE,AA,1.0
OO,AUS,BNA,DL,1.0
OO,AUS,DEN,DL,0.9253731343283582
OO,AUS,DEN,UA,0.07462686567164178
OO,AUS,DFW,AA,1.0
OO,AUS,ECP,DL,1.0
OO,AUS,IAH,UA,1.0
OO,AUS,IND,DL,1.0
OO,AUS,JAX,DL,1.0
OO,AUS,LAX,AA,0.453125
OO,AUS,LAX,UA,0.546875
OO,AUS,MAF,DL,1.0
OO,AUS,MEM,DL,1.0
OO,AUS,MFE,DL,1.0
OO,AUS,MSP,DL,1.0
OO,AUS,MSY,DL,1.0
OO,AUS,PSP,DL,1.0
OO,AUS,SAN,AS,1.0
OO,AUS,SLC,DL,1.0
OO,AVL,DEN,UA,1.0
OO,AVL,ORD,UA,1.0
OO,AZO,DTW,DL,1.0
OO,BDL,DTW,DL,1.0
OO,BDL,ORD,UA,1.0
OO,BFF,DEN,UA,1.0
OO,BFL,DEN,UA,1.0
OO,BFL,PHX,AA,1.0
OO,BFL,SFO,UA,1.0
OO,BGM,DTW,DL,1.0
OO,BHM,CLT,AA,1.0
OO,BHM,DEN,UA,1.0
OO,BHM,DFW,AA,1.0
OO,BHM,DTW,DL,1.0
OO,BHM,IAH,UA,1.0
OO,BHM,ORD,AA,1.0
OO,BIH,DEN,UA,1.0
OO,BIH,SFO,UA,1.0
OO,BIL,DEN,UA,1.0
OO,BIL,ORD,UA,1.0
OO,BIL,SLC,DL,1.0
OO,BIS,DEN,UA,1.0
OO,BIS,MSP,DL,1.0
OO,BJI,MSP,DL,1.0
OO,BLI,SEA,AS,1.0
OO,BMI,ATL,DL,1.0
OO,BNA,AUS,DL,1.0
OO,BNA,DFW,AA,1.0
OO,BNA,DTW,DL,1.0
OO,BNA,IAH,UA,1.0
OO,BNA,LGA,DL,1.0
OO,BNA,ORD,AA,0.5126050420168067
OO,BNA,ORD,UA,0.48739495798319327
OO,BOI,BUR,AS,1.0
OO,BOI,DEN,UA,1.0
OO,BOI,GEG,AS,1.0
OO,BOI,LAS,AS,1.0
OO,BOI,LAX,AS,0.2641509433962264
OO,BOI,LAX,DL,0.44339622641509435
OO,BOI,LAX,UA,0.29245283018867924
OO,BOI,ORD,AA,0.050505050505050504
OO,BOI,ORD,UA,0.9494949494949495
OO,BOI,PDX,AS,1.0
OO,BOI,PHX,AA,1.0
OO,BOI,SAN,AS,1.0
OO,BOI,SEA,AS,0.2283464566929134
OO,BOI,SEA,DL,0.7716535433070866
OO,BOI,SFO,AS,0.14644351464435146
OO,BOI,SFO,UA,0.8535564853556485
OO,BOI,SJC,AS,1.0
OO,BOI,SLC,DL,1.0
OO,BPT,DFW,AA,1.0
OO,BQK,ATL,DL,1.0
OO,BRD,MSP,DL,1.0
OO,BRO,DFW,AA,1.0
OO,BTM,DEN,UA,1.0
OO,BTM,SLC,DL,1.0
OO,BTR,ATL,DL,1.0
OO,BTR,DFW,AA,1.0
OO,BTR,IAH,UA,1.0
OO,BTV,DTW,DL,1.0
OO,BTV,ORD,AA,0.8108108108108109
OO,BTV,ORD,UA,0.1891891891891892
OO,BUF,DTW,DL,1.0
OO,BUF,ORD,AA,0.21818181818181817
OO,BUF,ORD,UA,0.7818181818181819
OO,BUR,BOI,AS,1.0
OO,BUR,EUG,AS,1.0
OO,BUR,PDX,AS,1.0
OO,BUR,PHX,AA,1.0
OO,BUR,PSC,AS,1.0
OO,BUR,RDM,AS,1.0
OO,BUR,SFO,AS,0.4458874458874459
OO,BUR,SFO,UA,0.5541125541125541
OO,BUR,SLC,DL,1.0
OO,BUR,STS,AS,1.0
OO,BWI,ORD,UA,1.0
OO,BZN,DEN,UA,1.0
OO,BZN,LAX,AA,0.08771929824561403
OO,BZN,LAX,DL,0.543859649122807
OO,BZN,LAX,UA,0.3684210526315789
OO,BZN,ORD,UA,1.0
OO,BZN,PDX,AS,1.0
OO,BZN,SAN,AS,1.0
OO,BZN,SEA,AS,0.12359550561797752
OO,BZN,SEA,DL,0.8764044943820225
OO,BZN,SFO,UA,1.0
OO,BZN,SLC,DL,1.0
OO,CAE,ORD,UA,1.0
OO,CAK,ORD,UA,1.0
OO,CDC,SLC,DL,1.0
OO,CHA,CLT,AA,1.0
OO,CHA,DFW,AA,1.0
OO,CHA,ORD,UA,1.0
OO,CHO,ORD,UA,1.0
OO,CHS,ATL,DL,1.0
OO,CHS,DTW,DL,1.0
OO,CID,DEN,UA,1.0
OO,CID,MSP,DL,1.0
OO,CID,ORD,AA,0.4375
OO,CID,ORD,UA,0.5625
OO,CID,PHX,AA,1.0
OO,CIU,DTW,DL,1.0
OO,CIU,MSP,DL,1.0
OO,CIU,ORD,UA,1.0
OO,CLE,DTW,DL,1.0
OO,CLE,MSP,DL,1.0
OO,CLE,ORD,AA,0.9223300970873787
OO,CLE,ORD,UA,0.07766990291262135
OO,CLT,ASE,AA,1.0
OO,CLT,BHM,AA,1.0
OO,CLT,CHA,AA,1.0
OO,CLT,IAH,UA,1.0
OO,CLT,ORD,UA,1.0
OO,CLT,RIC,AA,1.0
OO,CLT,SHV,AA,1.0
OO,CMH,DTW,DL,1.0
OO,CMH,IAH,UA,1.0
OO,CMH,MSP,DL,1.0
OO,CMH,ORD,AA,0.9568965517241379
OO,CMH,ORD,UA,0.04310344827586207
OO,CMX,ORD,UA,1.0
OO,COD,DEN,UA,1.0
OO,COS,DEN,UA,1.0
OO,COS,DFW,AA,1.0
OO,COS,IAH,UA,1.0
OO,COS,ORD,AA,0.4806201550387597
OO,COS,ORD,UA,0.5193798449612403
OO,COS,SLC,DL,1.0
OO,COU,DEN,UA,1.0
OO,COU,DFW,AA,1.0
OO,COU,ORD,UA,1.0
OO,CPR,DEN,UA,1.0
OO,CRP,DFW,AA,1.0
OO,CRP,IAH,UA,1.0
OO,CRW,ATL,DL,1.0
OO,CRW,ORD,UA,1.0
OO,CVG,ORD,AA,0.5339805825242718
OO,CVG,ORD,UA,0.46601941747572817
OO,CYS,DEN,UA,1.0
OO,DAY,DEN,UA,1.0
OO,DAY,ORD,UA,1.0
OO,DDC,DEN,UA,1.0
OO,DEC,ORD,UA,1.0
OO,DEN,ABQ,UA,1.0
OO,DEN,ACV,UA,1.0
OO,DEN,AMA,UA,1.0
OO,DEN,ASE,UA,1.0
OO,DEN,ATW,UA,1.0
OO,DEN,ATY,UA,1.0
OO,DEN,AUS,DL,0.9393939393939394
OO,DEN,AUS,UA,0.06060606060606061
OO,DEN,AVL,UA,1.0
OO,DEN,BFF,UA,1.0
OO,DEN,BFL,UA,1.0
OO,DEN,BHM,UA,1.0
OO,DEN,BIH,UA,1.0
OO,DEN,BIL,UA,1.0
OO,DEN,BIS,UA,1.0
OO,DEN,BOI,UA,1.0
OO,DEN,BTM,UA,1.0
OO,DEN,BZN,UA,1.0
OO,DEN,CID,UA,1.0
OO,DEN,COD,UA,1.0
OO,DEN,COS,UA,1.0
OO,DEN,COU,UA,1.0
OO,DEN,CPR,UA,1.0
OO,DEN,CYS,UA,1.0
OO,DEN,DAY,UA,1.0
OO,DEN,DDC,UA,1.0
OO,DEN,DFW,UA,1.0
OO,DEN,DIK,UA,1.0
OO,DEN,DRO,UA,1.0
OO,DEN,DSM,UA,1.0
OO,DEN,DVL,UA,1.0
OO,DEN,EAR,UA,1.0
OO,DEN,EGE,UA,1.0
OO,DEN,ELP,UA,1.0
OO,DEN,EUG,UA,1.0
OO,DEN,FAR,UA,1.0
OO,DEN,FAT,UA,1.0
OO,DEN,FCA,UA,1.0
OO,DEN,FMN,UA,1.0
OO,DEN,FSD,UA,1.0
OO,DEN,GCC,UA,1.0
OO,DEN,GEG,UA,1.0
OO,DEN,GJT,UA,1.0
OO,DEN,GSO,UA,1.0
OO,DEN,GSP,UA,1.0
OO,DEN,GTF,UA,1.0
OO,DEN,GUC,UA,1.0
OO,DEN,HDN,UA,1.0
OO,DEN,HLN,UA,1.0
OO,DEN,HOB,UA,1.0
OO,DEN,HSV,UA,1.0
OO,DEN,HYS,UA,1.0
OO,DEN,ICT,UA,1.0
OO,DEN,IDA,UA,1.0
OO,DEN,ILM,UA,1.0
OO,DEN,JAC,UA,1.0
OO,DEN,JLN,UA,1.0
OO,DEN,JMS,UA,1.0
OO,DEN,LAR,UA,1.0
OO,DEN,LAX,AA,0.6695652173913044
OO,DEN,LAX,DL,0.33043478260869563
OO,DEN,LBB,UA,1.0
OO,DEN,LBF,UA,1.0
OO,DEN,LBL,UA,1.0
OO,DEN,LEX,UA,1.0
OO,DEN,LIT,UA,1.0
OO,DEN,LNK,UA,1.0
OO,DEN,MAF,UA,1.0
OO,DEN,MCI,UA,1.0
OO,DEN,MFR,UA,1.0
OO,DEN,MKE,UA,1.0
OO,DEN,MLI,UA,1.0
OO,DEN,MOT,UA,1.0
OO,DEN,MRY,UA,1.0
OO,DEN,MSN,UA,1.0
OO,DEN,MSO,UA,1.0
OO,DEN,MSP,UA,1.0
OO,DEN,MTJ,UA,1.0
OO,DEN,OKC,UA,1.0
OO,DEN,OMA,UA,1.0
OO,DEN,OTH,UA,1.0
OO,DEN,PDX,AS,1.0
OO,DEN,PIA,UA,1.0
OO,DEN,PIR,UA,1.0
OO,DEN,PRC,UA,1.0
OO,DEN,PSC,UA,1.0
OO,DEN,PSP,UA,1.0
OO,DEN,RAP,UA,1.0
OO,DEN,RDD,UA,1.0
OO,DEN,RIW,UA,1.0
OO,DEN,RKS,UA,1.0
OO,DEN,SAF,UA,1.0
OO,DEN,SAN,AS,1.0
OO,DEN,SAT,UA,1.0
OO,DEN,SAV,UA,1.0
OO,DEN,SBP,UA,1.0
OO,DEN,SEA,DL,1.0
OO,DEN,SGF,UA,1.0
OO,DEN,SGU,UA,1.0
OO,DEN,SHR,UA,1.0
OO,DEN,SHV,UA,1.0
OO,DEN,SLC,UA,1.0
OO,DEN,SLN,UA,1.0
OO,DEN,STL,UA,1.0
OO,DEN,SUN,UA,1.0
OO,DEN,SUX,UA,1.0
OO,DEN,TUL,UA,1.0
OO,DEN,TUS,UA,1.0
OO,DEN,TYS,UA,1.0
OO,DEN,WYS,UA,1.0
OO,DEN,XNA,UA,1.0
OO,DEN,XWA,UA,1.0
OO,DFW,ACT,AA,1.0
OO,DFW,AEX,AA,1.0
OO,DFW,AMA,AA,1.0
OO,DFW,ASE,AA,1.0
OO,DFW,AUS,AA,1.0
OO,DFW,BHM,AA,1.0
OO,DFW,BNA,AA,1.0
OO,DFW,BPT,AA,1.0
OO,DFW,BRO,AA,1.0
OO,DFW,BTR,AA,1.0
OO,DFW,CHA,AA,1.0
OO,DFW,COS,AA,1.0
OO,DFW,COU,AA,1.0
OO,DFW,CRP,AA,1.0
OO,DFW,DEN,UA,1.0
OO,DFW,DRO,AA,1.0
OO,DFW,FLG,AA,1.0
OO,DFW,FSD,AA,1.0
OO,DFW,GCK,AA,1.0
OO,DFW,GJT,AA,1.0
OO,DFW,GRI,AA,1.0
OO,DFW,GRK,AA,1.0
OO,DFW,GTR,AA,1.0
OO,DFW,GUC,AA,1.0
OO,DFW,HOU,AA,1.0
OO,DFW,IAH,AA,0.07692307692307693
OO,DFW,IAH,UA,0.9230769230769231
OO,DFW,IDA,AA,1.0
OO,DFW,JAN,AA,1.0
OO,DFW,LBB,AA,1.0
OO,DFW,LCH,AA,1.0
OO,DFW,LEX,AA,1.0
OO,DFW,LFT,AA,1.0
OO,DFW,LIT,AA,1.0
OO,DFW,LRD,AA,1.0
OO,DFW,MAF,AA,1.0
OO,DFW,MCI,AA,1.0
OO,DFW,MEM,AA,1.0
OO,DFW,MFE,AA,1.0
OO,DFW,MGM,AA,1.0
OO,DFW,MHK,AA,1.0
OO,DFW,MSP,AA,1.0
OO,DFW,OKC,AA,1.0
OO,DFW,OMA,AA,1.0
OO,DFW,PVU,AA,1.0
OO,DFW,ROW,AA,1.0
OO,DFW,SAF,AA,1.0
OO,DFW,SAT,AA,1.0
OO,DFW,SBN,AA,1.0
OO,DFW,SFO,UA,1.0
OO,DFW,SGU,AA,1.0
OO,DFW,SHV,AA,1.0
OO,DFW,SJT,AA,1.0
OO,DFW,SPS,AA,1.0
OO,DFW,STL,AA,1.0
OO,DFW,SWO,AA,1.0
OO,DFW,TLH,AA,1.0
OO,DFW,TUL,AA,1.0
OO,DFW,TYR,AA,1.0
OO,DFW,TYS,AA,1.0
OO,DFW,YUM,AA,1.0
OO,DHN,ATL,DL,1.0
OO,DIK,DEN,UA,1.0
OO,DLH,MSP,DL,1.0
OO,DLH,ORD,UA,1.0
OO,DRO,DEN,UA,1.0
OO,DRO,DFW,AA,1.0
OO,DRO,PHX,AA,1.0
OO,DSM,DEN,UA,1.0
OO,DSM,LAX,AA,1.0
OO,DSM,ORD,AA,0.5961538461538461
OO,DSM,ORD,UA,0.40384615384615385
OO,DSM,PHX,AA,1.0
OO,DTW,ALB,DL,1.0
OO,DTW,APN,DL,1.0
OO,DTW,ATW,DL,1.0
OO,DTW,AZO,DL,1.0
OO,DTW,BDL,DL,1.0
OO,DTW,BGM,DL,1.0
OO,DTW,BHM,DL,1.0
OO,DTW,BNA,DL,1.0
OO,DTW,BTV,DL,1.0
OO,DTW,BUF,DL,1.0
OO,DTW,CHS,DL,1.0
OO,DTW,CIU,DL,1.0
OO,DTW,CLE,DL,1.0
OO,DTW,CMH,DL,1.0
OO,DTW,ELM,DL,1.0
OO,DTW,ESC,DL,1.0
OO,DTW,FWA,DL,1.0
OO,DTW,GRB,DL,1.0
OO,DTW,GRR,DL,1.0
OO,DTW,GSO,DL,1.0
OO,DTW,GSP,DL,1.0
OO,DTW,HPN,DL,1.0
OO,DTW,HSV,DL,1.0
OO,DTW,IAD,DL,1.0
OO,DTW,IMT,DL,1.0
OO,DTW,IND,DL,1.0
OO,DTW,LAN,DL,1.0
OO,DTW,LEX,DL,1.0
OO,DTW,MBS,DL,1.0
OO,DTW,MCI,DL,1.0
OO,DTW,MDT,DL,1.0
OO,DTW,MDW,DL,1.0
OO,DTW,MEM,DL,1.0
OO,DTW,MKE,DL,1.0
OO,DTW,MQT,DL,1.0
OO,DTW,MSN,DL,1.0
OO,DTW,OMA,DL,1.0
OO,DTW,ORD,AA,0.42105263157894735
OO,DTW,ORD,DL,0.1021671826625387
OO,DTW,ORD,UA,0.47678018575851394
OO,DTW,ORF,DL,1.0
OO,DTW,PHL,DL,1.0
OO,DTW,PIT,DL,1.0
OO,DTW,PLN,DL,1.0
OO,DTW,PVD,DL,1.0
OO,DTW,PWM,DL,1.0
OO,DTW,RIC,DL,1.0
OO,DTW,ROC,DL,1.0
OO,DTW,SAV,DL,1.0
OO,DTW,SBN,DL,1.0
OO,DTW,SDF,DL,1.0
OO,DTW,STL,DL,1.0
OO,DTW,SYR,DL,1.0
OO,DTW,TVC,DL,1.0
OO,DVL,DEN,UA,1.0
OO,EAR,DEN,UA,1.0
OO,EAU,ORD,UA,1.0
OO,ECP,AUS,DL,1.0
OO,ECP,IAH,UA,1.0
OO,ECP,ORD,UA,1.0
OO,EGE,DEN,UA,1.0
OO,EGE,LAX,AA,0.2911392405063291
OO,EGE,LAX,DL,0.3924050632911392
OO,EGE,LAX,UA,0.31645569620253167
OO,EGE,MSP,DL,1.0
OO,EGE,PHX,AA,1.0
OO,EGE,SAN,AS,1.0
OO,EGE,SEA,AS,1.0
OO,EGE,SFO,UA,1.0
OO,EKO,SLC,DL,1.0
OO,ELM,DTW,DL,1.0
OO,ELP,DEN,UA,1.0
OO,ELP,IAH,UA,1.0
OO,ELP,LAX,AA,1.0
OO,ELP,ORD,AA,0.02857142857142857
OO,ELP,ORD,UA,0.9714285714285714
OO,ELP,PHX,AA,1.0
OO,ESC,DTW,DL,1.0
OO,ESC,MSP,DL,1.0
OO,EUG,BUR,AS,1.0
OO,EUG,DEN,UA,1.0
OO,EUG,LAX,AS,1.0
OO,EUG,PDX,AS,1.0
OO,EUG,SAN,AS,1.0
OO,EUG,SEA,AS,0.3320610687022901
OO,EUG,SEA,DL,0.6679389312977099
OO,EUG,SFO,UA,1.0
OO,EUG,SLC,DL,1.0
OO,EVV,ATL,DL,1.0
OO,FAR,ATL,DL,1.0
OO,FAR,DEN,UA,1.0
OO,FAR,MSP,DL,1.0
OO,FAR,ORD,AA,0.027932960893854747
OO,FAR,ORD,UA,0.9720670391061452
OO,FAT,DEN,UA,1.0
OO,FAT,LAX,UA,1.0
OO,FAT,PDX,AS,1.0
OO,FAT,PHX,AA,1.0
OO,FAT,SAN,AS,1.0
OO,FAT,SEA,AS,1.0
OO,FAT,SFO,UA,1.0
OO,FAT,SLC,DL,1.0
OO,FAY,ATL,DL,1.0
OO,FCA,DEN,UA,1.0
OO,FCA,LAX,UA,1.0
OO,FCA,MSP,DL,1.0
OO,FCA,ORD,UA,1.0
OO,FCA,PDX,AS,1.0
OO,FCA,SAN,AS,1.0
OO,FCA,SEA,AS,1.0
OO,FCA,SFO,UA,1.0
OO,FCA,SLC,DL,1.0
OO,FLG,DFW,AA,1.0
OO,FLG,PHX,AA,1.0
OO,FMN,DEN,UA,1.0
OO,FNT,ORD,AA,0.5333333333333333
OO,FNT,ORD,UA,0.4666666666666667
OO,FOD,ORD,UA,1.0
OO,FSD,DEN,UA,1.0
OO,FSD,DFW,AA,1.0
OO,FSD,MSP,DL,1.0
OO,FSD,ORD,AA,0.7486033519553073
OO,FSD,ORD,UA,0.25139664804469275
OO,FSD,PHX,AA,1.0
OO,FWA,ATL,DL,1.0
OO,FWA,DTW,DL,1.0
OO,FWA,MSP,DL,1.0
OO,FWA,ORD,AA,0.20202020202020202
OO,FWA,ORD,UA,0.797979797979798
OO,GCC,DEN,UA,1.0
OO,GCK,DFW,AA,1.0
OO,GEG,BOI,AS,1.0
OO,GEG,DEN,UA,1.0
OO,GEG,LAX,DL,1.0
OO,GEG,ORD,UA,1.0
OO,GEG,PDX,AS,1.0
OO,GEG,SEA,AS,0.18294849023090587
OO,GEG,SEA,DL,0.8170515097690941
OO,GEG,SFO,AS,0.22900763358778625
OO,GEG,SFO,UA,0.7709923664122137
OO,GEG,SLC,DL,1.0
OO,GFK,MSP,DL,1.0
OO,GJT,DEN,UA,1.0
OO,GJT,DFW,AA,1.0
OO,GJT,PHX,AA,1.0
OO,GJT,SLC,DL,1.0
OO,GRB,DTW,DL,1.0
OO,GRB,MSP,DL,1.0
OO,GRB,ORD,UA,1.0
OO,GRI,DFW,AA,1.0
OO,GRK,DFW,AA,1.0
OO,GRR,DTW,DL,1.0
OO,GRR,MSP,DL,1.0
OO,GRR,ORD,AA,0.5903614457831325
OO,GRR,ORD,UA,0.40963855421686746
OO,GSO,DEN,UA,1.0
OO,GSO,DTW,DL,1.0
OO,GSO,ORD,UA,1.0
OO,GSP,DEN,UA,1.0
OO,GSP,DTW,DL,1.0
OO,GSP,IAH,UA,1.0
OO,GSP,ORD,UA,1.0
OO,GTF,DEN,UA,1.0
OO,GTF,MSP,DL,1.0
OO,GTF,ORD,UA,1.0
OO,GTF,SEA,AS,1.0
OO,GTF,SLC,DL,1.0
OO,GTR,DFW,AA,1.0
OO,GUC,DEN,UA,1.0
OO,GUC,DFW,AA,1.0
OO,GUC,ORD,UA,1.0
OO,HDN,DEN,UA,1.0
OO,HDN,IAH,UA,1.0
OO,HDN,LAX,UA,1.0
OO,HDN,SAN,AS,1.0
OO,HDN,SEA,AS,1.0
OO,HDN,SFO,UA,1.0
OO,HIB,MSP,DL,1.0
OO,HLN,DEN,UA,1.0
OO,HLN,SLC,DL,1.0
OO,HOB,DEN,UA,1.0
OO,HOB,IAH,UA,1.0
OO,HOU,DFW,AA,1.0
OO,HPN,DTW,DL,1.0
OO,HSV,DEN,UA,1.0
OO,HSV,DTW,DL,1.0
OO,HSV,ORD,AA,0.6944444444444444
OO,HSV,ORD,UA,0.3055555555555556
OO,HYS,DEN,UA,1.0
OO,IAD,DTW,DL,1.0
OO,IAD,JST,UA,1.0
OO,IAD,MGW,UA,1.0
OO,IAD,MSP,DL,1.0
OO,IAH,ABQ,UA,1.0
OO,IAH,AMA,UA,1.0
OO,IAH,ASE,UA,1.0
OO,IAH,AUS,UA,1.0
OO,IAH,BHM,UA,1.0
OO,IAH,BNA,UA,1.0
OO,IAH,BTR,UA,1.0
OO,IAH,CLT,UA,1.0
OO,IAH,CMH,UA,1.0
OO,IAH,COS,UA,1.0
OO,IAH,CRP,UA,1.0
OO,IAH,DFW,AA,0.07692307692307693
OO,IAH,DFW,UA,0.9230769230769231
OO,IAH,ECP,UA,1.0
OO,IAH,ELP,UA,1.0
OO,IAH,GSP,UA,1.0
OO,IAH,HDN,UA,1.0
OO,IAH,HOB,UA,1.0
OO,IAH,ICT,UA,1.0
OO,IAH,JAN,UA,1.0
OO,IAH,LAX,AA,1.0
OO,IAH,LBB,UA,1.0
OO,IAH,LFT,UA,1.0
OO,IAH,LGA,UA,1.0
OO,IAH,LIT,UA,1.0
OO,IAH,MAF,UA,1.0
OO,IAH,MEI,UA,1.0
OO,IAH,MEM,UA,1.0
OO,IAH,MKE,UA,1.0
OO,IAH,MSP,DL,1.0
OO,IAH,OKC,UA,1.0
OO,IAH,OMA,UA,1.0
OO,IAH,PHX,AA,1.0
OO,IAH,PIB,UA,1.0
OO,IAH,PIT,UA,1.0
OO,IAH,PNS,UA,1.0
OO,IAH,PWM,UA,1.0
OO,IAH,SAF,UA,1.0
OO,IAH,SAT,UA,1.0
OO,IAH,SGF,UA,1.0
OO,IAH,SHV,UA,1.0
OO,IAH,SLC,UA,1.0
OO,IAH,SLN,UA,1.0
OO,IAH,STL,UA,1.0
OO,IAH,TUL,UA,1.0
OO,IAH,TUS,UA,1.0
OO,IAH,TVC,UA,1.0
OO,IAH,VCT,UA,1.0
OO,IAH,XNA,UA,1.0
OO,ICT,DEN,UA,1.0
OO,ICT,IAH,UA,1.0
OO,ICT,MSP,DL,1.0
OO,ICT,ORD,AA,0.5454545454545454
OO,ICT,ORD,UA,0.45454545454545453
OO,ICT,PHX,AA,1.0
OO,IDA,DEN,UA,1.0
OO,IDA,DFW,AA,1.0
OO,IDA,PHX,AA,1.0
OO,IDA,SEA,AS,1.0
OO,IDA,SLC,DL,1.0
OO,ILM,DEN,UA,1.0
OO,ILM,ORD,UA,1.0
OO,IMT,DTW,DL,1.0
OO,IMT,MSP,DL,1.0
OO,IND,AUS,DL,1.0
OO,IND,DTW,DL,1.0
OO,IND,MSP,DL,1.0
OO,IND,ORD,AA,0.3082706766917293
OO,IND,ORD,UA,0.6917293233082706
OO,INL,MSP,DL,1.0
OO,JAC,DEN,UA,1.0
OO,JAC,LAX,AA,0.515625
OO,JAC,LAX,DL,0.2421875
OO,JAC,LAX,UA,0.2421875
OO,JAC,SAN,AS,1.0
OO,JAC,SEA,AS,1.0
OO,JAC,SFO,AS,0.9117647058823529
OO,JAC,SFO,UA,0.08823529411764706
OO,JAC,SLC,DL,1.0
OO,JAN,DFW,AA,1.0
OO,JAN,IAH,UA,1.0
OO,JAX,AUS,DL,1.0
OO,JAX,ORD,UA,1.0
OO,JLN,DEN,UA,1.0
OO,JLN,ORD,UA,1.0
OO,JMS,DEN,UA,1.0
OO,JST,IAD,UA,1.0
OO,JST,ORD,UA,1.0
OO,LAF,ORD,UA,1.0
OO,LAN,DTW,DL,1.0
OO,LAR,DEN,UA,1.0
OO,LAS,BOI,AS,1.0
OO,LAS,LAX,AS,0.5396825396825397
OO,LAS,LAX,UA,0.4603174603174603
OO,LAS,SAN,AS,0.565359477124183
OO,LAS,SAN,DL,0.434640522875817
OO,LAS,SBP,AS,1.0
OO,LAS,SEA,AS,1.0
OO,LAS,SFO,AS,1.0
OO,LAS,SJC,AS,0.12244897959183673
OO,LAS,SJC,DL,0.8775510204081632
OO,LAS,SLC,DL,1.0
OO,LAS,SMF,DL,1.0
OO,LAS,SNA,DL,1.0
OO,LAS,STS,AS,1.0
OO,LAX,ABQ,AA,0.40298507462686567
OO,LAX,ABQ,DL,0.5970149253731343
OO,LAX,ACV,UA,1.0
OO,LAX,ASE,AA,0.29276315789473684
OO,LAX,ASE,DL,0.20394736842105263
OO,LAX,ASE,UA,0.5032894736842105
OO,LAX,AUS,AA,0.4523809523809524
OO,LAX,AUS,UA,0.5476190476190477
OO,LAX,BOI,AS,0.26066350710900477
OO,LAX,BOI,DL,0.44549763033175355
OO,LAX,BOI,UA,0.2938388625592417
OO,LAX,BZN,AA,0.08620689655172414
OO,LAX,BZN,DL,0.5344827586206896
OO,LAX,BZN,UA,0.3793103448275862
OO,LAX,DEN,AA,0.6666666666666666
OO,LAX,DEN,DL,0.3333333333333333
OO,LAX,DSM,AA,1.0
OO,LAX,EGE,AA,0.2911392405063291
OO,LAX,EGE,DL,0.3924050632911392
OO,LAX,EGE,UA,0.31645569620253167
OO,LAX,ELP,AA,1.0
OO,LAX,EUG,AS,1.0
OO,LAX,FAT,UA,1.0
OO,LAX,FCA,UA,1.0
OO,LAX,GEG,DL,1.0
OO,LAX,HDN,UA,1.0
OO,LAX,IAH,AA,1.0
OO,LAX,JAC,AA,0.515625
OO,LAX,JAC,DL,0.2421875
OO,LAX,JAC,UA,0.2421875
OO,LAX,LAS,AS,0.5396825396825397
OO,LAX,LAS,UA,0.4603174603174603
OO,LAX,MRY,UA,1.0
OO,LAX,MSO,AA,1.0
OO,LAX,MTJ,UA,1.0
OO,LAX,OKC,AA,1.0
OO,LAX,OMA,AA,1.0
OO,LAX,PDX,AA,1.0
OO,LAX,PHX,AA,0.013297872340425532
OO,LAX,PHX,DL,0.6808510638297872
OO,LAX,PHX,UA,0.3058510638297872
OO,LAX,PRC,UA,1.0
OO,LAX,PSC,AS,1.0
OO,LAX,PSP,UA,1.0
OO,LAX,RDD,UA,1.0
OO,LAX,RDM,UA,1.0
OO,LAX,RNO,AS,0.0847457627118644
OO,LAX,RNO,DL,0.5169491525423728
OO,LAX,RNO,UA,0.3983050847457627
OO,LAX,SAF,AA,1.0
OO,LAX,SAN,DL,0.5703517587939698
OO,LAX,SAN,UA,0.4296482412060301
OO,LAX,SAT,AA,1.0
OO,LAX,SBA,UA,1.0
OO,LAX,SBP,UA,1.0
OO,LAX,SEA,AA,0.5812807881773399
OO,LAX,SEA,AS,0.0049261083743842365
OO,LAX,SEA,UA,0.41379310344827586
OO,LAX,SFO,AA,0.5425
OO,LAX,SFO,AS,0.38
OO,LAX,SFO,UA,0.0775
OO,LAX,SGU,UA,1.0
OO,LAX,SJC,AS,0.042606516290726815
OO,LAX,SJC,DL,0.9573934837092731
OO,LAX,SLC,AA,0.49137931034482757
OO,LAX,SLC,UA,0.5086206896551724
OO,LAX,SMF,AA,0.2655172413793103
OO,LAX,SMF,DL,0.5224137931034483
OO,LAX,SMF,UA,0.2120689655172414
OO,LAX,STL,AA,1.0
OO,LAX,STS,AS,1.0
OO,LAX,SUN,DL,0.05102040816326531
OO,LAX,SUN,UA,0.9489795918367347
OO,LAX,TUL,AA,1.0
OO,LAX,TUS,AA,0.5360230547550432
OO,LAX,TUS,DL,0.46397694524495675
OO,LAX,XNA,AA,1.0
OO,LBB,DEN,UA,1.0
OO,LBB,DFW,AA,1.0
OO,LBB,IAH,UA,1.0
OO,LBB,PHX,AA,1.0
OO,LBF,DEN,UA,1.0
OO,LBL,DEN,UA,1.0
OO,LCH,DFW,AA,1.0
OO,LEX,DEN,UA,1.0
OO,LEX,DFW,AA,1.0
OO,LEX,DTW,DL,1.0
OO,LEX,ORD,AA,0.551219512195122
OO,LEX,ORD,UA,0.44878048780487806
OO,LFT,ATL,DL,1.0
OO,LFT,DFW,AA,1.0
OO,LFT,IAH,UA,1.0
OO,LGA,BNA,DL,1.0
OO,LGA,IAH,UA,1.0
OO,LGA,OKC,DL,1.0
OO,LGA,ORD,UA,1.0
OO,LGA,PIT,DL,1.0
OO,LGA,ROC,DL,1.0
OO,LGA,SDF,DL,1.0
OO,LGB,SLC,DL,1.0
OO,LIT,DEN,UA,1.0
OO,LIT,DFW,AA,1.0
OO,LIT,IAH,UA,1.0
OO,LIT,ORD,UA,1.0
OO,LIT,SLC,DL,1.0
OO,LNK,DEN,UA,1.0
OO,LNK,ORD,UA,1.0
OO,LRD,DFW,AA,1.0
OO,LWS,SEA,DL,1.0
OO,LWS,SLC,DL,1.0
OO,MAF,AUS,DL,1.0
OO,MAF,DEN,UA,1.0
OO,MAF,DFW,AA,1.0
OO,MAF,IAH,UA,1.0
OO,MAF,PHX,AA,1.0
OO,MBS,DTW,DL,1.0
OO,MBS,ORD,UA,1.0
OO,MCI,DEN,UA,1.0
OO,MCI,DFW,AA,1.0
OO,MCI,DTW,DL,1.0
OO,MCI,MSP,DL,1.0
OO,MCI,ORD,AA,0.608
OO,MCI,ORD,UA,0.392
OO,MCI,SFO,UA,1.0
OO,MCW,ORD,UA,1.0
OO,MDT,DTW,DL,1.0
OO,MDT,ORD,UA,1.0
OO,MDW,DTW,DL,1.0
OO,MDW,MSP,DL,1.0
OO,MEI,IAH,UA,1.0
OO,MEM,ATL,DL,1.0
OO,MEM,AUS,DL,1.0
OO,MEM,DFW,AA,1.0
OO,MEM,DTW,DL,1.0
OO,MEM,IAH,UA,1.0
OO,MEM,MSP,DL,1.0
OO,MEM,ORD,AA,0.023076923076923078
OO,MEM,ORD,UA,0.9769230769230769
OO,MEM,PHX,AA,1.0
OO,MFE,AUS,DL,1.0
OO,MFE,DFW,AA,1.0
OO,MFR,DEN,UA,1.0
OO,MFR,PDX,AS,1.0
OO,MFR,PHX,AA,1.0
OO,MFR,SEA,AS,0.09326424870466321
OO,MFR,SEA,DL,0.9067357512953368
OO,MFR,SFO,UA,1.0
OO,MFR,SLC,DL,1.0
OO,MGM,ATL,DL,1.0
OO,MGM,DFW,AA,1.0
OO,MGW,IAD,UA,1.0
OO,MGW,ORD,UA,1.0
OO,MHK,DFW,AA,1.0
OO,MHK,ORD,AA,1.0
OO,MKE,DEN,UA,1.0
OO,MKE,DTW,DL,1.0
OO,MKE,IAH,UA,1.0
OO,MKE,MSP,DL,1.0
OO,MKE,ORD,AA,0.37202797202797205
OO,MKE,ORD,UA,0.627972027972028
OO,MKE,SLC,DL,1.0
OO,MLI,DEN,UA,1.0
OO,MLI,ORD,UA,1.0
OO,MOB,ATL,DL,1.0
OO,MOT,DEN,UA,1.0
OO,MOT,MSP,DL,1.0
OO,MQT,DTW,DL,1.0
OO,MQT,MSP,DL,1.0
OO,MRY,DEN,UA,1.0
OO,MRY,LAX,UA,1.0
OO,MRY,PHX,AA,1.0
OO,MRY,SAN,AS,1.0
OO,MRY,SEA,AS,1.0
OO,MRY,SFO,UA,1.0
OO,MSN,DEN,UA,1.0
OO,MSN,DTW,DL,1.0
OO,MSN,MSP,DL,1.0
OO,MSN,ORD,AA,0.6120218579234973
OO,MSN,ORD,UA,0.3879781420765027
OO,MSO,DEN,UA,1.0
OO,MSO,LAX,AA,1.0
OO,MSO,SAN,AS,1.0
OO,MSO,SFO,UA,1.0
OO,MSO,SLC,DL,1.0
OO,MSP,ABR,DL,1.0
OO,MSP,ATW,DL,1.0
OO,MSP,ATY,DL,1.0
OO,MSP,AUS,DL,1.0
OO,MSP,BIS,DL,1.0
OO,MSP,BJI,DL,1.0
OO,MSP,BRD,DL,1.0
OO,MSP,CID,DL,1.0
OO,MSP,CIU,DL,1.0
OO,MSP,CLE,DL,1.0
OO,MSP,CMH,DL,1.0
OO,MSP,DEN,UA,1.0
OO,MSP,DLH,DL,1.0
OO,MSP,EGE,DL,1.0
OO,MSP,ESC,DL,1.0
OO,MSP,FAR,DL,1.0
OO,MSP,FCA,DL,1.0
OO,MSP,FSD,DL,1.0
OO,MSP,FWA,DL,1.0
OO,MSP,GFK,DL,1.0
OO,MSP,GRB,DL,1.0
OO,MSP,GRR,DL,1.0
OO,MSP,GTF,DL,1.0
OO,MSP,HIB,DL,1.0
OO,MSP,IAD,DL,1.0
OO,MSP,IAH,DL,1.0
OO,MSP,ICT,DL,1.0
OO,MSP,IMT,DL,1.0
OO,MSP,IND,DL,1.0
OO,MSP,INL,DL,1.0
OO,MSP,MCI,DL,1.0
OO,MSP,MDW,DL,1.0
OO,MSP,MEM,DL,1.0
OO,MSP,MKE,DL,1.0
OO,MSP,MOT,DL,1.0
OO,MSP,MQT,DL,1.0
OO,MSP,MSN,DL,1.0
OO,MSP,OKC,DL,1.0
OO,MSP,OMA,DL,1.0
OO,MSP,ORD,AA,0.053763440860215055
OO,MSP,ORD,DL,0.9354838709677419
OO,MSP,ORD,UA,0.010752688172043012
OO,MSP,ORF,DL,1.0
OO,MSP,PIT,DL,1.0
OO,MSP,PSC,DL,1.0
OO,MSP,RAP,DL,1.0
OO,MSP,RDU,DL,1.0
OO,MSP,RHI,DL,1.0
OO,MSP,RST,DL,1.0
OO,MSP,SBN,DL,1.0
OO,MSP,SDF,DL,1.0
OO,MSP,SFO,UA,1.0
OO,MSP,STL,DL,1.0
OO,MSP,TVC,DL,1.0
OO,MSP,XNA,DL,1.0
OO,MSP,XWA,DL,1.0
OO,MSY,AUS,DL,1.0
OO,MSY,ORD,UA,1.0
OO,MTJ,DEN,UA,1.0
OO,MTJ,LAX,UA,1.0
OO,MTJ,ORD,UA,1.0
OO,MTJ,SFO,UA,1.0
OO,OAK,SEA,AS,1.0
OO,OAK,SLC,DL,1.0
OO,OKC,DEN,UA,1.0
OO,OKC,DFW,AA,1.0
OO,OKC,IAH,UA,1.0
OO,OKC,LAX,AA,1.0
OO,OKC,LGA,DL,1.0
OO,OKC,MSP,DL,1.0
OO,OKC,ORD,AA,0.5345744680851063
OO,OKC,ORD,UA,0.4654255319148936
OO,OKC,PHX,AA,1.0
OO,OKC,SLC,DL,1.0
OO,OMA,DEN,UA,1.0
OO,OMA,DFW,AA,1.0
OO,OMA,DTW,DL,1.0
OO,OMA,IAH,UA,1.0
OO,OMA,LAX,AA,1.0
OO,OMA,MSP,DL,1.0
OO,OMA,ORD,UA,1.0
OO,OMA,PHX,AA,1.0
OO,OMA,SFO,UA,1.0
OO,OMA,SLC,DL,1.0
OO,ONT,AUS,DL,1.0
OO,ONT,PHX,AA,1.0
OO,ONT,SEA,AS,0.005319148936170213
OO,ONT,SEA,DL,0.9946808510638298
OO,ONT,SFO,UA,1.0
OO,ONT,SLC,DL,1.0
OO,ORD,ABE,UA,1.0
OO,ORD,ABQ,UA,1.0
OO,ORD,ACK,UA,1.0
OO,ORD,ALB,UA,1.0
OO,ORD,ASE,AA,0.4326923076923077
OO,ORD,ASE,UA,0.5673076923076923
OO,ORD,ATL,AA,1.0
OO,ORD,ATW,UA,1.0
OO,ORD,AVL,UA,1.0
OO,ORD,BDL,UA,1.0
OO,ORD,BHM,AA,1.0
OO,ORD,BIL,UA,1.0
OO,ORD,BNA,AA,0.5126050420168067
OO,ORD,BNA,UA,0.48739495798319327
OO,ORD,BOI,AA,0.041237113402061855
OO,ORD,BOI,UA,0.9587628865979382
OO,ORD,BTV,AA,0.8108108108108109
OO,ORD,BTV,UA,0.1891891891891892
OO,ORD,BUF,AA,0.21818181818181817
OO,ORD,BUF,UA,0.7818181818181819
OO,ORD,BWI,UA,1.0
OO,ORD,BZN,UA,1.0
OO,ORD,CAE,UA,1.0
OO,ORD,CAK,UA,1.0
OO,ORD,CHA,UA,1.0
OO,ORD,CHO,UA,1.0
OO,ORD,CID,AA,0.4330708661417323
OO,ORD,CID,UA,0.5669291338582677
OO,ORD,CIU,UA,1.0
OO,ORD,CLE,AA,0.9230769230769231
OO,ORD,CLE,UA,0.07692307692307693
OO,ORD,CLT,UA,1.0
OO,ORD,CMH,AA,0.9568965517241379
OO,ORD,CMH,UA,0.04310344827586207
OO,ORD,CMX,UA,1.0
OO,ORD,COS,AA,0.4806201550387597
OO,ORD,COS,UA,0.5193798449612403
OO,ORD,COU,UA,1.0
OO,ORD,CRW,UA,1.0
OO,ORD,CVG,AA,0.5339805825242718
OO,ORD,CVG,UA,0.46601941747572817
OO,ORD,DAY,UA,1.0
OO,ORD,DEC,UA,1.0
OO,ORD,DLH,UA,1.0
OO,ORD,DSM,AA,0.5961538461538461
OO,ORD,DSM,UA,0.40384615384615385
OO,ORD,DTW,AA,0.42105263157894735
OO,ORD,DTW,DL,0.10526315789473684
OO,ORD,DTW,UA,0.47368421052631576
OO,ORD,EAU,UA,1.0
OO,ORD,ECP,UA,1.0
OO,ORD,ELP,UA,1.0
OO,ORD,FAR,AA,0.02857142857142857
OO,ORD,FAR,UA,0.9714285714285714
OO,ORD,FCA,UA,1.0
OO,ORD,FNT,AA,0.5333333333333333
OO,ORD,FNT,UA,0.4666666666666667
OO,ORD,FOD,UA,1.0
OO,ORD,FSD,AA,0.75
OO,ORD,FSD,UA,0.25
OO,ORD,FWA,AA,0.20202020202020202
OO,ORD,FWA,UA,0.797979797979798
OO,ORD,GEG,UA,1.0
OO,ORD,GRB,UA,1.0
OO,ORD,GRR,AA,0.5903614457831325
OO,ORD,GRR,UA,0.40963855421686746
OO,ORD,GSO,UA,1.0
OO,ORD,GSP,UA,1.0
OO,ORD,GTF,UA,1.0
OO,ORD,GUC,UA,1.0
OO,ORD,HSV,AA,0.7013888888888888
OO,ORD,HSV,UA,0.2986111111111111
OO,ORD,ICT,AA,0.5416666666666666
OO,ORD,ICT,UA,0.4583333333333333
OO,ORD,ILM,UA,1.0
OO,ORD,IND,AA,0.3082706766917293
OO,ORD,IND,UA,0.6917293233082706
OO,ORD,JAX,UA,1.0
OO,ORD,JLN,UA,1.0
OO,ORD,JST,UA,1.0
OO,ORD,LAF,UA,1.0
OO,ORD,LEX,AA,0.5485436893203883
OO,ORD,LEX,UA,0.45145631067961167
OO,ORD,LGA,UA,1.0
OO,ORD,LIT,UA,1.0
OO,ORD,LNK,UA,1.0
OO,ORD,MBS,UA,1.0
OO,ORD,MCI,AA,0.608
OO,ORD,MCI,UA,0.392
OO,ORD,MCW,UA,1.0
OO,ORD,MDT,UA,1.0
OO,ORD,MEM,AA,0.023076923076923078
OO,ORD,MEM,UA,0.9769230769230769
OO,ORD,MGW,UA,1.0
OO,ORD,MHK,AA,1.0
OO,ORD,MKE,AA,0.3715083798882682
OO,ORD,MKE,UA,0.6284916201117319
OO,ORD,MLI,UA,1.0
OO,ORD,MSN,AA,0.6174863387978142
OO,ORD,MSN,UA,0.3825136612021858
OO,ORD,MSP,AA,0.043478260869565216
OO,ORD,MSP,DL,0.9456521739130435
OO,ORD,MSP,UA,0.010869565217391304
OO,ORD,MSY,UA,1.0
OO,ORD,MTJ,UA,1.0
OO,ORD,OKC,AA,0.5306666666666666
OO,ORD,OKC,UA,0.4693333333333333
OO,ORD,OMA,AA,0.016666666666666666
OO,ORD,OMA,UA,0.9833333333333333
OO,ORD,ORF,UA,1.0
OO,ORD,PIA,UA,1.0
OO,ORD,PIT,AA,0.7027027027027027
OO,ORD,PIT,UA,0.2972972972972973
OO,ORD,PLN,UA,1.0
OO,ORD,PVD,AA,0.29069767441860467
OO,ORD,PVD,UA,0.7093023255813954
OO,ORD,PWM,UA,1.0
OO,ORD,RAP,UA,1.0
OO,ORD,RHI,UA,1.0
OO,ORD,RIC,AA,1.0
OO,ORD,ROA,UA,1.0
OO,ORD,ROC,AA,0.037037037037037035
OO,ORD,ROC,UA,0.9629629629629629
OO,ORD,RST,AA,1.0
OO,ORD,SAF,AA,1.0
OO,ORD,SAT,UA,1.0
OO,ORD,SAV,AA,0.10344827586206896
OO,ORD,SAV,UA,0.896551724137931
OO,ORD,SBN,UA,1.0
OO,ORD,SCE,UA,1.0
OO,ORD,SDF,UA,1.0
OO,ORD,SLC,AA,1.0
OO,ORD,SLN,UA,1.0
OO,ORD,SPI,AA,1.0
OO,ORD,SRQ,UA,1.0
OO,ORD,STL,AA,0.7251908396946565
OO,ORD,STL,UA,0.2748091603053435
OO,ORD,SUN,AA,0.41333333333333333
OO,ORD,SUN,UA,0.5866666666666667
OO,ORD,SUX,UA,1.0
OO,ORD,SYR,AA,0.29411764705882354
OO,ORD,SYR,UA,0.7058823529411765
OO,ORD,TUL,UA,1.0
OO,ORD,TUS,UA,1.0
OO,ORD,TVC,AA,0.9354838709677419
OO,ORD,TVC,UA,0.06451612903225806
OO,ORD,TYS,UA,1.0
OO,ORF,DTW,DL,1.0
OO,ORF,MSP,DL,1.0
OO,ORF,ORD,UA,1.0
OO,OTH,DEN,UA,1.0
OO,OTH,SFO,UA,1.0
OO,PDX,BOI,AS,1.0
OO,PDX,BUR,AS,1.0
OO,PDX,BZN,AS,1.0
OO,PDX,DEN,AS,1.0
OO,PDX,EUG,AS,1.0
OO,PDX,FAT,AS,1.0
OO,PDX,FCA,AS,1.0
OO,PDX,GEG,AS,1.0
OO,PDX,LAX,AA,1.0
OO,PDX,MFR,AS,1.0
OO,PDX,PHX,AA,1.0
OO,PDX,PSP,AS,1.0
OO,PDX,RDM,AS,1.0
OO,PDX,RNO,AS,1.0
OO,PDX,SEA,AS,0.357504215851602
OO,PDX,SEA,DL,0.642495784148398
OO,PDX,SFO,UA,1.0
OO,PDX,SJC,AS,1.0
OO,PDX,SLC,AS,1.0
OO,PDX,SMF,AS,1.0
OO,PDX,STS,AS,1.0
OO,PDX,TUS,AS,1.0
OO,PHL,DTW,DL,1.0
OO,PHX,ABQ,AA,1.0
OO,PHX,ASE,AA,1.0
OO,PHX,BFL,AA,1.0
OO,PHX,BOI,AA,1.0
OO,PHX,BUR,AA,1.0
OO,PHX,CID,AA,1.0
OO,PHX,DRO,AA,1.0
OO,PHX,DSM,AA,1.0
OO,PHX,EGE,AA,1.0
OO,PHX,ELP,AA,1.0
OO,PHX,FAT,AA,1.0
OO,PHX,FLG,AA,1.0
OO,PHX,FSD,AA,1.0
OO,PHX,GJT,AA,1.0
OO,PHX,IAH,AA,1.0
OO,PHX,ICT,AA,1.0
OO,PHX,IDA,AA,1.0
OO,PHX,LAX,AA,0.015915119363395226
OO,PHX,LAX,DL,0.6816976127320955
OO,PHX,LAX,UA,0.30238726790450926
OO,PHX,LBB,AA,1.0
OO,PHX,MAF,AA,1.0
OO,PHX,MEM,AA,1.0
OO,PHX,MFR,AA,1.0
OO,PHX,MRY,AA,1.0
OO,PHX,OKC,AA,1.0
OO,PHX,OMA,AA,1.0
OO,PHX,ONT,AA,1.0
OO,PHX,PDX,AA,1.0
OO,PHX,PSC,AA,1.0
OO,PHX,PSP,AA,1.0
OO,PHX,PVU,AA,1.0
OO,PHX,RDM,AA,1.0
OO,PHX,SAF,AA,1.0
OO,PHX,SAN,AS,1.0
OO,PHX,SBA,AA,1.0
OO,PHX,SBP,AA,1.0
OO,PHX,SEA,AA,1.0
OO,PHX,SFO,AA,0.9130434782608695
OO,PHX,SFO,AS,0.08695652173913043
OO,PHX,SGU,AA,1.0
OO,PHX,SJC,AA,1.0
OO,PHX,SLC,AA,0.9759036144578314
OO,PHX,SLC,DL,0.024096385542168676
OO,PHX,SMF,AA,1.0
OO,PHX,SMX,AA,1.0
OO,PHX,STL,AA,1.0
OO,PHX,STS,AA,1.0
OO,PHX,SUN,AA,1.0
OO,PHX,TUL,AA,1.0
OO,PHX,TUS,AA,1.0
OO,PHX,YUM,AA,1.0
OO,PIA,DEN,UA,1.0
OO,PIA,ORD,UA,1.0
OO,PIB,IAH,UA,1.0
OO,PIH,SLC,DL,1.0
OO,PIR,DEN,UA,1.0
OO,PIT,DTW,DL,1.0
OO,PIT,IAH,UA,1.0
OO,PIT,LGA,DL,1.0
OO,PIT,MSP,DL,1.0
OO,PIT,ORD,AA,0.7027027027027027
OO,PIT,ORD,UA,0.2972972972972973
OO,PLN,DTW,DL,1.0
OO,PLN,ORD,UA,1.0
OO,PNS,IAH,UA,1.0
OO,PRC,DEN,UA,1.0
OO,PRC,LAX,UA,1.0
OO,PSC,BUR,AS,1.0
OO,PSC,DEN,UA,1.0
OO,PSC,LAX,AS,1.0
OO,PSC,MSP,DL,1.0
OO,PSC,PHX,AA,1.0
OO,PSC,SEA,AS,0.3169811320754717
OO,PSC,SEA,DL,0.6830188679245283
OO,PSC,SFO,UA,1.0
OO,PSC,SLC,DL,1.0
OO,PSP,AUS,DL,1.0
OO,PSP,DEN,UA,1.0
OO,PSP,LAX,UA,1.0
OO,PSP,PDX,AS,1.0
OO,PSP,PHX,AA,1.0
OO,PSP,SEA,AS,1.0
OO,PSP,SFO,AS,0.4046242774566474
OO,PSP,SFO,UA,0.5953757225433526
OO,PSP,SLC,DL,1.0
OO,PSP,STS,AS,1.0
OO,PVD,DTW,DL,1.0
OO,PVD,ORD,AA,0.29069767441860467
OO,PVD,ORD,UA,0.7093023255813954
OO,PVU,DFW,AA,1.0
OO,PVU,PHX,AA,1.0
OO,PWM,DTW,DL,1.0
OO,PWM,IAH,UA,1.0
OO,PWM,ORD,UA,1.0
OO,RAP,DEN,UA,1.0
OO,RAP,MSP,DL,1.0
OO,RAP,ORD,UA,1.0
OO,RDD,DEN,UA,1.0
OO,RDD,LAX,UA,1.0
OO,RDD,SEA,AS,1.0
OO,RDD,SFO,UA,1.0
OO,RDM,BUR,AS,1.0
OO,RDM,LAX,UA,1.0
OO,RDM,PDX,AS,1.0
OO,RDM,PHX,AA,1.0
OO,RDM,SEA,AS,0.21524663677130046
OO,RDM,SEA,DL,0.7847533632286996
OO,RDM,SFO,AS,0.24031007751937986
OO,RDM,SFO,UA,0.7596899224806202
OO,RDM,SLC,DL,1.0
OO,RDU,MSP,DL,1.0
OO,RHI,MSP,DL,1.0
OO,RHI,ORD,UA,1.0
OO,RIC,CLT,AA,1.0
OO,RIC,DTW,DL,1.0
OO,RIC,ORD,AA,1.0
OO,RIW,CPR,UA,1.0
OO,RIW,DEN,UA,1.0
OO,RKS,DEN,UA,1.0
OO,RNO,LAX,AS,0.08450704225352113
OO,RNO,LAX,DL,0.5154929577464789
OO,RNO,LAX,UA,0.4
OO,RNO,PDX,AS,1.0
OO,RNO,SAN,AS,1.0
OO,RNO,SEA,AS,1.0
OO,RNO,SFO,UA,1.0
OO,RNO,SLC,DL,1.0
OO,ROA,ORD,UA,1.0
OO,ROC,DTW,DL,1.0
OO,ROC,LGA,DL,1.0
OO,ROC,ORD,AA,0.037037037037037035
OO,ROC,ORD,UA,0.9629629629629629
OO,ROW,DFW,AA,1.0
OO,RST,MSP,DL,1.0
OO,RST,ORD,AA,1.0
OO,SAF,DEN,UA,1.0
OO,SAF,DFW,AA,1.0
OO,SAF,IAH,UA,1.0
OO,SAF,LAX,AA,1.0
OO,SAF,ORD,AA,1.0
OO,SAF,PHX,AA,1.0
OO,SAN,AUS,AS,1.0
OO,SAN,BOI,AS,1.0
OO,SAN,BZN,AS,1.0
OO,SAN,DEN,AS,1.0
OO,SAN,EGE,AS,1.0
OO,SAN,EUG,AS,1.0
OO,SAN,FAT,AS,1.0
OO,SAN,FCA,AS,1.0
OO,SAN,HDN,AS,1.0
OO,SAN,JAC,AS,1.0
OO,SAN,LAS,AS,0.5667752442996743
OO,SAN,LAS,DL,0.43322475570032576
OO,SAN,LAX,DL,0.5678391959798995
OO,SAN,LAX,UA,0.4321608040201005
OO,SAN,MRY,AS,1.0
OO,SAN,MSO,AS,1.0
OO,SAN,PHX,AS,1.0
OO,SAN,RNO,AS,1.0
OO,SAN,SBP,AS,1.0
OO,SAN,SFO,AS,0.9700374531835206
OO,SAN,SFO,UA,0.0299625468164794
OO,SAN,SJC,AS,1.0
OO,SAN,SLC,AS,0.9587628865979382
OO,SAN,SLC,DL,0.041237113402061855
OO,SAN,SMF,AS,1.0
OO,SAN,STS,AS,1.0
OO,SAT,DEN,UA,1.0
OO,SAT,DFW,AA,1.0
OO,SAT,IAH,UA,1.0
OO,SAT,LAX,AA,1.0
OO,SAT,ORD,UA,1.0
OO,SAT,SFO,UA,1.0
OO,SAV,DEN,UA,1.0
OO,SAV,DTW,DL,1.0
OO,SAV,ORD,AA,0.10344827586206896
OO,SAV,ORD,UA,0.896551724137931
OO,SBA,LAX,UA,1.0
OO,SBA,PHX,AA,1.0
OO,SBA,SEA,AS,1.0
OO,SBA,SFO,UA,1.0
OO,SBA,SLC,DL,1.0
OO,SBN,ATL,DL,1.0
OO,SBN,DFW,AA,1.0
OO,SBN,DTW,DL,1.0
OO,SBN,MSP,DL,1.0
OO,SBN,ORD,UA,1.0
OO,SBP,DEN,UA,1.0
OO,SBP,LAS,AS,1.0
OO,SBP,LAX,UA,1.0
OO,SBP,PHX,AA,1.0
OO,SBP,SAN,AS,1.0
OO,SBP,SFO,UA,1.0
OO,SCE,ORD,UA,1.0
OO,SDF,DTW,DL,1.0
OO,SDF,LGA,DL,1.0
OO,SDF,MSP,DL,1.0
OO,SDF,ORD,UA,1.0
OO,SEA,BLI,AS,1.0
OO,SEA,BOI,AS,0.28284671532846717
OO,SEA,BOI,DL,0.7171532846715328
OO,SEA,BZN,AS,0.12359550561797752
OO,SEA,BZN,DL,0.8764044943820225
OO,SEA,DEN,DL,1.0
OO,SEA,EGE,AS,1.0
OO,SEA,EUG,AS,0.32950191570881227
OO,SEA,EUG,DL,0.6704980842911877
OO,SEA,FAT,AS,1.0
OO,SEA,FCA,AS,1.0
OO,SEA,GEG,AS,0.18262411347517732
OO,SEA,GEG,DL,0.8173758865248227
OO,SEA,GTF,AS,1.0
OO,SEA,HDN,AS,1.0
OO,SEA,IDA,AS,1.0
OO,SEA,JAC,AS,1.0
OO,SEA,LAS,AS,1.0
OO,SEA,LAX,AA,0.5841584158415841
OO,SEA,LAX,UA,0.4158415841584158
OO,SEA,LWS,DL,1.0
OO,SEA,MFR,AS,0.09326424870466321
OO,SEA,MFR,DL,0.9067357512953368
OO,SEA,MRY,AS,1.0
OO,SEA,OAK,AS,1.0
OO,SEA,ONT,DL,1.0
OO,SEA,PDX,AS,0.31351351351351353
OO,SEA,PDX,DL,0.6864864864864865
OO,SEA,PHX,AA,1.0
OO,SEA,PSC,AS,0.3143939393939394
OO,SEA,PSC,DL,0.6856060606060606
OO,SEA,PSP,AS,1.0
OO,SEA,RDD,AS,1.0
OO,SEA,RDM,AS,0.21524663677130046
OO,SEA,RDM,DL,0.7847533632286996
OO,SEA,RNO,AS,1.0
OO,SEA,SAN,AS,1.0
OO,SEA,SBA,AS,1.0
OO,SEA,SFO,DL,0.8
OO,SEA,SFO,UA,0.2
OO,SEA,SJC,AS,0.01646090534979424
OO,SEA,SJC,DL,0.9835390946502057
OO,SEA,SLC,AS,1.0
OO,SEA,SMF,AS,0.25501432664756446
OO,SEA,SMF,DL,0.7449856733524355
OO,SEA,SNA,DL,1.0
OO,SEA,STS,AS,1.0
OO,SEA,SUN,DL,1.0
OO,SEA,TUS,AS,0.5
OO,SEA,TUS,DL,0.5
OO,SFO,ABQ,UA,1.0
OO,SFO,ACV,UA,1.0
OO,SFO,ASE,UA,1.0
OO,SFO,BFL,UA,1.0
OO,SFO,BIH,UA,1.0
OO,SFO,BOI,AS,0.14644351464435146
OO,SFO,BOI,UA,0.8535564853556485
OO,SFO,BUR,AS,0.4410480349344978
OO,SFO,BUR,UA,0.5589519650655022
OO,SFO,BZN,UA,1.0
OO,SFO,DFW,UA,1.0
OO,SFO,EGE,UA,1.0
OO,SFO,EUG,UA,1.0
OO,SFO,FAT,UA,1.0
OO,SFO,FCA,UA,1.0
OO,SFO,GEG,AS,0.22900763358778625
OO,SFO,GEG,UA,0.7709923664122137
OO,SFO,HDN,UA,1.0
OO,SFO,JAC,AS,0.9117647058823529
OO,SFO,JAC,UA,0.08823529411764706
OO,SFO,LAS,AS,1.0
OO,SFO,LAX,AA,0.5398009950248757
OO,SFO,LAX,AS,0.3805970149253731
OO,SFO,LAX,UA,0.07960199004975124
OO,SFO,MCI,UA,1.0
OO,SFO,MFR,UA,1.0
OO,SFO,MRY,UA,1.0
OO,SFO,MSO,UA,1.0
OO,SFO,MSP,UA,1.0
OO,SFO,MTJ,UA,1.0
OO,SFO,OMA,UA,1.0
OO,SFO,ONT,UA,1.0
OO,SFO,OTH,UA,1.0
OO,SFO,PDX,UA,1.0
OO,SFO,PHX,AA,0.9130434782608695
OO,SFO,PHX,AS,0.08695652173913043
OO,SFO,PSC,UA,1.0
OO,SFO,PSP,AS,0.4046242774566474
OO,SFO,PSP,UA,0.5953757225433526
OO,SFO,RDD,UA,1.0
OO,SFO,RDM,AS,0.24031007751937986
OO,SFO,RDM,UA,0.7596899224806202
OO,SFO,RNO,UA,1.0
OO,SFO,SAN,AS,0.9736842105263158
OO,SFO,SAN,UA,0.02631578947368421
OO,SFO,SAT,UA,1.0
OO,SFO,SBA,UA,1.0
OO,SFO,SBP,UA,1.0
OO,SFO,SEA,DL,0.8
OO,SFO,SEA,UA,0.2
OO,SFO,SLC,AS,0.0546448087431694
OO,SFO,SLC,DL,0.01639344262295082
OO,SFO,SLC,UA,0.9289617486338798
OO,SFO,SMF,UA,1.0
OO,SFO,SNA,AS,0.6738351254480287
OO,SFO,SNA,UA,0.32616487455197135
OO,SFO,STL,UA,1.0
OO,SFO,SUN,UA,1.0
OO,SFO,TUS,UA,1.0
OO,SGF,ATL,DL,1.0
OO,SGF,DEN,UA,1.0
OO,SGF,IAH,UA,1.0
OO,SGU,DEN,UA,1.0
OO,SGU,DFW,AA,1.0
OO,SGU,LAX,UA,1.0
OO,SGU,PHX,AA,1.0
OO,SGU,SLC,DL,1.0
OO,SHR,DEN,UA,1.0
OO,SHV,ATL,DL,1.0
OO,SHV,CLT,AA,1.0
OO,SHV,DEN,UA,1.0
OO,SHV,DFW,AA,1.0
OO,SHV,IAH,UA,1.0
OO,SJC,BOI,AS,1.0
OO,SJC,BUR,AS,1.0
OO,SJC,LAS,AS,0.14285714285714285
OO,SJC,LAS,DL,0.8571428571428571
OO,SJC,LAX,AS,0.045
OO,SJC,LAX,DL,0.955
OO,SJC,PDX,AS,1.0
OO,SJC,PHX,AA,1.0
OO,SJC,SAN,AS,1.0
OO,SJC,SEA,AS,0.01646090534979424
OO,SJC,SEA,DL,0.9835390946502057
OO,SJC,SLC,DL,1.0
OO,SJC,SNA,AS,1.0
OO,SJT,DFW,AA,1.0
OO,SLC,ABQ,DL,1.0
OO,SLC,AUS,DL,1.0
OO,SLC,BIL,DL,1.0
OO,SLC,BOI,DL,1.0
OO,SLC,BTM,DL,1.0
OO,SLC,BUR,DL,1.0
OO,SLC,BZN,DL,1.0
OO,SLC,CDC,DL,1.0
OO,SLC,COS,DL,1.0
OO,SLC,DEN,UA,1.0
OO,SLC,EKO,DL,1.0
OO,SLC,EUG,DL,1.0
OO,SLC,FAT,DL,1.0
OO,SLC,FCA,DL,1.0
OO,SLC,GEG,DL,1.0
OO,SLC,GJT,DL,1.0
OO,SLC,GTF,DL,1.0
OO,SLC,HLN,DL,1.0
OO,SLC,IAH,UA,1.0
OO,SLC,IDA,DL,1.0
OO,SLC,JAC,DL,1.0
OO,SLC,LAS,DL,1.0
OO,SLC,LAX,AA,0.49137931034482757
OO,SLC,LAX,UA,0.5086206896551724
OO,SLC,LGB,DL,1.0
OO,SLC,LIT,DL,1.0
OO,SLC,LWS,DL,1.0
OO,SLC,MFR,DL,1.0
OO,SLC,MKE,DL,1.0
OO,SLC,MSO,DL,1.0
OO,SLC,OAK,DL,1.0
OO,SLC,OKC,DL,1.0
OO,SLC,OMA,DL,1.0
OO,SLC,ONT,DL,1.0
OO,SLC,ORD,AA,1.0
OO,SLC,PDX,AS,0.9923076923076923
OO,SLC,PDX,DL,0.007692307692307693
OO,SLC,PHX,AA,0.9760479041916168
OO,SLC,PHX,DL,0.023952095808383235
OO,SLC,PIH,DL,1.0
OO,SLC,PSC,DL,1.0
OO,SLC,PSP,DL,1.0
OO,SLC,RDM,DL,1.0
OO,SLC,RNO,DL,1.0
OO,SLC,SAN,AS,0.9583333333333334
OO,SLC,SAN,DL,0.041666666666666664
OO,SLC,SBA,DL,1.0
OO,SLC,SEA,AS,1.0
OO,SLC,SFO,AS,0.054945054945054944
OO,SLC,SFO,DL,0.016483516483516484
OO,SLC,SFO,UA,0.9285714285714286
OO,SLC,SGU,DL,1.0
OO,SLC,SJC,DL,1.0
OO,SLC,SMF,DL,1.0
OO,SLC,SNA,DL,1.0
OO,SLC,SUN,DL,1.0
OO,SLC,TUL,DL,1.0
OO,SLC,TUS,DL,1.0
OO,SLC,TWF,DL,1.0
OO,SLC,WYS,DL,1.0
OO,SLC,XNA,DL,1.0
OO,SLN,DEN,UA,1.0
OO,SLN,IAH,UA,1.0
OO,SLN,ORD,UA,1.0
OO,SMF,LAS,DL,1.0
OO,SMF,LAX,AA,0.2655172413793103
OO,SMF,LAX,DL,0.5224137931034483
OO,SMF,LAX,UA,0.2120689655172414
OO,SMF,PDX,AS,1.0
OO,SMF,PHX,AA,1.0
OO,SMF,SAN,AS,1.0
OO,SMF,SEA,AS,0.25501432664756446
OO,SMF,SEA,DL,0.7449856733524355
OO,SMF,SFO,UA,1.0
OO,SMF,SLC,DL,1.0
OO,SMX,PHX,AA,1.0
OO,SNA,LAS,DL,1.0
OO,SNA,SEA,DL,1.0
OO,SNA,SFO,AS,0.675
OO,SNA,SFO,UA,0.325
OO,SNA,SLC,DL,1.0
OO,SNA,STS,AS,1.0
OO,SNA,TUS,AS,1.0
OO,SPI,ORD,AA,1.0
OO,SPS,DFW,AA,1.0
OO,SRQ,ORD,UA,1.0
OO,STL,DEN,UA,1.0
OO,STL,DFW,AA,1.0
OO,STL,DTW,DL,1.0
OO,STL,IAH,UA,1.0
OO,STL,LAX,AA,1.0
OO,STL,MSP,DL,1.0
OO,STL,ORD,AA,0.7251908396946565
OO,STL,ORD,UA,0.2748091603053435
OO,STL,PHX,AA,1.0
OO,STL,SFO,UA,1.0
OO,STS,BUR,AS,1.0
OO,STS,LAS,AS,1.0
OO,STS,LAX,AS,1.0
OO,STS,PDX,AS,1.0
OO,STS,PHX,AA,1.0
OO,STS,PSP,AS,1.0
OO,STS,SAN,AS,1.0
OO,STS,SEA,AS,1.0
OO,STS,SNA,AS,1.0
OO,SUN,DEN,UA,1.0
OO,SUN,LAX,DL,0.05154639175257732
OO,SUN,LAX,UA,0.9484536082474226
OO,SUN,ORD,AA,0.41333333333333333
OO,SUN,ORD,UA,0.5866666666666667
OO,SUN,PHX,AA,1.0
OO,SUN,SEA,DL,1.0
OO,SUN,SFO,UA,1.0
OO,SUN,SLC,DL,1.0
OO,SUX,DEN,UA,1.0
OO,SUX,ORD,UA,1.0
OO,SWO,DFW,AA,1.0
OO,SYR,DTW,DL,1.0
OO,SYR,ORD,AA,0.2727272727272727
OO,SYR,ORD,UA,0.7272727272727273
OO,TLH,DFW,AA,1.0
OO,TRI,ATL,DL,1.0
OO,TUL,DEN,UA,1.0
OO,TUL,DFW,AA,1.0
OO,TUL,IAH,UA,1.0
OO,TUL,LAX,AA,1.0
OO,TUL,ORD,AA,0.005235602094240838
OO,TUL,ORD,UA,0.9947643979057592
OO,TUL,PHX,AA,1.0
OO,TUL,SLC,DL,1.0
OO,TUS,DEN,UA,1.0
OO,TUS,IAH,UA,1.0
OO,TUS,LAX,AA,0.5360230547550432
OO,TUS,LAX,DL,0.46397694524495675
OO,TUS,ORD,UA,1.0
OO,TUS,PDX,AS,1.0
OO,TUS,PHX,AA,1.0
OO,TUS,SEA,AS,0.5
OO,TUS,SEA,DL,0.5
OO,TUS,SFO,UA,1.0
OO,TUS,SLC,DL,1.0
OO,TUS,SNA,AS,1.0
OO,TVC,DTW,DL,1.0
OO,TVC,IAH,UA,1.0
OO,TVC,MSP,DL,1.0
OO,TVC,ORD,AA,0.9354838709677419
OO,TVC,ORD,UA,0.06451612903225806
OO,TWF,SLC,DL,1.0
OO,TYR,DFW,AA,1.0
OO,TYS,DEN,UA,1.0
OO,TYS,DFW,AA,1.0
OO,TYS,ORD,UA,1.0
OO,VCT,IAH,UA,1.0
OO,WYS,DEN,UA,1.0
OO,WYS,SLC,DL,1.0
OO,XNA,ATL,DL,1.0
OO,XNA,DEN,UA,1.0
OO,XNA,IAH,UA,1.0
OO,XNA,LAX,AA,1.0
OO,XNA,MSP,DL,1.0
OO,XNA,SLC,DL,1.0
OO,XWA,DEN,UA,1.0
OO,XWA,MSP,DL,1.0
OO,YUM,DFW,AA,1.0
OO,YUM,PHX,AA,1.0
PT,AGS,CLT,AA,1.0
PT,ALB,PHL,AA,1.0
PT,ART,PHL,AA,1.0
PT,AVL,CLT,AA,1.0
PT,AVL,PHL,AA,1.0
PT,AVP,CLT,AA,1.0
PT,BDL,PHL,AA,1.0
PT,BGR,PHL,AA,1.0
PT,BHM,CLT,AA,1.0
PT,BNA,PHL,AA,1.0
PT,BOS,MDT,AA,1.0
PT,BOS,ROC,AA,1.0
PT,BOS,SYR,AA,1.0
PT,BTR,CLT,AA,1.0
PT,BUF,PHL,AA,1.0
PT,CAE,CLT,AA,1.0
PT,CAE,PHL,AA,1.0
PT,CAK,CLT,AA,1.0
PT,CHA,CLT,AA,1.0
PT,CHO,CLT,AA,1.0
PT,CHS,CLT,AA,1.0
PT,CHS,PHL,AA,1.0
PT,CLE,PHL,AA,1.0
PT,CLT,AGS,AA,1.0
PT,CLT,AVL,AA,1.0
PT,CLT,AVP,AA,1.0
PT,CLT,BHM,AA,1.0
PT,CLT,BTR,AA,1.0
PT,CLT,CAE,AA,1.0
PT,CLT,CAK,AA,1.0
PT,CLT,CHA,AA,1.0
PT,CLT,CHO,AA,1.0
PT,CLT,CHS,AA,1.0
PT,CLT,DAY,AA,1.0
PT,CLT,ERI,AA,1.0
PT,CLT,EVV,AA,1.0
PT,CLT,EWN,AA,1.0
PT,CLT,FAY,AA,1.0
PT,CLT,FLO,AA,1.0
PT,CLT,FWA,AA,1.0
PT,CLT,GNV,AA,1.0
PT,CLT,GPT,AA,1.0
PT,CLT,GSO,AA,1.0
PT,CLT,GSP,AA,1.0
PT,CLT,HSV,AA,1.0
PT,CLT,HTS,AA,1.0
PT,CLT,ILM,AA,1.0
PT,CLT,JAN,AA,1.0
PT,CLT,LEX,AA,1.0
PT,CLT,LYH,AA,1.0
PT,CLT,MDT,AA,1.0
PT,CLT,MGM,AA,1.0
PT,CLT,MLI,AA,1.0
PT,CLT,MOB,AA,1.0
PT,CLT,MYR,AA,1.0
PT,CLT,OAJ,AA,1.0
PT,CLT,ORF,AA,1.0
PT,CLT,PGV,AA,1.0
PT,CLT,PHF,AA,1.0
PT,CLT,ROA,AA,1.0
PT,CLT,SAV,AA,1.0
PT,CLT,SBY,AA,1.0
PT,CLT,SDF,AA,1.0
PT,CLT,SGF,AA,1.0
PT,CLT,TLH,AA,1.0
PT,CLT,TRI,AA,1.0
PT,CLT,TYS,AA,1.0
PT,CMH,PHL,AA,1.0
PT,CVG,PHL,AA,1.0
PT,DAY,CLT,AA,1.0
PT,DAY,PHL,AA,1.0
PT,DTW,PHL,AA,1.0
PT,ERI,CLT,AA,1.0
PT,EVV,CLT,AA,1.0
PT,EWN,CLT,AA,1.0
PT,FAY,CLT,AA,1.0
PT,FLO,CLT,AA,1.0
PT,FWA,CLT,AA,1.0
PT,GNV,CLT,AA,1.0
PT,GPT,CLT,AA,1.0
PT,GRR,PHL,AA,1.0
PT,GSO,CLT,AA,1.0
PT,GSO,PHL,AA,1.0
PT,GSP,CLT,AA,1.0
PT,GSP,PHL,AA,1.0
PT,HSV,CLT,AA,1.0
PT,HTS,CLT,AA,1.0
PT,ILM,CLT,AA,1.0
PT,ILM,PHL,AA,1.0
PT,IND,PHL,AA,1.0
PT,JAN,CLT,AA,1.0
PT,LEX,CLT,AA,1.0
PT,LYH,CLT,AA,1.0
PT,MDT,BOS,AA,1.0
PT,MDT,CLT,AA,1.0
PT,MDT,PHL,AA,1.0
PT,MGM,CLT,AA,1.0
PT,MHT,PHL,AA,1.0
PT,MKE,PHL,AA,1.0
PT,MLI,CLT,AA,1.0
PT,MOB,CLT,AA,1.0
PT,MSN,PHL,AA,1.0
PT,MYR,CLT,AA,1.0
PT,MYR,PHL,AA,1.0
PT,OAJ,CLT,AA,1.0
PT,ORF,CLT,AA,1.0
PT,ORF,PHL,AA,1.0
PT,ORH,PHL,AA,1.0
PT,PGV,CLT,AA,1.0
PT,PHF,CLT,AA,1.0
PT,PHL,ALB,AA,1.0
PT,PHL,ART,AA,1.0
PT,PHL,AVL,AA,1.0
PT,PHL,BDL,AA,1.0
PT,PHL,BGR,AA,1.0
PT,PHL,BNA,AA,1.0
PT,PHL,BUF,AA,1.0
PT,PHL,CAE,AA,1.0
PT,PHL,CHS,AA,1.0
PT,PHL,CLE,AA,1.0
PT,PHL,CMH,AA,1.0
PT,PHL,CVG,AA,1.0
PT,PHL,DAY,AA,1.0
PT,PHL,DTW,AA,1.0
PT,PHL,GRR,AA,1.0
PT,PHL,GSO,AA,1.0
PT,PHL,GSP,AA,1.0
PT,PHL,ILM,AA,1.0
PT,PHL,IND,AA,1.0
PT,PHL,MDT,AA,1.0
PT,PHL,MHT,AA,1.0
PT,PHL,MKE,AA,1.0
PT,PHL,MSN,AA,1.0
PT,PHL,MYR,AA,1.0
PT,PHL,ORF,AA,1.0
PT,PHL,ORH,AA,1.0
PT,PHL,PIT,AA,1.0
PT,PHL,PVD,AA,1.0
PT,PHL,PWM,AA,1.0
PT,PHL,RDU,AA,1.0
PT,PHL,RIC,AA,1.0
PT,PHL,ROA,AA,1.0
PT,PHL,ROC,AA,1.0
PT,PHL,SAV,AA,1.0
PT,PHL,SBY,AA,1.0
PT,PHL,SCE,AA,1.0
PT,PHL,SDF,AA,1.0
PT,PHL,SYR,AA,1.0
PT,PHL,TYS,AA,1.0
PT,PIT,PHL,AA,1.0
PT,PVD,PHL,AA,1.0
PT,PWM,PHL,AA,1.0
PT,RDU,PHL,AA,1.0
PT,RIC,PHL,AA,1.0
PT,ROA,CLT,AA,1.0
PT,ROA,PHL,AA,1.0
PT,ROC,BOS,AA,1.0
PT,ROC,PHL,AA,1.0
PT,SAV,CLT,AA,1.0
PT,SAV,PHL,AA,1.0
PT,SBY,CLT,AA,1.0
PT,SBY,PHL,AA,1.0
PT,SCE,PHL,AA,1.0
PT,SDF,CLT,AA,1.0
PT,SDF,PHL,AA,1.0
PT,SGF,CLT,AA,1.0
PT,SYR,BOS,AA,1.0
PT,SYR,PHL,AA,1.0
PT,TLH,CLT,AA,1.0
PT,TRI,CLT,AA,1.0
PT,TYS,CLT,AA,1.0
PT,TYS,PHL,AA,1.0
QX,ABQ,PDX,AS,1.0
QX,ABQ,SEA,AS,1.0
QX,AKN,ANC,AS,1.0
QX,ALW,SEA,AS,1.0
QX,ANC,AKN,AS,1.0
QX,ANC,BET,AS,1.0
QX,ANC,BRW,AS,1.0
QX,ANC,DLG,AS,1.0
QX,ANC,FAI,AS,1.0
QX,ANC,OME,AS,1.0
QX,ANC,OTZ,AS,1.0
QX,ANC,PDX,AS,1.0
QX,ANC,SCC,AS,1.0
QX,BET,ANC,AS,1.0
QX,BIL,PDX,AS,1.0
QX,BIL,SEA,AS,1.0
QX,BOI,BUR,AS,1.0
QX,BOI,BZN,AS,1.0
QX,BOI,GEG,AS,1.0
QX,BOI,LAS,AS,1.0
QX,BOI,LAX,AS,1.0
QX,BOI,ONT,AS,1.0
QX,BOI,PDX,AS,1.0
QX,BOI,PHX,AS,1.0
QX,BOI,PSP,AS,1.0
QX,BOI,PUW,AS,1.0
QX,BOI,SEA,AS,1.0
QX,BOI,SFO,AS,1.0
QX,BOI,SMF,AS,1.0
QX,BOI,SNA,AS,1.0
QX,BRW,ANC,AS,1.0
QX,BUR,BOI,AS,1.0
QX,BUR,EUG,AS,1.0
QX,BUR,SFO,AS,1.0
QX,BUR,STS,AS,1.0
QX,BZN,BOI,AS,1.0
QX,BZN,PDX,AS,1.0
QX,BZN,SAN,AS,1.0
QX,BZN,SEA,AS,1.0
QX,BZN,SFO,AS,1.0
QX,DLG,ANC,AS,1.0
QX,EAT,SEA,AS,1.0
QX,ELP,SEA,AS,1.0
QX,EUG,BUR,AS,1.0
QX,EUG,LAX,AS,1.0
QX,EUG,PDX,AS,1.0
QX,EUG,SAN,AS,1.0
QX,EUG,SEA,AS,1.0
QX,FAI,ANC,AS,1.0
QX,FAI,PDX,AS,1.0
QX,FAT,PDX,AS,1.0
QX,FAT,SAN,AS,1.0
QX,FAT,SEA,AS,1.0
QX,FCA,PDX,AS,1.0
QX,FCA,SEA,AS,1.0
QX,GEG,BOI,AS,1.0
QX,GEG,LAX,AS,1.0
QX,GEG,PDX,AS,1.0
QX,GEG,SEA,AS,1.0
QX,GEG,SFO,AS,1.0
QX,GEG,SNA,AS,1.0
QX,GTF,SEA,AS,1.0
QX,HLN,SEA,AS,1.0
QX,ICT,SEA,AS,1.0
QX,IDA,SEA,AS,1.0
QX,LAS,BOI,AS,1.0
QX,LAS,LAX,AS,1.0
QX,LAS,PAE,AS,1.0
QX,LAS,SAN,AS,1.0
QX,LAS,SBP,AS,1.0
QX,LAS,SFO,AS,1.0
QX,LAS,SJC,AS,1.0
QX,LAS,STS,AS,1.0
QX,LAX,BOI,AS,1.0
QX,LAX,EUG,AS,1.0
QX,LAX,GEG,AS,1.0
QX,LAX,LAS,AS,1.0
QX,LAX,MFR,AS,1.0
QX,LAX,PAE,AS,1.0
QX,LAX,RDM,AS,1.0
QX,LAX,RNO,AS,1.0
QX,LAX,SEA,AS,1.0
QX,LAX,SFO,AS,1.0
QX,LAX,SJC,AS,1.0
QX,LAX,STS,AS,1.0
QX,MCI,PDX,AS,1.0
QX,MFR,LAX,AS,1.0
QX,MFR,PDX,AS,1.0
QX,MFR,SAN,AS,1.0
QX,MFR,SEA,AS,1.0
QX,MRY,SAN,AS,1.0
QX,MRY,SEA,AS,1.0
QX,MSO,PDX,AS,1.0
QX,MSO,SEA,AS,1.0
QX,MSP,PDX,AS,1.0
QX,OAK,PDX,AS,1.0
QX,OAK,SEA,AS,1.0
QX,OME,ANC,AS,1.0
QX,ONT,BOI,AS,1.0
QX,ONT,PDX,AS,1.0
QX,OTZ,ANC,AS,1.0
QX,PAE,LAS,AS,1.0
QX,PAE,LAX,AS,1.0
QX,PAE,PSP,AS,1.0
QX,PAE,SAN,AS,1.0
QX,PAE,SFO,AS,1.0
QX,PAE,SNA,AS,1.0
QX,PDX,ABQ,AS,1.0
QX,PDX,ANC,AS,1.0
QX,PDX,BIL,AS,1.0
QX,PDX,BOI,AS,1.0
QX,PDX,BZN,AS,1.0
QX,PDX,EUG,AS,1.0
QX,PDX,FAI,AS,1.0
QX,PDX,FAT,AS,1.0
QX,PDX,FCA,AS,1.0
QX,PDX,GEG,AS,1.0
QX,PDX,MCI,AS,1.0
QX,PDX,MFR,AS,1.0
QX,PDX,MSO,AS,1.0
QX,PDX,MSP,AS,1.0
QX,PDX,OAK,AS,1.0
QX,PDX,ONT,AS,1.0
QX,PDX,PSP,AS,1.0
QX,PDX,RDM,AS,1.0
QX,PDX,RNO,AS,1.0
QX,PDX,SBA,AS,1.0
QX,PDX,SBP,AS,1.0
QX,PDX,SEA,AS,1.0
QX,PDX,SFO,AS,1.0
QX,PDX,SJC,AS,1.0
QX,PDX,SMF,AS,1.0
QX,PDX,STS,AS,1.0
QX,PHX,BOI,AS,1.0
QX,PHX,SAN,AS,1.0
QX,PHX,SFO,AS,1.0
QX,PSC,SEA,AS,1.0
QX,PSP,BOI,AS,1.0
QX,PSP,PAE,AS,1.0
QX,PSP,PDX,AS,1.0
QX,PSP,SFO,AS,1.0
QX,PUW,BOI,AS,1.0
QX,PUW,SEA,AS,1.0
QX,RDD,SEA,AS,1.0
QX,RDM,LAX,AS,1.0
QX,RDM,PDX,AS,1.0
QX,RDM,SAN,AS,1.0
QX,RDM,SEA,AS,1.0
QX,RDM,SFO,AS,1.0
QX,RNO,LAX,AS,1.0
QX,RNO,PDX,AS,1.0
QX,RNO,SAN,AS,1.0
QX,RNO,SEA,AS,1.0
QX,SAN,BZN,AS,1.0
QX,SAN,EUG,AS,1.0
QX,SAN,FAT,AS,1.0
QX,SAN,LAS,AS,1.0
QX,SAN,MFR,AS,1.0
QX,SAN,MRY,AS,1.0
QX,SAN,PAE,AS,1.0
QX,SAN,PHX,AS,1.0
QX,SAN,RDM,AS,1.0
QX,SAN,RNO,AS,1.0
QX,SAN,SFO,AS,1.0
QX,SAN,SJC,AS,1.0
QX,SAN,SLC,AS,1.0
QX,SAN,SMF,AS,1.0
QX,SAN,SUN,AS,1.0
QX,SBA,PDX,AS,1.0
QX,SBA,SEA,AS,1.0
QX,SBP,LAS,AS,1.0
QX,SBP,PDX,AS,1.0
QX,SBP,SEA,AS,1.0
QX,SCC,ANC,AS,1.0
QX,SEA,ABQ,AS,1.0
QX,SEA,ALW,AS,1.0
QX,SEA,BIL,AS,1.0
QX,SEA,BOI,AS,1.0
QX,SEA,BZN,AS,1.0
QX,SEA,EAT,AS,1.0
QX,SEA,ELP,AS,1.0
QX,SEA,EUG,AS,1.0
QX,SEA,FAT,AS,1.0
QX,SEA,FCA,AS,1.0
QX,SEA,GEG,AS,1.0
QX,SEA,GTF,AS,1.0
QX,SEA,HLN,AS,1.0
QX,SEA,ICT,AS,1.0
QX,SEA,IDA,AS,1.0
QX,SEA,LAX,AS,1.0
QX,SEA,MFR,AS,1.0
QX,SEA,MRY,AS,1.0
QX,SEA,MSO,AS,1.0
QX,SEA,OAK,AS,1.0
QX,SEA,PDX,AS,1.0
QX,SEA,PSC,AS,1.0
QX,SEA,PUW,AS,1.0
QX,SEA,RDD,AS,1.0
QX,SEA,RDM,AS,1.0
QX,SEA,RNO,AS,1.0
QX,SEA,SBA,AS,1.0
QX,SEA,SBP,AS,1.0
QX,SEA,SMF,AS,1.0
QX,SEA,STS,AS,1.0
QX,SEA,SUN,AS,1.0
QX,SEA,YKM,AS,1.0
QX,SFO,BOI,AS,1.0
QX,SFO,BUR,AS,1.0
QX,SFO,BZN,AS,1.0
QX,SFO,GEG,AS,1.0
QX,SFO,LAS,AS,1.0
QX,SFO,LAX,AS,1.0
QX,SFO,PAE,AS,1.0
QX,SFO,PDX,AS,1.0
QX,SFO,PHX,AS,1.0
QX,SFO,PSP,AS,1.0
QX,SFO,RDM,AS,1.0
QX,SFO,SAN,AS,1.0
QX,SFO,SLC,AS,1.0
QX,SJC,LAS,AS,1.0
QX,SJC,LAX,AS,1.0
QX,SJC,PDX,AS,1.0
QX,SJC,SAN,AS,1.0
QX,SLC,SAN,AS,1.0
QX,SLC,SFO,AS,1.0
QX,SMF,BOI,AS,1.0
QX,SMF,PDX,AS,1.0
QX,SMF,SAN,AS,1.0
QX,SMF,SEA,AS,1.0
QX,SNA,BOI,AS,1.0
QX,SNA,GEG,AS,1.0
QX,SNA,PAE,AS,1.0
QX,STS,BUR,AS,1.0
QX,STS,LAS,AS,1.0
QX,STS,LAX,AS,1.0
QX,STS,PDX,AS,1.0
QX,STS,SEA,AS,1.0
QX,SUN,SAN,AS,1.0
QX,SUN,SEA,AS,1.0
QX,YKM,SEA,AS,1.0
UA,ABQ,DEN,UA,1.0
UA,ABQ,IAD,UA,1.0
UA,ABQ,IAH,UA,1.0
UA,ABQ,ORD,UA,1.0
UA,ABQ,SFO,UA,1.0
UA,ALB,ORD,UA,1.0
UA,ANC,DEN,UA,1.0
UA,ANC,EWR,UA,1.0
UA,ANC,IAD,UA,1.0
UA,ANC,IAH,UA,1.0
UA,ANC,ORD,UA,1.0
UA,ANC,SFO,UA,1.0
UA,ATL,DEN,UA,1.0
UA,ATL,EWR,UA,1.0
UA,ATL,IAD,UA,1.0
UA,ATL,IAH,UA,1.0
UA,ATL,ORD,UA,1.0
UA,ATL,SFO,UA,1.0
UA,AUS,DEN,UA,1.0
UA,AUS,EWR,UA,1.0
UA,AUS,IAD,UA,1.0
UA,AUS,IAH,UA,1.0
UA,AUS,LAX,UA,1.0
UA,AUS,ORD,UA,1.0
UA,AUS,SFO,UA,1.0
UA,AVL,DEN,UA,1.0
UA,BDL,DEN,UA,1.0
UA,BDL,IAD,UA,1.0
UA,BDL,ORD,UA,1.0
UA,BIL,DEN,UA,1.0
UA,BNA,BZN,UA,1.0
UA,BNA,DEN,UA,1.0
UA,BNA,EWR,UA,1.0
UA,BNA,IAD,UA,1.0
UA,BNA,IAH,UA,1.0
UA,BNA,ORD,UA,1.0
UA,BNA,SFO,UA,1.0
UA,BOI,DEN,UA,1.0
UA,BOI,ORD,UA,1.0
UA,BOI,SFO,UA,1.0
UA,BOS,DEN,UA,1.0
UA,BOS,EWR,UA,1.0
UA,BOS,IAD,UA,1.0
UA,BOS,IAH,UA,1.0
UA,BOS,LAX,UA,1.0
UA,BOS,ORD,UA,1.0
UA,BOS,SFO,UA,1.0
UA,BQN,EWR,UA,1.0
UA,BTR,DCA,UA,1.0
UA,BTV,DEN,UA,1.0
UA,BTV,ORD,UA,1.0
UA,BUF,DEN,UA,1.0
UA,BUF,EWR,UA,1.0
UA,BUF,IAH,UA,1.0
UA,BUF,ORD,UA,1.0
UA,BUR,DEN,UA,1.0
UA,BUR,SFO,UA,1.0
UA,BWI,DEN,UA,1.0
UA,BWI,IAH,UA,1.0
UA,BWI,LAX,UA,1.0
UA,BWI,ORD,UA,1.0
UA,BWI,SFO,UA,1.0
UA,BZN,BNA,UA,1.0
UA,BZN,DEN,UA,1.0
UA,BZN,EWR,UA,1.0
UA,BZN,IAD,UA,1.0
UA,BZN,IAH,UA,1.0
UA,BZN,LAX,UA,1.0
UA,BZN,ORD,UA,1.0
UA,BZN,SFO,UA,1.0
UA,CHS,DEN,UA,1.0
UA,CHS,EWR,UA,1.0
UA,CHS,IAD,UA,1.0
UA,CHS,IAH,UA,1.0
UA,CHS,ORD,UA,1.0
UA,CID,DEN,UA,1.0
UA,CID,ORD,UA,1.0
UA,CLE,DEN,UA,1.0
UA,CLE,EWR,UA,1.0
UA,CLE,FLL,UA,1.0
UA,CLE,IAD,UA,1.0
UA,CLE,IAH,UA,1.0
UA,CLE,LAX,UA,1.0
UA,CLE,MCO,UA,1.0
UA,CLE,ORD,UA,1.0
UA,CLE,RSW,UA,1.0
UA,CLE,SFO,UA,1.0
UA,CLE,TPA,UA,1.0
UA,CLT,DEN,UA,1.0
UA,CLT,EWR,UA,1.0
UA,CLT,IAH,UA,1.0
UA,CLT,ORD,UA,1.0
UA,CMH,DEN,UA,1.0
UA,CMH,IAD,UA,1.0
UA,CMH,IAH,UA,1.0
UA,CMH,ORD,UA,1.0
UA,CMH,SFO,UA,1.0
UA,COS,DEN,UA,1.0
UA,COS,ORD,UA,1.0
UA,CVG,DEN,UA,1.0
UA,CVG,IAH,UA,1.0
UA,CVG,ORD,UA,1.0
UA,DAY,DEN,UA,1.0
UA,DCA,DEN,UA,1.0
UA,DCA,IAH,UA,1.0
UA,DCA,ORD,UA,1.0
UA,DCA,SFO,UA,1.0
UA,DEN,ABQ,UA,1.0
UA,DEN,ANC,UA,1.0
UA,DEN,ATL,UA,1.0
UA,DEN,AUS,UA,1.0
UA,DEN,AVL,UA,1.0
UA,DEN,BDL,UA,1.0
UA,DEN,BIL,UA,1.0
UA,DEN,BNA,UA,1.0
UA,DEN,BOI,UA,1.0
UA,DEN,BOS,UA,1.0
UA,DEN,BTV,UA,1.0
UA,DEN,BUF,UA,1.0
UA,DEN,BUR,UA,1.0
UA,DEN,BWI,UA,1.0
UA,DEN,BZN,UA,1.0
UA,DEN,CHS,UA,1.0
UA,DEN,CID,UA,1.0
UA,DEN,CLE,UA,1.0
UA,DEN,CLT,UA,1.0
UA,DEN,CMH,UA,1.0
UA,DEN,COS,UA,1.0
UA,DEN,CVG,UA,1.0
UA,DEN,DAY,UA,1.0
UA,DEN,DCA,UA,1.0
UA,DEN,DFW,UA,1.0
UA,DEN,DRO,UA,1.0
UA,DEN,DSM,UA,1.0
UA,DEN,DTW,UA,1.0
UA,DEN,ECP,UA,1.0
UA,DEN,EGE,UA,1.0
UA,DEN,ELP,UA,1.0
UA,DEN,EUG,UA,1.0
UA,DEN,EWR,UA,1.0
UA,DEN,FAI,UA,1.0
UA,DEN,FAR,UA,1.0
UA,DEN,FAT,UA,1.0
UA,DEN,FCA,UA,1.0
UA,DEN,FLL,UA,1.0
UA,DEN,FSD,UA,1.0
UA,DEN,GEG,UA,1.0
UA,DEN,GJT,UA,1.0
UA,DEN,GRR,UA,1.0
UA,DEN,GSP,UA,1.0
UA,DEN,GTF,UA,1.0
UA,DEN,HDN,UA,1.0
UA,DEN,HNL,UA,1.0
UA,DEN,IAD,UA,1.0
UA,DEN,IAH,UA,1.0
UA,DEN,ICT,UA,1.0
UA,DEN,IDA,UA,1.0
UA,DEN,IND,UA,1.0
UA,DEN,JAC,UA,1.0
UA,DEN,JAX,UA,1.0
UA,DEN,KOA,UA,1.0
UA,DEN,LAS,UA,1.0
UA,DEN,LAX,UA,1.0
UA,DEN,LGA,UA,1.0
UA,DEN,LIH,UA,1.0
UA,DEN,MCI,UA,1.0
UA,DEN,MCO,UA,1.0
UA,DEN,MEM,UA,1.0
UA,DEN,MFR,UA,1.0
UA,DEN,MIA,UA,1.0
UA,DEN,MKE,UA,1.0
UA,DEN,MSN,UA,1.0
UA,DEN,MSO,UA,1.0
UA,DEN,MSP,UA,1.0
UA,DEN,MSY,UA,1.0
UA,DEN,MTJ,UA,1.0
UA,DEN,MYR,UA,1.0
UA,DEN,OGG,UA,1.0
UA,DEN,OKC,UA,1.0
UA,DEN,OMA,UA,1.0
UA,DEN,ONT,UA,1.0
UA,DEN,ORD,UA,1.0
UA,DEN,ORF,UA,1.0
UA,DEN,PBI,UA,1.0
UA,DEN,PDX,UA,1.0
UA,DEN,PHL,UA,1.0
UA,DEN,PHX,UA,1.0
UA,DEN,PIT,UA,1.0
UA,DEN,PNS,UA,1.0
UA,DEN,PSC,UA,1.0
UA,DEN,PSP,UA,1.0
UA,DEN,PWM,UA,1.0
UA,DEN,RAP,UA,1.0
UA,DEN,RDM,UA,1.0
UA,DEN,RDU,UA,1.0
UA,DEN,RIC,UA,1.0
UA,DEN,RNO,UA,1.0
UA,DEN,RSW,UA,1.0
UA,DEN,SAN,UA,1.0
UA,DEN,SAT,UA,1.0
UA,DEN,SAV,UA,1.0
UA,DEN,SBA,UA,1.0
UA,DEN,SBP,UA,1.0
UA,DEN,SDF,UA,1.0
UA,DEN,SEA,UA,1.0
UA,DEN,SFO,UA,1.0
UA,DEN,SJC,UA,1.0
UA,DEN,SJU,UA,1.0
UA,DEN,SLC,UA,1.0
UA,DEN,SMF,UA,1.0
UA,DEN,SNA,UA,1.0
UA,DEN,SRQ,UA,1.0
UA,DEN,STL,UA,1.0
UA,DEN,SYR,UA,1.0
UA,DEN,TPA,UA,1.0
UA,DEN,TUL,UA,1.0
UA,DEN,TUS,UA,1.0
UA,DEN,TVC,UA,1.0
UA,DEN,TYS,UA,1.0
UA,DEN,XNA,UA,1.0
UA,DFW,DEN,UA,1.0
UA,DFW,EWR,UA,1.0
UA,DFW,IAD,UA,1.0
UA,DFW,IAH,UA,1.0
UA,DFW,ORD,UA,1.0
UA,DFW,SFO,UA,1.0
UA,DRO,DEN,UA,1.0
UA,DSM,DEN,UA,1.0
UA,DSM,IAH,UA,1.0
UA,DSM,ORD,UA,1.0
UA,DTW,DEN,UA,1.0
UA,DTW,EWR,UA,1.0
UA,DTW,IAH,UA,1.0
UA,DTW,ORD,UA,1.0
UA,DTW,SFO,UA,1.0
UA,ECP,DEN,UA,1.0
UA,EGE,DEN,UA,1.0
UA,EGE,EWR,UA,1.0
UA,EGE,IAD,UA,1.0
UA,EGE,IAH,UA,1.0
UA,EGE,ORD,UA,1.0
UA,ELP,DEN,UA,1.0
UA,ELP,IAH,UA,1.0
UA,EUG,DEN,UA,1.0
UA,EUG,SFO,UA,1.0
UA,EWR,ANC,UA,1.0
UA,EWR,ATL,UA,1.0
UA,EWR,AUS,UA,1.0
UA,EWR,BNA,UA,1.0
UA,EWR,BOS,UA,1.0
UA,EWR,BQN,UA,1.0
UA,EWR,BUF,UA,1.0
UA,EWR,BZN,UA,1.0
UA,EWR,CHS,UA,1.0
UA,EWR,CLE,UA,1.0
UA,EWR,CLT,UA,1.0
UA,EWR,DEN,UA,1.0
UA,EWR,DFW,UA,1.0
UA,EWR,DTW,UA,1.0
UA,EWR,EGE,UA,1.0
UA,EWR,EYW,UA,1.0
UA,EWR,FLL,UA,1.0
UA,EWR,HDN,UA,1.0
UA,EWR,HNL,UA,1.0
UA,EWR,IAD,UA,1.0
UA,EWR,IAH,UA,1.0
UA,EWR,JAC,UA,1.0
UA,EWR,JAX,UA,1.0
UA,EWR,LAS,UA,1.0
UA,EWR,LAX,UA,1.0
UA,EWR,MCI,UA,1.0
UA,EWR,MCO,UA,1.0
UA,EWR,MIA,UA,1.0
UA,EWR,MSN,UA,1.0
UA,EWR,MSP,UA,1.0
UA,EWR,MSY,UA,1.0
UA,EWR,MTJ,UA,1.0
UA,EWR,MYR,UA,1.0
UA,EWR,OGG,UA,1.0
UA,EWR,ORD,UA,1.0
UA,EWR,ORF,UA,1.0
UA,EWR,PBI,UA,1.0
UA,EWR,PDX,UA,1.0
UA,EWR,PHX,UA,1.0
UA,EWR,PSP,UA,1.0
UA,EWR,PWM,UA,1.0
UA,EWR,RDU,UA,1.0
UA,EWR,RSW,UA,1.0
UA,EWR,SAN,UA,1.0
UA,EWR,SAT,UA,1.0
UA,EWR,SAV,UA,1.0
UA,EWR,SEA,UA,1.0
UA,EWR,SFO,UA,1.0
UA,EWR,SJU,UA,1.0
UA,EWR,SLC,UA,1.0
UA,EWR,SMF,UA,1.0
UA,EWR,SNA,UA,1.0
UA,EWR,SRQ,UA,1.0
UA,EWR,STL,UA,1.0
UA,EWR,STT,UA,1.0
UA,EWR,TPA,UA,1.0
UA,EYW,EWR,UA,1.0
UA,EYW,ORD,UA,1.0
UA,FAI,DEN,UA,1.0
UA,FAI,ORD,UA,1.0
UA,FAR,DEN,UA,1.0
UA,FAT,DEN,UA,1.0
UA,FAT,ORD,UA,1.0
UA,FCA,DEN,UA,1.0
UA,FCA,IAH,UA,1.0
UA,FCA,ORD,UA,1.0
UA,FLL,CLE,UA,1.0
UA,FLL,DEN,UA,1.0
UA,FLL,EWR,UA,1.0
UA,FLL,IAD,UA,1.0
UA,FLL,IAH,UA,1.0
UA,FLL,ORD,UA,1.0
UA,FLL,SFO,UA,1.0
UA,FSD,DEN,UA,1.0
UA,FSD,ORD,UA,1.0
UA,GEG,DEN,UA,1.0
UA,GJT,DEN,UA,1.0
UA,GRR,DEN,UA,1.0
UA,GRR,ORD,UA,1.0
UA,GSP,DEN,UA,1.0
UA,GTF,DEN,UA,1.0
UA,GUM,HNL,UA,1.0
UA,GUM,SPN,UA,1.0
UA,HDN,DEN,UA,1.0
UA,HDN,EWR,UA,1.0
UA,HDN,IAD,UA,1.0
UA,HDN,IAH,UA,1.0
UA,HDN,ORD,UA,1.0
UA,HNL,DEN,UA,1.0
UA,HNL,EWR,UA,1.0
UA,HNL,GUM,UA,1.0
UA,HNL,IAD,UA,1.0
UA,HNL,IAH,UA,1.0
UA,HNL,LAX,UA,1.0
UA,HNL,ORD,UA,1.0
UA,HNL,SFO,UA,1.0
UA,IAD,ABQ,UA,1.0
UA,IAD,ANC,UA,1.0
UA,IAD,ATL,UA,1.0
UA,IAD,AUS,UA,1.0
UA,IAD,BDL,UA,1.0
UA,IAD,BNA,UA,1.0
UA,IAD,BOS,UA,1.0
UA,IAD,BZN,UA,1.0
UA,IAD,CHS,UA,1.0
UA,IAD,CLE,UA,1.0
UA,IAD,CMH,UA,1.0
UA,IAD,DEN,UA,1.0
UA,IAD,DFW,UA,1.0
UA,IAD,EGE,UA,1.0
UA,IAD,EWR,UA,1.0
UA,IAD,FLL,UA,1.0
UA,IAD,HDN,UA,1.0
UA,IAD,HNL,UA,1.0
UA,IAD,IAH,UA,1.0
UA,IAD,JAC,UA,1.0
UA,IAD,JAX,UA,1.0
UA,IAD,LAS,UA,1.0
UA,IAD,LAX,UA,1.0
UA,IAD,MCO,UA,1.0
UA,IAD,MIA,UA,1.0
UA,IAD,MSY,UA,1.0
UA,IAD,ORD,UA,1.0
UA,IAD,ORF,UA,1.0
UA,IAD,PBI,UA,1.0
UA,IAD,PDX,UA,1.0
UA,IAD,PHX,UA,1.0
UA,IAD,PIT,UA,1.0
UA,IAD,PSP,UA,1.0
UA,IAD,RDU,UA,1.0
UA,IAD,RSW,UA,1.0
UA,IAD,SAN,UA,1.0
UA,IAD,SAT,UA,1.0
UA,IAD,SEA,UA,1.0
UA,IAD,SFO,UA,1.0
UA,IAD,SJU,UA,1.0
UA,IAD,SLC,UA,1.0
UA,IAD,SMF,UA,1.0
UA,IAD,STT,UA,1.0
UA,IAD,TPA,UA,1.0
UA,IAD,TVC,UA,1.0
UA,IAH,ABQ,UA,1.0
UA,IAH,ANC,UA,1.0
UA,IAH,ATL,UA,1.0
UA,IAH,AUS,UA,1.0
UA,IAH,BNA,UA,1.0
UA,IAH,BOS,UA,1.0
UA,IAH,BTR,UA,1.0
UA,IAH,BUF,UA,1.0
UA,IAH,BWI,UA,1.0
UA,IAH,BZN,UA,1.0
UA,IAH,CHS,UA,1.0
UA,IAH,CLE,UA,1.0
UA,IAH,CLT,UA,1.0
UA,IAH,CMH,UA,1.0
UA,IAH,CVG,UA,1.0
UA,IAH,DCA,UA,1.0
UA,IAH,DEN,UA,1.0
UA,IAH,DFW,UA,1.0
UA,IAH,DSM,UA,1.0
UA,IAH,DTW,UA,1.0
UA,IAH,EGE,UA,1.0
UA,IAH,ELP,UA,1.0
UA,IAH,EWR,UA,1.0
UA,IAH,FCA,UA,1.0
UA,IAH,FLL,UA,1.0
UA,IAH,HDN,UA,1.0
UA,IAH,HNL,UA,1.0
UA,IAH,IAD,UA,1.0
UA,IAH,ICT,UA,1.0
UA,IAH,IND,UA,1.0
UA,IAH,JAC,UA,1.0
UA,IAH,JAX,UA,1.0
UA,IAH,LAS,UA,1.0
UA,IAH,LAX,UA,1.0
UA,IAH,LGA,UA,1.0
UA,IAH,MAF,UA,1.0
UA,IAH,MCI,UA,1.0
UA,IAH,MCO,UA,1.0
UA,IAH,MEM,UA,1.0
UA,IAH,MFE,UA,1.0
UA,IAH,MIA,UA,1.0
UA,IAH,MSP,UA,1.0
UA,IAH,MSY,UA,1.0
UA,IAH,MTJ,UA,1.0
UA,IAH,OKC,UA,1.0
UA,IAH,OMA,UA,1.0
UA,IAH,ONT,UA,1.0
UA,IAH,ORD,UA,1.0
UA,IAH,ORF,UA,1.0
UA,IAH,PBI,UA,1.0
UA,IAH,PDX,UA,1.0
UA,IAH,PHL,UA,1.0
UA,IAH,PHX,UA,1.0
UA,IAH,PIT,UA,1.0
UA,IAH,PNS,UA,1.0
UA,IAH,RDU,UA,1.0
UA,IAH,RNO,UA,1.0
UA,IAH,RSW,UA,1.0
UA,IAH,SAN,UA,1.0
UA,IAH,SAT,UA,1.0
UA,IAH,SEA,UA,1.0
UA,IAH,SFO,UA,1.0
UA,IAH,SJC,UA,1.0
UA,IAH,SJU,UA,1.0
UA,IAH,SLC,UA,1.0
UA,IAH,SMF,UA,1.0
UA,IAH,SNA,UA,1.0
UA,IAH,STL,UA,1.0
UA,IAH,STT,UA,1.0
UA,IAH,TPA,UA,1.0
UA,IAH,TUL,UA,1.0
UA,IAH,TUS,UA,1.0
UA,IAH,XNA,UA,1.0
UA,ICT,DEN,UA,1.0
UA,ICT,IAH,UA,1.0
UA,ICT,ORD,UA,1.0
UA,IDA,DEN,UA,1.0
UA,IND,DEN,UA,1.0
UA,IND,IAH,UA,1.0
UA,IND,ORD,UA,1.0
UA,IND,SFO,UA,1.0
UA,JAC,DEN,UA,1.0
UA,JAC,EWR,UA,1.0
UA,JAC,IAD,UA,1.0
UA,JAC,IAH,UA,1.0
UA,JAC,LAX,UA,1.0
UA,JAC,ORD,UA,1.0
UA,JAC,SFO,UA,1.0
UA,JAX,DEN,UA,1.0
UA,JAX,EWR,UA,1.0
UA,JAX,IAD,UA,1.0
UA,JAX,IAH,UA,1.0
UA,JAX,ORD,UA,1.0
UA,KOA,DEN,UA,1.0
UA,KOA,LAX,UA,1.0
UA,KOA,ORD,UA,1.0
UA,KOA,SFO,UA,1.0
UA,LAS,DEN,UA,1.0
UA,LAS,EWR,UA,1.0
UA,LAS,IAD,UA,1.0
UA,LAS,IAH,UA,1.0
UA,LAS,LAX,UA,1.0
UA,LAS,ORD,UA,1.0
UA,LAS,SFO,UA,1.0
UA,LAS,SJC,UA,1.0
UA,LAX,AUS,UA,1.0
UA,LAX,BOS,UA,1.0
UA,LAX,BWI,UA,1.0
UA,LAX,BZN,UA,1.0
UA,LAX,CLE,UA,1.0
UA,LAX,DEN,UA,1.0
UA,LAX,EWR,UA,1.0
UA,LAX,HNL,UA,1.0
UA,LAX,IAD,UA,1.0
UA,LAX,IAH,UA,1.0
UA,LAX,JAC,UA,1.0
UA,LAX,KOA,UA,1.0
UA,LAX,LAS,UA,1.0
UA,LAX,LIH,UA,1.0
UA,LAX,MCO,UA,1.0
UA,LAX,OGG,UA,1.0
UA,LAX,ORD,UA,1.0
UA,LAX,PHX,UA,1.0
UA,LAX,RNO,UA,1.0
UA,LAX,RSW,UA,1.0
UA,LAX,SAN,UA,1.0
UA,LAX,SEA,UA,1.0
UA,LAX,SFO,UA,1.0
UA,LAX,SLC,UA,1.0
UA,LAX,SMF,UA,1.0
UA,LAX,TPA,UA,1.0
UA,LGA,DEN,UA,1.0
UA,LGA,IAH,UA,1.0
UA,LGA,ORD,UA,1.0
UA,LIH,DEN,UA,1.0
UA,LIH,LAX,UA,1.0
UA,LIH,SFO,UA,1.0
UA,MAF,IAH,UA,1.0
UA,MCI,DEN,UA,1.0
UA,MCI,EWR,UA,1.0
UA,MCI,IAH,UA,1.0
UA,MCI,ORD,UA,1.0
UA,MCO,CLE,UA,1.0
UA,MCO,DEN,UA,1.0
UA,MCO,EWR,UA,1.0
UA,MCO,IAD,UA,1.0
UA,MCO,IAH,UA,1.0
UA,MCO,LAX,UA,1.0
UA,MCO,ORD,UA,1.0
UA,MCO,SFO,UA,1.0
UA,MDT,ORD,UA,1.0
UA,MEM,DEN,UA,1.0
UA,MEM,IAH,UA,1.0
UA,MEM,ORD,UA,1.0
UA,MFE,IAH,UA,1.0
UA,MFR,DEN,UA,1.0
UA,MFR,SFO,UA,1.0
UA,MIA,DEN,UA,1.0
UA,MIA,EWR,UA,1.0
UA,MIA,IAD,UA,1.0
UA,MIA,IAH,UA,1.0
UA,MIA,ORD,UA,1.0
UA,MIA,SFO,UA,1.0
UA,MKE,DEN,UA,1.0
UA,MSN,DEN,UA,1.0
UA,MSN,EWR,UA,1.0
UA,MSN,ORD,UA,1.0
UA,MSO,DEN,UA,1.0
UA,MSO,ORD,UA,1.0
UA,MSP,DEN,UA,1.0
UA,MSP,EWR,UA,1.0
UA,MSP,IAH,UA,1.0
UA,MSP,ORD,UA,1.0
UA,MSP,SFO,UA,1.0
UA,MSY,DEN,UA,1.0
UA,MSY,EWR,UA,1.0
UA,MSY,IAD,UA,1.0
UA,MSY,IAH,UA,1.0
UA,MSY,ORD,UA,1.0
UA,MSY,SFO,UA,1.0
UA,MTJ,DEN,UA,1.0
UA,MTJ,EWR,UA,1.0
UA,MTJ,IAH,UA,1.0
UA,MYR,DEN,UA,1.0
UA,MYR,EWR,UA,1.0
UA,MYR,ORD,UA,1.0
UA,OGG,DEN,UA,1.0
UA,OGG,EWR,UA,1.0
UA,OGG,LAX,UA,1.0
UA,OGG,ORD,UA,1.0
UA,OGG,SFO,UA,1.0
UA,OKC,DEN,UA,1.0
UA,OKC,IAH,UA,1.0
UA,OMA,DEN,UA,1.0
UA,OMA,IAH,UA,1.0
UA,OMA,ORD,UA,1.0
UA,ONT,DEN,UA,1.0
UA,ONT,IAH,UA,1.0
UA,ONT,ORD,UA,1.0
UA,ONT,SFO,UA,1.0
UA,ORD,ABQ,UA,1.0
UA,ORD,ALB,UA,1.0
UA,ORD,ANC,UA,1.0
UA,ORD,ATL,UA,1.0
UA,ORD,AUS,UA,1.0
UA,ORD,BDL,UA,1.0
UA,ORD,BNA,UA,1.0
UA,ORD,BOI,UA,1.0
UA,ORD,BOS,UA,1.0
UA,ORD,BTV,UA,1.0
UA,ORD,BUF,UA,1.0
UA,ORD,BWI,UA,1.0
UA,ORD,BZN,UA,1.0
UA,ORD,CHS,UA,1.0
UA,ORD,CID,UA,1.0
UA,ORD,CLE,UA,1.0
UA,ORD,CLT,UA,1.0
UA,ORD,CMH,UA,1.0
UA,ORD,COS,UA,1.0
UA,ORD,CVG,UA,1.0
UA,ORD,DCA,UA,1.0
UA,ORD,DEN,UA,1.0
UA,ORD,DFW,UA,1.0
UA,ORD,DSM,UA,1.0
UA,ORD,DTW,UA,1.0
UA,ORD,EGE,UA,1.0
UA,ORD,EWR,UA,1.0
UA,ORD,EYW,UA,1.0
UA,ORD,FAI,UA,1.0
UA,ORD,FAT,UA,1.0
UA,ORD,FCA,UA,1.0
UA,ORD,FLL,UA,1.0
UA,ORD,FSD,UA,1.0
UA,ORD,GRR,UA,1.0
UA,ORD,HDN,UA,1.0
UA,ORD,HNL,UA,1.0
UA,ORD,IAD,UA,1.0
UA,ORD,IAH,UA,1.0
UA,ORD,ICT,UA,1.0
UA,ORD,IND,UA,1.0
UA,ORD,JAC,UA,1.0
UA,ORD,JAX,UA,1.0
UA,ORD,KOA,UA,1.0
UA,ORD,LAS,UA,1.0
UA,ORD,LAX,UA,1.0
UA,ORD,LGA,UA,1.0
UA,ORD,MCI,UA,1.0
UA,ORD,MCO,UA,1.0
UA,ORD,MDT,UA,1.0
UA,ORD,MEM,UA,1.0
UA,ORD,MIA,UA,1.0
UA,ORD,MSN,UA,1.0
UA,ORD,MSO,UA,1.0
UA,ORD,MSP,UA,1.0
UA,ORD,MSY,UA,1.0
UA,ORD,MYR,UA,1.0
UA,ORD,OGG,UA,1.0
UA,ORD,OMA,UA,1.0
UA,ORD,ONT,UA,1.0
UA,ORD,ORF,UA,1.0
UA,ORD,PBI,UA,1.0
UA,ORD,PDX,UA,1.0
UA,ORD,PHL,UA,1.0
UA,ORD,PHX,UA,1.0
UA,ORD,PIT,UA,1.0
UA,ORD,PNS,UA,1.0
UA,ORD,PSP,UA,1.0
UA,ORD,PVD,UA,1.0
UA,ORD,PWM,UA,1.0
UA,ORD,RAP,UA,1.0
UA,ORD,RDU,UA,1.0
UA,ORD,RIC,UA,1.0
UA,ORD,RNO,UA,1.0
UA,ORD,ROC,UA,1.0
UA,ORD,RSW,UA,1.0
UA,ORD,SAN,UA,1.0
UA,ORD,SAT,UA,1.0
UA,ORD,SAV,UA,1.0
UA,ORD,SDF,UA,1.0
UA,ORD,SEA,UA,1.0
UA,ORD,SFO,UA,1.0
UA,ORD,SJC,UA,1.0
UA,ORD,SJU,UA,1.0
UA,ORD,SLC,UA,1.0
UA,ORD,SMF,UA,1.0
UA,ORD,SNA,UA,1.0
UA,ORD,SRQ,UA,1.0
UA,ORD,STL,UA,1.0
UA,ORD,STT,UA,1.0
UA,ORD,SYR,UA,1.0
UA,ORD,TPA,UA,1.0
UA,ORD,TVC,UA,1.0
UA,ORD,TYS,UA,1.0
UA,ORF,DEN,UA,1.0
UA,ORF,EWR,UA,1.0
UA,ORF,IAD,UA,1.0
UA,ORF,IAH,UA,1.0
UA,ORF,ORD,UA,1.0
UA,PBI,DEN,UA,1.0
UA,PBI,EWR,UA,1.0
UA,PBI,IAD,UA,1.0
UA,PBI,IAH,UA,1.0
UA,PBI,ORD,UA,1.0
UA,PDX,DEN,UA,1.0
UA,PDX,EWR,UA,1.0
UA,PDX,IAD,UA,1.0
UA,PDX,IAH,UA,1.0
UA,PDX,ORD,UA,1.0
UA,PDX,SFO,UA,1.0
UA,PHL,DEN,UA,1.0
UA,PHL,IAH,UA,1.0
UA,PHL,ORD,UA,1.0
UA,PHL,SFO,UA,1.0
UA,PHX,DEN,UA,1.0
UA,PHX,EWR,UA,1.0
UA,PHX,IAD,UA,1.0
UA,PHX,IAH,UA,1.0
UA,PHX,LAX,UA,1.0
UA,PHX,ORD,UA,1.0
UA,PHX,SFO,UA,1.0
UA,PIT,DEN,UA,1.0
UA,PIT,IAD,UA,1.0
UA,PIT,IAH,UA,1.0
UA,PIT,ORD,UA,1.0
UA,PIT,SFO,UA,1.0
UA,PNS,DEN,UA,1.0
UA,PNS,IAH,UA,1.0
UA,PNS,ORD,UA,1.0
UA,PSC,DEN,UA,1.0
UA,PSP,DEN,UA,1.0
UA,PSP,EWR,UA,1.0
UA,PSP,IAD,UA,1.0
UA,PSP,ORD,UA,1.0
UA,PSP,SFO,UA,1.0
UA,PVD,ORD,UA,1.0
UA,PWM,DEN,UA,1.0
UA,PWM,EWR,UA,1.0
UA,PWM,IAD,UA,1.0
UA,PWM,ORD,UA,1.0
UA,RAP,DEN,UA,1.0
UA,RAP,ORD,UA,1.0
UA,RDM,DEN,UA,1.0
UA,RDM,SFO,UA,1.0
UA,RDU,DEN,UA,1.0
UA,RDU,EWR,UA,1.0
UA,RDU,IAD,UA,1.0
UA,RDU,IAH,UA,1.0
UA,RDU,ORD,UA,1.0
UA,RDU,SFO,UA,1.0
UA,RIC,DEN,UA,1.0
UA,RIC,ORD,UA,1.0
UA,RNO,DEN,UA,1.0
UA,RNO,IAH,UA,1.0
UA,RNO,LAX,UA,1.0
UA,RNO,ORD,UA,1.0
UA,RNO,SFO,UA,1.0
UA,ROC,ORD,UA,1.0
UA,RSW,CLE,UA,1.0
UA,RSW,DEN,UA,1.0
UA,RSW,EWR,UA,1.0
UA,RSW,IAD,UA,1.0
UA,RSW,IAH,UA,1.0
UA,RSW,LAX,UA,1.0
UA,RSW,ORD,UA,1.0
UA,RSW,SFO,UA,1.0
UA,SAN,DEN,UA,1.0
UA,SAN,EWR,UA,1.0
UA,SAN,IAD,UA,1.0
UA,SAN,IAH,UA,1.0
UA,SAN,LAX,UA,1.0
UA,SAN,ORD,UA,1.0
UA,SAN,SFO,UA,1.0
UA,SAT,DEN,UA,1.0
UA,SAT,EWR,UA,1.0
UA,SAT,IAD,UA,1.0
UA,SAT,IAH,UA,1.0
UA,SAT,ORD,UA,1.0
UA,SAT,SFO,UA,1.0
UA,SAV,DEN,UA,1.0
UA,SAV,EWR,UA,1.0
UA,SAV,ORD,UA,1.0
UA,SBA,DEN,UA,1.0
UA,SBA,SFO,UA,1.0
UA,SBP,DEN,UA,1.0
UA,SBP,SFO,UA,1.0
UA,SDF,DEN,UA,1.0
UA,SDF,ORD,UA,1.0
UA,SEA,DEN,UA,1.0
UA,SEA,EWR,UA,1.0
UA,SEA,IAD,UA,1.0
UA,SEA,IAH,UA,1.0
UA,SEA,LAX,UA,1.0
UA,SEA,ORD,UA,1.0
UA,SEA,SFO,UA,1.0
UA,SFO,ABQ,UA,1.0
UA,SFO,ANC,UA,1.0
UA,SFO,ATL,UA,1.0
UA,SFO,AUS,UA,1.0
UA,SFO,BNA,UA,1.0
UA,SFO,BOI,UA,1.0
UA,SFO,BOS,UA,1.0
UA,SFO,BUR,UA,1.0
UA,SFO,BWI,UA,1.0
UA,SFO,BZN,UA,1.0
UA,SFO,CLE,UA,1.0
UA,SFO,CMH,UA,1.0
UA,SFO,DCA,UA,1.0
UA,SFO,DEN,UA,1.0
UA,SFO,DFW,UA,1.0
UA,SFO,DTW,UA,1.0
UA,SFO,EUG,UA,1.0
UA,SFO,EWR,UA,1.0
UA,SFO,FLL,UA,1.0
UA,SFO,HNL,UA,1.0
UA,SFO,IAD,UA,1.0
UA,SFO,IAH,UA,1.0
UA,SFO,IND,UA,1.0
UA,SFO,JAC,UA,1.0
UA,SFO,KOA,UA,1.0
UA,SFO,LAS,UA,1.0
UA,SFO,LAX,UA,1.0
UA,SFO,LIH,UA,1.0
UA,SFO,MCO,UA,1.0
UA,SFO,MFR,UA,1.0
UA,SFO,MIA,UA,1.0
UA,SFO,MSP,UA,1.0
UA,SFO,MSY,UA,1.0
UA,SFO,OGG,UA,1.0
UA,SFO,ONT,UA,1.0
UA,SFO,ORD,UA,1.0
UA,SFO,PDX,UA,1.0
UA,SFO,PHL,UA,1.0
UA,SFO,PHX,UA,1.0
UA,SFO,PIT,UA,1.0
UA,SFO,PSP,UA,1.0
UA,SFO,RDM,UA,1.0
UA,SFO,RDU,UA,1.0
UA,SFO,RNO,UA,1.0
UA,SFO,RSW,UA,1.0
UA,SFO,SAN,UA,1.0
UA,SFO,SAT,UA,1.0
UA,SFO,SBA,UA,1.0
UA,SFO,SBP,UA,1.0
UA,SFO,SEA,UA,1.0
UA,SFO,SLC,UA,1.0
UA,SFO,SMF,UA,1.0
UA,SFO,SNA,UA,1.0
UA,SFO,STL,UA,1.0
UA,SFO,TPA,UA,1.0
UA,SJC,DEN,UA,1.0
UA,SJC,IAH,UA,1.0
UA,SJC,LAS,UA,1.0
UA,SJC,ORD,UA,1.0
UA,SJU,DEN,UA,1.0
UA,SJU,EWR,UA,1.0
UA,SJU,IAD,UA,1.0
UA,SJU,IAH,UA,1.0
UA,SJU,ORD,UA,1.0
UA,SLC,DEN,UA,1.0
UA,SLC,EWR,UA,1.0
UA,SLC,IAD,UA,1.0
UA,SLC,IAH,UA,1.0
UA,SLC,LAX,UA,1.0
UA,SLC,ORD,UA,1.0
UA,SLC,SFO,UA,1.0
UA,SMF,DEN,UA,1.0
UA,SMF,EWR,UA,1.0
UA,SMF,IAD,UA,1.0
UA,SMF,IAH,UA,1.0
UA,SMF,LAX,UA,1.0
UA,SMF,ORD,UA,1.0
UA,SMF,SFO,UA,1.0
UA,SNA,DEN,UA,1.0
UA,SNA,EWR,UA,1.0
UA,SNA,IAH,UA,1.0
UA,SNA,ORD,UA,1.0
UA,SNA,SFO,UA,1.0
UA,SPN,GUM,UA,1.0
UA,SRQ,DEN,UA,1.0
UA,SRQ,EWR,UA,1.0
UA,SRQ,ORD,UA,1.0
UA,STL,DEN,UA,1.0
UA,STL,EWR,UA,1.0
UA,STL,IAH,UA,1.0
UA,STL,ORD,UA,1.0
UA,STL,SFO,UA,1.0
UA,STT,EWR,UA,1.0
UA,STT,IAD,UA,1.0
UA,STT,IAH,UA,1.0
UA,STT,ORD,UA,1.0
UA,SYR,DEN,UA,1.0
UA,SYR,ORD,UA,1.0
UA,TPA,CLE,UA,1.0
UA,TPA,DEN,UA,1.0
UA,TPA,EWR,UA,1.0
UA,TPA,IAD,UA,1.0
UA,TPA,IAH,UA,1.0
UA,TPA,LAX,UA,1.0
UA,TPA,ORD,UA,1.0
UA,TPA,SFO,UA,1.0
UA,TUL,DEN,UA,1.0
UA,TUL,IAH,UA,1.0
UA,TUS,DEN,UA,1.0
UA,TUS,IAH,UA,1.0
UA,TVC,DEN,UA,1.0
UA,TVC,IAD,UA,1.0
UA,TVC,ORD,UA,1.0
UA,TYS,DEN,UA,1.0
UA,TYS,ORD,UA,1.0
UA,XNA,DEN,UA,1.0
UA,XNA,IAH,UA,1.0
WN,ABQ,AUS,WN,1.0
WN,ABQ,BNA,WN,1.0
WN,ABQ,BUR,WN,1.0
WN,ABQ,BWI,WN,1.0
WN,ABQ,DAL,WN,1.0
WN,ABQ,DEN,WN,1.0
WN,ABQ,HOU,WN,1.0
WN,ABQ,LAS,WN,1.0
WN,ABQ,LAX,WN,1.0
WN,ABQ,LGB,WN,1.0
WN,ABQ,MCI,WN,1.0
WN,ABQ,MCO,WN,1.0
WN,ABQ,MDW,WN,1.0
WN,ABQ,OAK,WN,1.0
WN,ABQ,PHX,WN,1.0
WN,ABQ,SAN,WN,1.0
WN,ABQ,SAT,WN,1.0
WN,ALB,BNA,WN,1.0
WN,ALB,BWI,WN,1.0
WN,ALB,DEN,WN,1.0
WN,ALB,FLL,WN,1.0
WN,ALB,LAS,WN,1.0
WN,ALB,MCO,WN,1.0
WN,ALB,MDW,WN,1.0
WN,ALB,TPA,WN,1.0
WN,AMA,AUS,WN,1.0
WN,AMA,DAL,WN,1.0
WN,AMA,HOU,WN,1.0
WN,AMA,LAS,WN,1.0
WN,ATL,AUS,WN,1.0
WN,ATL,BNA,WN,1.0
WN,ATL,BWI,WN,1.0
WN,ATL,CMH,WN,1.0
WN,ATL,DAL,WN,1.0
WN,ATL,DCA,WN,1.0
WN,ATL,DEN,WN,1.0
WN,ATL,FLL,WN,1.0
WN,ATL,HOU,WN,1.0
WN,ATL,IND,WN,1.0
WN,ATL,LAS,WN,1.0
WN,ATL,LGA,WN,1.0
WN,ATL,MCI,WN,1.0
WN,ATL,MCO,WN,1.0
WN,ATL,MDW,WN,1.0
WN,ATL,MSY,WN,1.0
WN,ATL,PDX,WN,1.0
WN,ATL,PHX,WN,1.0
WN,ATL,PIT,WN,1.0
WN,ATL,RDU,WN,1.0
WN,ATL,SAT,WN,1.0
WN,ATL,STL,WN,1.0
WN,ATL,TPA,WN,1.0
WN,AUS,ABQ,WN,1.0
WN,AUS,AMA,WN,1.0
WN,AUS,ATL,WN,1.0
WN,AUS,BNA,WN,1.0
WN,AUS,BOS,WN,1.0
WN,AUS,BUR,WN,1.0
WN,AUS,BWI,WN,1.0
WN,AUS,CHS,WN,1.0
WN,AUS,CMH,WN,1.0
WN,AUS,DAL,WN,1.0
WN,AUS,DCA,WN,1.0
WN,AUS,DEN,WN,1.0
WN,AUS,ECP,WN,1.0
WN,AUS,ELP,WN,1.0
WN,AUS,FLL,WN,1.0
WN,AUS,HOU,WN,1.0
WN,AUS,HRL,WN,1.0
WN,AUS,IND,WN,1.0
WN,AUS,JAX,WN,1.0
WN,AUS,LAS,WN,1.0
WN,AUS,LAX,WN,1.0
WN,AUS,LBB,WN,1.0
WN,AUS,LGB,WN,1.0
WN,AUS,MAF,WN,1.0
WN,AUS,MCI,WN,1.0
WN,AUS,MCO,WN,1.0
WN,AUS,MDW,WN,1.0
WN,AUS,MIA,WN,1.0
WN,AUS,MKE,WN,1.0
WN,AUS,MSP,WN,1.0
WN,AUS,MSY,WN,1.0
WN,AUS,OAK,WN,1.0
WN,AUS,OKC,WN,1.0
WN,AUS,OMA,WN,1.0
WN,AUS,ONT,WN,1.0
WN,AUS,ORD,WN,1.0
WN,AUS,PHX,WN,1.0
WN,AUS,PIT,WN,1.0
WN,AUS,PNS,WN,1.0
WN,AUS,RDU,WN,1.0
WN,AUS,RNO,WN,1.0
WN,AUS,SAN,WN,1.0
WN,AUS,SFO,WN,1.0
WN,AUS,SJC,WN,1.0
WN,AUS,SJU,WN,1.0
WN,AUS,SLC,WN,1.0
WN,AUS,SMF,WN,1.0
WN,AUS,SNA,WN,1.0
WN,AUS,STL,WN,1.0
WN,AUS,TPA,WN,1.0
WN,AUS,TUL,WN,1.0
WN,BDL,BNA,WN,1.0
WN,BDL,BWI,WN,1.0
WN,BDL,DEN,WN,1.0
WN,BDL,MCO,WN,1.0
WN,BDL,MDW,WN,1.0
WN,BDL,TPA,WN,1.0
WN,BHM,BNA,WN,1.0
WN,BHM,BWI,WN,1.0
WN,BHM,DAL,WN,1.0
WN,BHM,DEN,WN,1.0
WN,BHM,HOU,WN,1.0
WN,BHM,LAS,WN,1.0
WN,BHM,MCO,WN,1.0
WN,BHM,MDW,WN,1.0
WN,BHM,PHX,WN,1.0
WN,BHM,TPA,WN,1.0
WN,BNA,ABQ,WN,1.0
WN,BNA,ALB,WN,1.0
WN,BNA,ATL,WN,1.0
WN,BNA,AUS,WN,1.0
WN,BNA,BDL,WN,1.0
WN,BNA,BHM,WN,1.0
WN,BNA,BOS,WN,1.0
WN,BNA,BUF,WN,1.0
WN,BNA,BUR,WN,1.0
WN,BNA,BWI,WN,1.0
WN,BNA,BZN,WN,1.0
WN,BNA,CHS,WN,1.0
WN,BNA,CLE,WN,1.0
WN,BNA,CLT,WN,1.0
WN,BNA,CMH,WN,1.0
WN,BNA,CVG,WN,1.0
WN,BNA,DAL,WN,1.0
WN,BNA,DCA,WN,1.0
WN,BNA,DEN,WN,1.0
WN,BNA,DTW,WN,1.0
WN,BNA,ECP,WN,1.0
WN,BNA,FLL,WN,1.0
WN,BNA,GRR,WN,1.0
WN,BNA,GSP,WN,1.0
WN,BNA,HDN,WN,1.0
WN,BNA,HOU,WN,1.0
WN,BNA,IND,WN,1.0
WN,BNA,JAN,WN,1.0
WN,BNA,JAX,WN,1.0
WN,BNA,LAS,WN,1.0
WN,BNA,LAX,WN,1.0
WN,BNA,LGA,WN,1.0
WN,BNA,LGB,WN,1.0
WN,BNA,MCI,WN,1.0
WN,BNA,MCO,WN,1.0
WN,BNA,MDW,WN,1.0
WN,BNA,MEM,WN,1.0
WN,BNA,MIA,WN,1.0
WN,BNA,MKE,WN,1.0
WN,BNA,MSP,WN,1.0
WN,BNA,MSY,WN,1.0
WN,BNA,MYR,WN,1.0
WN,BNA,OKC,WN,1.0
WN,BNA,OMA,WN,1.0
WN,BNA,ONT,WN,1.0
WN,BNA,ORD,WN,1.0
WN,BNA,ORF,WN,1.0
WN,BNA,PBI,WN,1.0
WN,BNA,PDX,WN,1.0
WN,BNA,PHL,WN,1.0
WN,BNA,PHX,WN,1.0
WN,BNA,PIT,WN,1.0
WN,BNA,PNS,WN,1.0
WN,BNA,PVD,WN,1.0
WN,BNA,PWM,WN,1.0
WN,BNA,RDU,WN,1.0
WN,BNA,RIC,WN,1.0
WN,BNA,RSW,WN,1.0
WN,BNA,SAN,WN,1.0
WN,BNA,SAT,WN,1.0
WN,BNA,SAV,WN,1.0
WN,BNA,SDF,WN,1.0
WN,BNA,SEA,WN,1.0
WN,BNA,SFO,WN,1.0
WN,BNA,SJC,WN,1.0
WN,BNA,SJU,WN,1.0
WN,BNA,SLC,WN,1.0
WN,BNA,SMF,WN,1.0
WN,BNA,SNA,WN,1.0
WN,BNA,SRQ,WN,1.0
WN,BNA,STL,WN,1.0
WN,BNA,TPA,WN,1.0
WN,BNA,TUL,WN,1.0
WN,BNA,VPS,WN,1.0
WN,BOI,BUR,WN,1.0
WN,BOI,DAL,WN,1.0
WN,BOI,DEN,WN,1.0
WN,BOI,LAS,WN,1.0
WN,BOI,MDW,WN,1.0
WN,BOI,OAK,WN,1.0
WN,BOI,PHX,WN,1.0
WN,BOI,SAN,WN,1.0
WN,BOI,SJC,WN,1.0
WN,BOI,SMF,WN,1.0
WN,BOS,AUS,WN,1.0
WN,BOS,BNA,WN,1.0
WN,BOS,BWI,WN,1.0
WN,BOS,DAL,WN,1.0
WN,BOS,DEN,WN,1.0
WN,BOS,MDW,WN,1.0
WN,BOS,STL,WN,1.0
WN,BUF,BNA,WN,1.0
WN,BUF,BWI,WN,1.0
WN,BUF,DAL,WN,1.0
WN,BUF,DEN,WN,1.0
WN,BUF,FLL,WN,1.0
WN,BUF,LAS,WN,1.0
WN,BUF,MCO,WN,1.0
WN,BUF,MDW,WN,1.0
WN,BUF,PHX,WN,1.0
WN,BUF,RSW,WN,1.0
WN,BUF,SRQ,WN,1.0
WN,BUF,TPA,WN,1.0
WN,BUR,ABQ,WN,1.0
WN,BUR,AUS,WN,1.0
WN,BUR,BNA,WN,1.0
WN,BUR,BOI,WN,1.0
WN,BUR,DAL,WN,1.0
WN,BUR,DEN,WN,1.0
WN,BUR,HOU,WN,1.0
WN,BUR,LAS,WN,1.0
WN,BUR,MCI,WN,1.0
WN,BUR,MDW,WN,1.0
WN,BUR,OAK,WN,1.0
WN,BUR,PDX,WN,1.0
WN,BUR,PHX,WN,1.0
WN,BUR,RNO,WN,1.0
WN,BUR,SJC,WN,1.0
WN,BUR,SLC,WN,1.0
WN,BUR,SMF,WN,1.0
WN,BUR,STL,WN,1.0
WN,BWI,ABQ,WN,1.0
WN,BWI,ALB,WN,1.0
WN,BWI,ATL,WN,1.0
WN,BWI,AUS,WN,1.0
WN,BWI,BDL,WN,1.0
WN,BWI,BHM,WN,1.0
WN,BWI,BNA,WN,1.0
WN,BWI,BOS,WN,1.0
WN,BWI,BUF,WN,1.0
WN,BWI,CHS,WN,1.0
WN,BWI,CLE,WN,1.0
WN,BWI,CLT,WN,1.0
WN,BWI,CMH,WN,1.0
WN,BWI,COS,WN,1.0
WN,BWI,CVG,WN,1.0
WN,BWI,DAL,WN,1.0
WN,BWI,DEN,WN,1.0
WN,BWI,DTW,WN,1.0
WN,BWI,ECP,WN,1.0
WN,BWI,FLL,WN,1.0
WN,BWI,GRR,WN,1.0
WN,BWI,GSP,WN,1.0
WN,BWI,HOU,WN,1.0
WN,BWI,IND,WN,1.0
WN,BWI,ISP,WN,1.0
WN,BWI,JAN,WN,1.0
WN,BWI,JAX,WN,1.0
WN,BWI,LAS,WN,1.0
WN,BWI,LAX,WN,1.0
WN,BWI,LGB,WN,1.0
WN,BWI,MCI,WN,1.0
WN,BWI,MCO,WN,1.0
WN,BWI,MDW,WN,1.0
WN,BWI,MEM,WN,1.0
WN,BWI,MHT,WN,1.0
WN,BWI,MIA,WN,1.0
WN,BWI,MKE,WN,1.0
WN,BWI,MSP,WN,1.0
WN,BWI,MSY,WN,1.0
WN,BWI,MYR,WN,1.0
WN,BWI,ONT,WN,1.0
WN,BWI,ORD,WN,1.0
WN,BWI,ORF,WN,1.0
WN,BWI,PBI,WN,1.0
WN,BWI,PDX,WN,1.0
WN,BWI,PHX,WN,1.0
WN,BWI,PIT,WN,1.0
WN,BWI,PVD,WN,1.0
WN,BWI,PWM,WN,1.0
WN,BWI,RDU,WN,1.0
WN,BWI,RIC,WN,1.0
WN,BWI,ROC,WN,1.0
WN,BWI,RSW,WN,1.0
WN,BWI,SAN,WN,1.0
WN,BWI,SAT,WN,1.0
WN,BWI,SAV,WN,1.0
WN,BWI,SDF,WN,1.0
WN,BWI,SEA,WN,1.0
WN,BWI,SFO,WN,1.0
WN,BWI,SJC,WN,1.0
WN,BWI,SJU,WN,1.0
WN,BWI,SLC,WN,1.0
WN,BWI,SMF,WN,1.0
WN,BWI,SRQ,WN,1.0
WN,BWI,STL,WN,1.0
WN,BWI,TPA,WN,1.0
WN,BWI,VPS,WN,1.0
WN,BZN,BNA,WN,1.0
WN,BZN,DAL,WN,1.0
WN,BZN,DEN,WN,1.0
WN,BZN,LAS,WN,1.0
WN,BZN,MDW,WN,1.0
WN,CHS,AUS,WN,1.0
WN,CHS,BNA,WN,1.0
WN,CHS,BWI,WN,1.0
WN,CHS,DAL,WN,1.0
WN,CHS,DEN,WN,1.0
WN,CHS,HOU,WN,1.0
WN,CHS,MCI,WN,1.0
WN,CHS,MDW,WN,1.0
WN,CHS,STL,WN,1.0
WN,CLE,BNA,WN,1.0
WN,CLE,BWI,WN,1.0
WN,CLE,DEN,WN,1.0
WN,CLE,FLL,WN,1.0
WN,CLE,LAS,WN,1.0
WN,CLE,MCO,WN,1.0
WN,CLE,MDW,WN,1.0
WN,CLE,PHX,WN,1.0
WN,CLE,STL,WN,1.0
WN,CLE,TPA,WN,1.0
WN,CLT,BNA,WN,1.0
WN,CLT,BWI,WN,1.0
WN,CLT,DAL,WN,1.0
WN,CLT,DEN,WN,1.0
WN,CLT,HOU,WN,1.0
WN,CLT,MDW,WN,1.0
WN,CLT,STL,WN,1.0
WN,CMH,ATL,WN,1.0
WN,CMH,AUS,WN,1.0
WN,CMH,BNA,WN,1.0
WN,CMH,BWI,WN,1.0
WN,CMH,DAL,WN,1.0
WN,CMH,DCA,WN,1.0
WN,CMH,DEN,WN,1.0
WN,CMH,FLL,WN,1.0
WN,CMH,HOU,WN,1.0
WN,CMH,LAS,WN,1.0
WN,CMH,MCI,WN,1.0
WN,CMH,MCO,WN,1.0
WN,CMH,MDW,WN,1.0
WN,CMH,MIA,WN,1.0
WN,CMH,MYR,WN,1.0
WN,CMH,PHX,WN,1.0
WN,CMH,RSW,WN,1.0
WN,CMH,SAN,WN,1.0
WN,CMH,SRQ,WN,1.0
WN,CMH,STL,WN,1.0
WN,CMH,TPA,WN,1.0
WN,COS,BWI,WN,1.0
WN,COS,DAL,WN,1.0
WN,COS,DEN,WN,1.0
WN,COS,HOU,WN,1.0
WN,COS,LAS,WN,1.0
WN,COS,MDW,WN,1.0
WN,COS,PHX,WN,1.0
WN,COS,SAN,WN,1.0
WN,COS,SAT,WN,1.0
WN,CRP,HOU,WN,1.0
WN,CVG,BNA,WN,1.0
WN,CVG,BWI,WN,1.0
WN,CVG,DEN,WN,1.0
WN,CVG,MCO,WN,1.0
WN,CVG,MDW,WN,1.0
WN,CVG,PHX,WN,1.0
WN,DAL,ABQ,WN,1.0
WN,DAL,AMA,WN,1.0
WN,DAL,ATL,WN,1.0
WN,DAL,AUS,WN,1.0
WN,DAL,BHM,WN,1.0
WN,DAL,BNA,WN,1.0
WN,DAL,BOI,WN,1.0
WN,DAL,BOS,WN,1.0
WN,DAL,BUF,WN,1.0
WN,DAL,BUR,WN,1.0
WN,DAL,BWI,WN,1.0
WN,DAL,BZN,WN,1.0
WN,DAL,CHS,WN,1.0
WN,DAL,CLE,WN,1.0
WN,DAL,CLT,WN,1.0
WN,DAL,CMH,WN,1.0
WN,DAL,COS,WN,1.0
WN,DAL,DCA,WN,1.0
WN,DAL,DEN,WN,1.0
WN,DAL,ECP,WN,1.0
WN,DAL,ELP,WN,1.0
WN,DAL,FAT,WN,1.0
WN,DAL,FLL,WN,1.0
WN,DAL,GEG,WN,1.0
WN,DAL,HDN,WN,1.0
WN,DAL,HOU,WN,1.0
WN,DAL,HRL,WN,1.0
WN,DAL,IND,WN,1.0
WN,DAL,JAX,WN,1.0
WN,DAL,LAS,WN,1.0
WN,DAL,LAX,WN,1.0
WN,DAL,LBB,WN,1.0
WN,DAL,LGA,WN,1.0
WN,DAL,LGB,WN,1.0
WN,DAL,LIT,WN,1.0
WN,DAL,MAF,WN,1.0
WN,DAL,MCI,WN,1.0
WN,DAL,MCO,WN,1.0
WN,DAL,MDW,WN,1.0
WN,DAL,MEM,WN,1.0
WN,DAL,MIA,WN,1.0
WN,DAL,MKE,WN,1.0
WN,DAL,MSP,WN,1.0
WN,DAL,MSY,WN,1.0
WN,DAL,MTJ,WN,1.0
WN,DAL,MYR,WN,1.0
WN,DAL,OAK,WN,1.0
WN,DAL,OMA,WN,1.0
WN,DAL,ONT,WN,1.0
WN,DAL,ORD,WN,1.0
WN,DAL,ORF,WN,1.0
WN,DAL,PDX,WN,1.0
WN,DAL,PHL,WN,1.0
WN,DAL,PHX,WN,1.0
WN,DAL,PIT,WN,1.0
WN,DAL,PNS,WN,1.0
WN,DAL,PVD,WN,1.0
WN,DAL,RDU,WN,1.0
WN,DAL,RNO,WN,1.0
WN,DAL,RSW,WN,1.0
WN,DAL,SAN,WN,1.0
WN,DAL,SAT,WN,1.0
WN,DAL,SAV,WN,1.0
WN,DAL,SDF,WN,1.0
WN,DAL,SEA,WN,1.0
WN,DAL,SJC,WN,1.0
WN,DAL,SLC,WN,1.0
WN,DAL,SMF,WN,1.0
WN,DAL,SNA,WN,1.0
WN,DAL,SRQ,WN,1.0
WN,DAL,STL,WN,1.0
WN,DAL,TPA,WN,1.0
WN,DAL,TUL,WN,1.0
WN,DAL,TUS,WN,1.0
WN,DAL,VPS,WN,1.0
WN,DCA,ATL,WN,1.0
WN,DCA,AUS,WN,1.0
WN,DCA,BNA,WN,1.0
WN,DCA,CMH,WN,1.0
WN,DCA,DAL,WN,1.0
WN,DCA,FLL,WN,1.0
WN,DCA,HOU,WN,1.0
WN,DCA,LAS,WN,1.0
WN,DCA,MCI,WN,1.0
WN,DCA,MCO,WN,1.0
WN,DCA,MDW,WN,1.0
WN,DCA,MKE,WN,1.0
WN,DCA,MSY,WN,1.0
WN,DCA,OKC,WN,1.0
WN,DCA,OMA,WN,1.0
WN,DCA,PVD,WN,1.0
WN,DCA,STL,WN,1.0
WN,DCA,TPA,WN,1.0
WN,DEN,ABQ,WN,1.0
WN,DEN,ALB,WN,1.0
WN,DEN,ATL,WN,1.0
WN,DEN,AUS,WN,1.0
WN,DEN,BDL,WN,1.0
WN,DEN,BHM,WN,1.0
WN,DEN,BNA,WN,1.0
WN,DEN,BOI,WN,1.0
WN,DEN,BOS,WN,1.0
WN,DEN,BUF,WN,1.0
WN,DEN,BUR,WN,1.0
WN,DEN,BWI,WN,1.0
WN,DEN,BZN,WN,1.0
WN,DEN,CHS,WN,1.0
WN,DEN,CLE,WN,1.0
WN,DEN,CLT,WN,1.0
WN,DEN,CMH,WN,1.0
WN,DEN,COS,WN,1.0
WN,DEN,CVG,WN,1.0
WN,DEN,DAL,WN,1.0
WN,DEN,DSM,WN,1.0
WN,DEN,DTW,WN,1.0
WN,DEN,ECP,WN,1.0
WN,DEN,ELP,WN,1.0
WN,DEN,EUG,WN,1.0
WN,DEN,FAT,WN,1.0
WN,DEN,FLL,WN,1.0
WN,DEN,GEG,WN,1.0
WN,DEN,GRR,WN,1.0
WN,DEN,GSP,WN,1.0
WN,DEN,HDN,WN,1.0
WN,DEN,HOU,WN,1.0
WN,DEN,IAD,WN,1.0
WN,DEN,ICT,WN,1.0
WN,DEN,IND,WN,1.0
WN,DEN,JAX,WN,1.0
WN,DEN,LAS,WN,1.0
WN,DEN,LAX,WN,1.0
WN,DEN,LBB,WN,1.0
WN,DEN,LGA,WN,1.0
WN,DEN,LGB,WN,1.0
WN,DEN,LIT,WN,1.0
WN,DEN,MAF,WN,1.0
WN,DEN,MCI,WN,1.0
WN,DEN,MCO,WN,1.0
WN,DEN,MDW,WN,1.0
WN,DEN,MEM,WN,1.0
WN,DEN,MIA,WN,1.0
WN,DEN,MKE,WN,1.0
WN,DEN,MSP,WN,1.0
WN,DEN,MSY,WN,1.0
WN,DEN,MTJ,WN,1.0
WN,DEN,MYR,WN,1.0
WN,DEN,OAK,WN,1.0
WN,DEN,OKC,WN,1.0
WN,DEN,OMA,WN,1.0
WN,DEN,ONT,WN,1.0
WN,DEN,ORD,WN,1.0
WN,DEN,ORF,WN,1.0
WN,DEN,PDX,WN,1.0
WN,DEN,PHL,WN,1.0
WN,DEN,PHX,WN,1.0
WN,DEN,PIT,WN,1.0
WN,DEN,PNS,WN,1.0
WN,DEN,PSP,WN,1.0
WN,DEN,PVD,WN,1.0
WN,DEN,RDU,WN,1.0
WN,DEN,RIC,WN,1.0
WN,DEN,RNO,WN,1.0
WN,DEN,RSW,WN,1.0
WN,DEN,SAN,WN,1.0
WN,DEN,SAT,WN,1.0
WN,DEN,SAV,WN,1.0
WN,DEN,SBA,WN,1.0
WN,DEN,SDF,WN,1.0
WN,DEN,SEA,WN,1.0
WN,DEN,SFO,WN,1.0
WN,DEN,SJC,WN,1.0
WN,DEN,SLC,WN,1.0
WN,DEN,SMF,WN,1.0
WN,DEN,SNA,WN,1.0
WN,DEN,SRQ,WN,1.0
WN,DEN,STL,WN,1.0
WN,DEN,TPA,WN,1.0
WN,DEN,TUL,WN,1.0
WN,DEN,TUS,WN,1.0
WN,DSM,DEN,WN,1.0
WN,DSM,LAS,WN,1.0
WN,DSM,PHX,WN,1.0
WN,DSM,STL,WN,1.0
WN,DTW,BNA,WN,1.0
WN,DTW,BWI,WN,1.0
WN,DTW,DEN,WN,1.0
WN,DTW,LAS,WN,1.0
WN,DTW,MCO,WN,1.0
WN,DTW,MDW,WN,1.0
WN,DTW,PHX,WN,1.0
WN,DTW,STL,WN,1.0
WN,ECP,AUS,WN,1.0
WN,ECP,BNA,WN,1.0
WN,ECP,BWI,WN,1.0
WN,ECP,DAL,WN,1.0
WN,ECP,DEN,WN,1.0
WN,ECP,HOU,WN,1.0
WN,ECP,IND,WN,1.0
WN,ECP,MCI,WN,1.0
WN,ECP,MDW,WN,1.0
WN,ECP,STL,WN,1.0
WN,ELP,AUS,WN,1.0
WN,ELP,DAL,WN,1.0
WN,ELP,DEN,WN,1.0
WN,ELP,HOU,WN,1.0
WN,ELP,LAS,WN,1.0
WN,ELP,LAX,WN,1.0
WN,ELP,LGB,WN,1.0
WN,ELP,MCO,WN,1.0
WN,ELP,MDW,WN,1.0
WN,ELP,PHX,WN,1.0
WN,ELP,SAN,WN,1.0
WN,ELP,SAT,WN,1.0
WN,EUG,DEN,WN,1.0
WN,EUG,LAS,WN,1.0
WN,EUG,OAK,WN,1.0
WN,EUG,SAN,WN,1.0
WN,EUG,SJC,WN,1.0
WN,EUG,SMF,WN,1.0
WN,FAT,DAL,WN,1.0
WN,FAT,DEN,WN,1.0
WN,FAT,LAS,WN,1.0
WN,FAT,SAN,WN,1.0
WN,FLL,ALB,WN,1.0
WN,FLL,AUS,WN,1.0
WN,FLL,BNA,WN,1.0
WN,FLL,BUF,WN,1.0
WN,FLL,BWI,WN,1.0
WN,FLL,CMH,WN,1.0
WN,FLL,DAL,WN,1.0
WN,FLL,DCA,WN,1.0
WN,FLL,DEN,WN,1.0
WN,FLL,HOU,WN,1.0
WN,FLL,IND,WN,1.0
WN,FLL,LAS,WN,1.0
WN,FLL,LBB,WN,1.0
WN,FLL,MCI,WN,1.0
WN,FLL,MCO,WN,1.0
WN,FLL,MDW,WN,1.0
WN,FLL,MKE,WN,1.0
WN,FLL,MSY,WN,1.0
WN,FLL,OMA,WN,1.0
WN,FLL,PHX,WN,1.0
WN,FLL,PIT,WN,1.0
WN,FLL,PVD,WN,1.0
WN,FLL,RDU,WN,1.0
WN,FLL,SAT,WN,1.0
WN,FLL,SDF,WN,1.0
WN,FLL,SJU,WN,1.0
WN,FLL,STL,WN,1.0
WN,FLL,TPA,WN,1.0
WN,GEG,DAL,WN,1.0
WN,GEG,DEN,WN,1.0
WN,GEG,LAS,WN,1.0
WN,GEG,MDW,WN,1.0
WN,GEG,OAK,WN,1.0
WN,GEG,PHX,WN,1.0
WN,GEG,SJC,WN,1.0
WN,GEG,SMF,WN,1.0
WN,GRR,BNA,WN,1.0
WN,GRR,BWI,WN,1.0
WN,GRR,DEN,WN,1.0
WN,GRR,LAS,WN,1.0
WN,GRR,MCO,WN,1.0
WN,GRR,MDW,WN,1.0
WN,GRR,RSW,WN,1.0
WN,GSP,BNA,WN,1.0
WN,GSP,BWI,WN,1.0
WN,GSP,DEN,WN,1.0
WN,GSP,HOU,WN,1.0
WN,HDN,BNA,WN,1.0
WN,HDN,DAL,WN,1.0
WN,HDN,DEN,WN,1.0
WN,HNL,ITO,WN,1.0
WN,HNL,KOA,WN,1.0
WN,HNL,LAS,WN,1.0
WN,HNL,LAX,WN,1.0
WN,HNL,LGB,WN,1.0
WN,HNL,LIH,WN,1.0
WN,HNL,OAK,WN,1.0
WN,HNL,OGG,WN,1.0
WN,HNL,PHX,WN,1.0
WN,HNL,SAN,WN,1.0
WN,HNL,SJC,WN,1.0
WN,HNL,SMF,WN,1.0
WN,HOU,ABQ,WN,1.0
WN,HOU,AMA,WN,1.0
WN,HOU,ATL,WN,1.0
WN,HOU,AUS,WN,1.0
WN,HOU,BHM,WN,1.0
WN,HOU,BNA,WN,1.0
WN,HOU,BUR,WN,1.0
WN,HOU,BWI,WN,1.0
WN,HOU,CHS,WN,1.0
WN,HOU,CLT,WN,1.0
WN,HOU,CMH,WN,1.0
WN,HOU,COS,WN,1.0
WN,HOU,CRP,WN,1.0
WN,HOU,DAL,WN,1.0
WN,HOU,DCA,WN,1.0
WN,HOU,DEN,WN,1.0
WN,HOU,ECP,WN,1.0
WN,HOU,ELP,WN,1.0
WN,HOU,FLL,WN,1.0
WN,HOU,GSP,WN,1.0
WN,HOU,HRL,WN,1.0
WN,HOU,IND,WN,1.0
WN,HOU,JAN,WN,1.0
WN,HOU,JAX,WN,1.0
WN,HOU,LAS,WN,1.0
WN,HOU,LAX,WN,1.0
WN,HOU,LBB,WN,1.0
WN,HOU,LGA,WN,1.0
WN,HOU,LGB,WN,1.0
WN,HOU,LIT,WN,1.0
WN,HOU,MAF,WN,1.0
WN,HOU,MCI,WN,1.0
WN,HOU,MCO,WN,1.0
WN,HOU,MDW,WN,1.0
WN,HOU,MEM,WN,1.0
WN,HOU,MIA,WN,1.0
WN,HOU,MSY,WN,1.0
WN,HOU,OAK,WN,1.0
WN,HOU,OKC,WN,1.0
WN,HOU,OMA,WN,1.0
WN,HOU,ONT,WN,1.0
WN,HOU,PHX,WN,1.0
WN,HOU,PIT,WN,1.0
WN,HOU,PNS,WN,1.0
WN,HOU,RDU,WN,1.0
WN,HOU,RSW,WN,1.0
WN,HOU,SAN,WN,1.0
WN,HOU,SAT,WN,1.0
WN,HOU,SAV,WN,1.0
WN,HOU,SDF,WN,1.0
WN,HOU,SEA,WN,1.0
WN,HOU,SJC,WN,1.0
WN,HOU,SJU,WN,1.0
WN,HOU,SLC,WN,1.0
WN,HOU,SMF,WN,1.0
WN,HOU,SRQ,WN,1.0
WN,HOU,STL,WN,1.0
WN,HOU,TPA,WN,1.0
WN,HOU,TUL,WN,1.0
WN,HOU,TUS,WN,1.0
WN,HOU,VPS,WN,1.0
WN,HRL,AUS,WN,1.0
WN,HRL,DAL,WN,1.0
WN,HRL,HOU,WN,1.0
WN,IAD,DEN,WN,1.0
WN,IAD,PHX,WN,1.0
WN,ICT,DEN,WN,1.0
WN,ICT,LAS,WN,1.0
WN,ICT,PHX,WN,1.0
WN,ICT,STL,WN,1.0
WN,IND,ATL,WN,1.0
WN,IND,AUS,WN,1.0
WN,IND,BNA,WN,1.0
WN,IND,BWI,WN,1.0
WN,IND,DAL,WN,1.0
WN,IND,DEN,WN,1.0
WN,IND,ECP,WN,1.0
WN,IND,FLL,WN,1.0
WN,IND,HOU,WN,1.0
WN,IND,LAS,WN,1.0
WN,IND,LAX,WN,1.0
WN,IND,MCI,WN,1.0
WN,IND,MCO,WN,1.0
WN,IND,MDW,WN,1.0
WN,IND,MIA,WN,1.0
WN,IND,PHX,WN,1.0
WN,IND,RSW,WN,1.0
WN,IND,SAN,WN,1.0
WN,IND,SRQ,WN,1.0
WN,IND,TPA,WN,1.0
WN,ISP,BWI,WN,1.0
WN,ISP,MCO,WN,1.0
WN,ISP,MIA,WN,1.0
WN,ISP,PBI,WN,1.0
WN,ISP,TPA,WN,1.0
WN,ITO,HNL,WN,1.0
WN,JAN,BNA,WN,1.0
WN,JAN,BWI,WN,1.0
WN,JAN,HOU,WN,1.0
WN,JAN,MCO,WN,1.0
WN,JAX,AUS,WN,1.0
WN,JAX,BNA,WN,1.0
WN,JAX,BWI,WN,1.0
WN,JAX,DAL,WN,1.0
WN,JAX,DEN,WN,1.0
WN,JAX,HOU,WN,1.0
WN,JAX,MCI,WN,1.0
WN,JAX,MDW,WN,1.0
WN,JAX,STL,WN,1.0
WN,KOA,HNL,WN,1.0
WN,KOA,LAS,WN,1.0
WN,KOA,LAX,WN,1.0
WN,KOA,OGG,WN,1.0
WN,KOA,SMF,WN,1.0
WN,LAS,ABQ,WN,1.0
WN,LAS,ALB,WN,1.0
WN,LAS,AMA,WN,1.0
WN,LAS,ATL,WN,1.0
WN,LAS,AUS,WN,1.0
WN,LAS,BHM,WN,1.0
WN,LAS,BNA,WN,1.0
WN,LAS,BOI,WN,1.0
WN,LAS,BUF,WN,1.0
WN,LAS,BUR,WN,1.0
WN,LAS,BWI,WN,1.0
WN,LAS,BZN,WN,1.0
WN,LAS,CLE,WN,1.0
WN,LAS,CMH,WN,1.0
WN,LAS,COS,WN,1.0
WN,LAS,DAL,WN,1.0
WN,LAS,DCA,WN,1.0
WN,LAS,DEN,WN,1.0
WN,LAS,DSM,WN,1.0
WN,LAS,DTW,WN,1.0
WN,LAS,ELP,WN,1.0
WN,LAS,EUG,WN,1.0
WN,LAS,FAT,WN,1.0
WN,LAS,FLL,WN,1.0
WN,LAS,GEG,WN,1.0
WN,LAS,GRR,WN,1.0
WN,LAS,HNL,WN,1.0
WN,LAS,HOU,WN,1.0
WN,LAS,ICT,WN,1.0
WN,LAS,IND,WN,1.0
WN,LAS,KOA,WN,1.0
WN,LAS,LAX,WN,1.0
WN,LAS,LBB,WN,1.0
WN,LAS,LGB,WN,1.0
WN,LAS,LIH,WN,1.0
WN,LAS,LIT,WN,1.0
WN,LAS,MAF,WN,1.0
WN,LAS,MCI,WN,1.0
WN,LAS,MCO,WN,1.0
WN,LAS,MDW,WN,1.0
WN,LAS,MEM,WN,1.0
WN,LAS,MKE,WN,1.0
WN,LAS,MSP,WN,1.0
WN,LAS,MSY,WN,1.0
WN,LAS,OAK,WN,1.0
WN,LAS,OGG,WN,1.0
WN,LAS,OKC,WN,1.0
WN,LAS,OMA,WN,1.0
WN,LAS,ONT,WN,1.0
WN,LAS,ORD,WN,1.0
WN,LAS,PDX,WN,1.0
WN,LAS,PHX,WN,1.0
WN,LAS,PIT,WN,1.0
WN,LAS,PSP,WN,1.0
WN,LAS,RDU,WN,1.0
WN,LAS,RNO,WN,1.0
WN,LAS,ROC,WN,1.0
WN,LAS,SAN,WN,1.0
WN,LAS,SAT,WN,1.0
WN,LAS,SBA,WN,1.0
WN,LAS,SDF,WN,1.0
WN,LAS,SEA,WN,1.0
WN,LAS,SFO,WN,1.0
WN,LAS,SJC,WN,1.0
WN,LAS,SLC,WN,1.0
WN,LAS,SMF,WN,1.0
WN,LAS,SNA,WN,1.0
WN,LAS,STL,WN,1.0
WN,LAS,TPA,WN,1.0
WN,LAS,TUL,WN,1.0
WN,LAS,TUS,WN,1.0
WN,LAX,ABQ,WN,1.0
WN,LAX,AUS,WN,1.0
WN,LAX,BHM,WN,1.0
WN,LAX,BNA,WN,1.0
WN,LAX,BWI,WN,1.0
WN,LAX,DAL,WN,1.0
WN,LAX,DEN,WN,1.0
WN,LAX,ELP,WN,1.0
WN,LAX,HNL,WN,1.0
WN,LAX,HOU,WN,1.0
WN,LAX,IND,WN,1.0
WN,LAX,KOA,WN,1.0
WN,LAX,LAS,WN,1.0
WN,LAX,LIH,WN,1.0
WN,LAX,MCI,WN,1.0
WN,LAX,MCO,WN,1.0
WN,LAX,MDW,WN,1.0
WN,LAX,MSY,WN,1.0
WN,LAX,OAK,WN,1.0
WN,LAX,OKC,WN,1.0
WN,LAX,PHX,WN,1.0
WN,LAX,RNO,WN,1.0
WN,LAX,SAT,WN,1.0
WN,LAX,SFO,WN,1.0
WN,LAX,SJC,WN,1.0
WN,LAX,SLC,WN,1.0
WN,LAX,SMF,WN,1.0
WN,LAX,STL,WN,1.0
WN,LAX,TPA,WN,1.0
WN,LAX,TUS,WN,1.0
WN,LBB,AUS,WN,1.0
WN,LBB,DAL,WN,1.0
WN,LBB,DEN,WN,1.0
WN,LBB,HOU,WN,1.0
WN,LBB,LAS,WN,1.0
WN,LBB,MIA,WN,1.0
WN,LGA,ATL,WN,1.0
WN,LGA,BNA,WN,1.0
WN,LGA,DAL,WN,1.0
WN,LGA,DEN,WN,1.0
WN,LGA,HOU,WN,1.0
WN,LGA,MCI,WN,1.0
WN,LGA,MDW,WN,1.0
WN,LGA,MSY,WN,1.0
WN,LGA,STL,WN,1.0
WN,LGB,ABQ,WN,1.0
WN,LGB,AUS,WN,1.0
WN,LGB,BNA,WN,1.0
WN,LGB,BWI,WN,1.0
WN,LGB,DAL,WN,1.0
WN,LGB,DEN,WN,1.0
WN,LGB,ELP,WN,1.0
WN,LGB,HNL,WN,1.0
WN,LGB,HOU,WN,1.0
WN,LGB,LAS,WN,1.0
WN,LGB,MCO,WN,1.0
WN,LGB,MDW,WN,1.0
WN,LGB,OAK,WN,1.0
WN,LGB,PHX,WN,1.0
WN,LGB,RNO,WN,1.0
WN,LGB,SJC,WN,1.0
WN,LGB,SLC,WN,1.0
WN,LGB,SMF,WN,1.0
WN,LGB,STL,WN,1.0
WN,LIH,HNL,WN,1.0
WN,LIH,LAS,WN,1.0
WN,LIH,LAX,WN,1.0
WN,LIH,OAK,WN,1.0
WN,LIH,OGG,WN,1.0
WN,LIT,DAL,WN,1.0
WN,LIT,DEN,WN,1.0
WN,LIT,HOU,WN,1.0
WN,LIT,LAS,WN,1.0
WN,LIT,PHX,WN,1.0
WN,LIT,STL,WN,1.0
WN,MAF,AUS,WN,1.0
WN,MAF,DAL,WN,1.0
WN,MAF,DEN,WN,1.0
WN,MAF,HOU,WN,1.0
WN,MAF,LAS,WN,1.0
WN,MCI,ABQ,WN,1.0
WN,MCI,ATL,WN,1.0
WN,MCI,AUS,WN,1.0
WN,MCI,BNA,WN,1.0
WN,MCI,BUR,WN,1.0
WN,MCI,BWI,WN,1.0
WN,MCI,CHS,WN,1.0
WN,MCI,CMH,WN,1.0
WN,MCI,DAL,WN,1.0
WN,MCI,DCA,WN,1.0
WN,MCI,DEN,WN,1.0
WN,MCI,ECP,WN,1.0
WN,MCI,FLL,WN,1.0
WN,MCI,HOU,WN,1.0
WN,MCI,IND,WN,1.0
WN,MCI,JAX,WN,1.0
WN,MCI,LAS,WN,1.0
WN,MCI,LAX,WN,1.0
WN,MCI,LGA,WN,1.0
WN,MCI,MCO,WN,1.0
WN,MCI,MDW,WN,1.0
WN,MCI,MIA,WN,1.0
WN,MCI,MKE,WN,1.0
WN,MCI,MSY,WN,1.0
WN,MCI,MYR,WN,1.0
WN,MCI,OAK,WN,1.0
WN,MCI,PDX,WN,1.0
WN,MCI,PHX,WN,1.0
WN,MCI,PNS,WN,1.0
WN,MCI,RDU,WN,1.0
WN,MCI,RSW,WN,1.0
WN,MCI,SAN,WN,1.0
WN,MCI,SAT,WN,1.0
WN,MCI,SEA,WN,1.0
WN,MCI,SMF,WN,1.0
WN,MCI,STL,WN,1.0
WN,MCI,TPA,WN,1.0
WN,MCI,VPS,WN,1.0
WN,MCO,ABQ,WN,1.0
WN,MCO,ALB,WN,1.0
WN,MCO,ATL,WN,1.0
WN,MCO,AUS,WN,1.0
WN,MCO,BDL,WN,1.0
WN,MCO,BHM,WN,1.0
WN,MCO,BNA,WN,1.0
WN,MCO,BUF,WN,1.0
WN,MCO,BWI,WN,1.0
WN,MCO,CLE,WN,1.0
WN,MCO,CMH,WN,1.0
WN,MCO,CVG,WN,1.0
WN,MCO,DAL,WN,1.0
WN,MCO,DCA,WN,1.0
WN,MCO,DEN,WN,1.0
WN,MCO,DTW,WN,1.0
WN,MCO,ELP,WN,1.0
WN,MCO,FLL,WN,1.0
WN,MCO,GRR,WN,1.0
WN,MCO,HOU,WN,1.0
WN,MCO,IND,WN,1.0
WN,MCO,ISP,WN,1.0
WN,MCO,JAN,WN,1.0
WN,MCO,LAS,WN,1.0
WN,MCO,LAX,WN,1.0
WN,MCO,LGB,WN,1.0
WN,MCO,MCI,WN,1.0
WN,MCO,MDW,WN,1.0
WN,MCO,MEM,WN,1.0
WN,MCO,MHT,WN,1.0
WN,MCO,MIA,WN,1.0
WN,MCO,MKE,WN,1.0
WN,MCO,MSP,WN,1.0
WN,MCO,MSY,WN,1.0
WN,MCO,OKC,WN,1.0
WN,MCO,OMA,WN,1.0
WN,MCO,ORD,WN,1.0
WN,MCO,ORF,WN,1.0
WN,MCO,PBI,WN,1.0
WN,MCO,PHL,WN,1.0
WN,MCO,PHX,WN,1.0
WN,MCO,PIT,WN,1.0
WN,MCO,PVD,WN,1.0
WN,MCO,RDU,WN,1.0
WN,MCO,RIC,WN,1.0
WN,MCO,ROC,WN,1.0
WN,MCO,RSW,WN,1.0
WN,MCO,SAN,WN,1.0
WN,MCO,SAT,WN,1.0
WN,MCO,SDF,WN,1.0
WN,MCO,SJU,WN,1.0
WN,MCO,SLC,WN,1.0
WN,MCO,SMF,WN,1.0
WN,MCO,SRQ,WN,1.0
WN,MCO,STL,WN,1.0
WN,MCO,TUL,WN,1.0
WN,MDW,ABQ,WN,1.0
WN,MDW,ALB,WN,1.0
WN,MDW,ATL,WN,1.0
WN,MDW,AUS,WN,1.0
WN,MDW,BDL,WN,1.0
WN,MDW,BHM,WN,1.0
WN,MDW,BNA,WN,1.0
WN,MDW,BOI,WN,1.0
WN,MDW,BOS,WN,1.0
WN,MDW,BUF,WN,1.0
WN,MDW,BUR,WN,1.0
WN,MDW,BWI,WN,1.0
WN,MDW,BZN,WN,1.0
WN,MDW,CHS,WN,1.0
WN,MDW,CLE,WN,1.0
WN,MDW,CLT,WN,1.0
WN,MDW,CMH,WN,1.0
WN,MDW,COS,WN,1.0
WN,MDW,CVG,WN,1.0
WN,MDW,DAL,WN,1.0
WN,MDW,DCA,WN,1.0
WN,MDW,DEN,WN,1.0
WN,MDW,DTW,WN,1.0
WN,MDW,ECP,WN,1.0
WN,MDW,ELP,WN,1.0
WN,MDW,FLL,WN,1.0
WN,MDW,GEG,WN,1.0
WN,MDW,GRR,WN,1.0
WN,MDW,HOU,WN,1.0
WN,MDW,IND,WN,1.0
WN,MDW,JAX,WN,1.0
WN,MDW,LAS,WN,1.0
WN,MDW,LAX,WN,1.0
WN,MDW,LGA,WN,1.0
WN,MDW,LGB,WN,1.0
WN,MDW,MCI,WN,1.0
WN,MDW,MCO,WN,1.0
WN,MDW,MEM,WN,1.0
WN,MDW,MHT,WN,1.0
WN,MDW,MIA,WN,1.0
WN,MDW,MSP,WN,1.0
WN,MDW,MSY,WN,1.0
WN,MDW,MYR,WN,1.0
WN,MDW,OAK,WN,1.0
WN,MDW,OKC,WN,1.0
WN,MDW,OMA,WN,1.0
WN,MDW,ONT,WN,1.0
WN,MDW,ORF,WN,1.0
WN,MDW,PDX,WN,1.0
WN,MDW,PHL,WN,1.0
WN,MDW,PHX,WN,1.0
WN,MDW,PIT,WN,1.0
WN,MDW,PNS,WN,1.0
WN,MDW,PSP,WN,1.0
WN,MDW,PVD,WN,1.0
WN,MDW,PWM,WN,1.0
WN,MDW,RDU,WN,1.0
WN,MDW,RIC,WN,1.0
WN,MDW,RNO,WN,1.0
WN,MDW,ROC,WN,1.0
WN,MDW,RSW,WN,1.0
WN,MDW,SAN,WN,1.0
WN,MDW,SAT,WN,1.0
WN,MDW,SAV,WN,1.0
WN,MDW,SDF,WN,1.0
WN,MDW,SEA,WN,1.0
WN,MDW,SFO,WN,1.0
WN,MDW,SJC,WN,1.0
WN,MDW,SJU,WN,1.0
WN,MDW,SLC,WN,1.0
WN,MDW,SMF,WN,1.0
WN,MDW,SRQ,WN,1.0
WN,MDW,STL,WN,1.0
WN,MDW,TPA,WN,1.0
WN,MDW,TUL,WN,1.0
WN,MDW,TUS,WN,1.0
WN,MEM,BNA,WN,1.0
WN,MEM,BWI,WN,1.0
WN,MEM,DAL,WN,1.0
WN,MEM,DEN,WN,1.0
WN,MEM,HOU,WN,1.0
WN,MEM,LAS,WN,1.0
WN,MEM,MCO,WN,1.0
WN,MEM,MDW,WN,1.0
WN,MEM,PHX,WN,1.0
WN,MEM,TPA,WN,1.0
WN,MHT,BWI,WN,1.0
WN,MHT,MCO,WN,1.0
WN,MHT,MDW,WN,1.0
WN,MHT,TPA,WN,1.0
WN,MIA,AUS,WN,1.0
WN,MIA,BNA,WN,1.0
WN,MIA,BWI,WN,1.0
WN,MIA,CMH,WN,1.0
WN,MIA,DAL,WN,1.0
WN,MIA,DEN,WN,1.0
WN,MIA,HOU,WN,1.0
WN,MIA,IND,WN,1.0
WN,MIA,ISP,WN,1.0
WN,MIA,LBB,WN,1.0
WN,MIA,MCI,WN,1.0
WN,MIA,MCO,WN,1.0
WN,MIA,MDW,WN,1.0
WN,MIA,PIT,WN,1.0
WN,MIA,STL,WN,1.0
WN,MKE,AUS,WN,1.0
WN,MKE,BNA,WN,1.0
WN,MKE,BWI,WN,1.0
WN,MKE,DAL,WN,1.0
WN,MKE,DCA,WN,1.0
WN,MKE,DEN,WN,1.0
WN,MKE,FLL,WN,1.0
WN,MKE,LAS,WN,1.0
WN,MKE,MCI,WN,1.0
WN,MKE,MCO,WN,1.0
WN,MKE,PHX,WN,1.0
WN,MKE,RSW,WN,1.0
WN,MKE,SAN,WN,1.0
WN,MKE,STL,WN,1.0
WN,MKE,TPA,WN,1.0
WN,MSP,AUS,WN,1.0
WN,MSP,BNA,WN,1.0
WN,MSP,BWI,WN,1.0
WN,MSP,DAL,WN,1.0
WN,MSP,DEN,WN,1.0
WN,MSP,LAS,WN,1.0
WN,MSP,MCO,WN,1.0
WN,MSP,MDW,WN,1.0
WN,MSP,PHX,WN,1.0
WN,MSP,STL,WN,1.0
WN,MSY,ATL,WN,1.0
WN,MSY,AUS,WN,1.0
WN,MSY,BNA,WN,1.0
WN,MSY,BWI,WN,1.0
WN,MSY,DAL,WN,1.0
WN,MSY,DCA,WN,1.0
WN,MSY,DEN,WN,1.0
WN,MSY,FLL,WN,1.0
WN,MSY,HOU,WN,1.0
WN,MSY,LAS,WN,1.0
WN,MSY,LAX,WN,1.0
WN,MSY,LGA,WN,1.0
WN,MSY,MCI,WN,1.0
WN,MSY,MCO,WN,1.0
WN,MSY,MDW,WN,1.0
WN,MSY,PHX,WN,1.0
WN,MSY,RDU,WN,1.0
WN,MSY,SAN,WN,1.0
WN,MSY,SAT,WN,1.0
WN,MSY,STL,WN,1.0
WN,MSY,TPA,WN,1.0
WN,MTJ,DAL,WN,1.0
WN,MTJ,DEN,WN,1.0
WN,MYR,BNA,WN,1.0
WN,MYR,BWI,WN,1.0
WN,MYR,CMH,WN,1.0
WN,MYR,DAL,WN,1.0
WN,MYR,DEN,WN,1.0
WN,MYR,MCI,WN,1.0
WN,MYR,MDW,WN,1.0
WN,MYR,PIT,WN,1.0
WN,MYR,STL,WN,1.0
WN,OAK,ABQ,WN,1.0
WN,OAK,AUS,WN,1.0
WN,OAK,BOI,WN,1.0
WN,OAK,BUR,WN,1.0
WN,OAK,DAL,WN,1.0
WN,OAK,DEN,WN,1.0
WN,OAK,EUG,WN,1.0
WN,OAK,GEG,WN,1.0
WN,OAK,HNL,WN,1.0
WN,OAK,HOU,WN,1.0
WN,OAK,LAS,WN,1.0
WN,OAK,LAX,WN,1.0
WN,OAK,LGB,WN,1.0
WN,OAK,LIH,WN,1.0
WN,OAK,MCI,WN,1.0
WN,OAK,MDW,WN,1.0
WN,OAK,OGG,WN,1.0
WN,OAK,ONT,WN,1.0
WN,OAK,PDX,WN,1.0
WN,OAK,PHX,WN,1.0
WN,OAK,PSP,WN,1.0
WN,OAK,SAN,WN,1.0
WN,OAK,SBA,WN,1.0
WN,OAK,SEA,WN,1.0
WN,OAK,SLC,WN,1.0
WN,OAK,SNA,WN,1.0
WN,OGG,HNL,WN,1.0
WN,OGG,KOA,WN,1.0
WN,OGG,LAS,WN,1.0
WN,OGG,LIH,WN,1.0
WN,OGG,OAK,WN,1.0
WN,OGG,PHX,WN,1.0
WN,OGG,SJC,WN,1.0
WN,OGG,SMF,WN,1.0
WN,OKC,AUS,WN,1.0
WN,OKC,BNA,WN,1.0
WN,OKC,DCA,WN,1.0
WN,OKC,DEN,WN,1.0
WN,OKC,HOU,WN,1.0
WN,OKC,LAS,WN,1.0
WN,OKC,LAX,WN,1.0
WN,OKC,MCO,WN,1.0
WN,OKC,MDW,WN,1.0
WN,OKC,PHX,WN,1.0
WN,OKC,SAT,WN,1.0
WN,OKC,STL,WN,1.0
WN,OMA,AUS,WN,1.0
WN,OMA,BNA,WN,1.0
WN,OMA,DAL,WN,1.0
WN,OMA,DCA,WN,1.0
WN,OMA,DEN,WN,1.0
WN,OMA,FLL,WN,1.0
WN,OMA,HOU,WN,1.0
WN,OMA,LAS,WN,1.0
WN,OMA,MCO,WN,1.0
WN,OMA,MDW,WN,1.0
WN,OMA,PHX,WN,1.0
WN,OMA,SAN,WN,1.0
WN,OMA,STL,WN,1.0
WN,OMA,TPA,WN,1.0
WN,ONT,AUS,WN,1.0
WN,ONT,BNA,WN,1.0
WN,ONT,BWI,WN,1.0
WN,ONT,DAL,WN,1.0
WN,ONT,DEN,WN,1.0
WN,ONT,HOU,WN,1.0
WN,ONT,LAS,WN,1.0
WN,ONT,MDW,WN,1.0
WN,ONT,OAK,WN,1.0
WN,ONT,PHX,WN,1.0
WN,ONT,SJC,WN,1.0
WN,ONT,SMF,WN,1.0
WN,ORD,AUS,WN,1.0
WN,ORD,BNA,WN,1.0
WN,ORD,BWI,WN,1.0
WN,ORD,DAL,WN,1.0
WN,ORD,DEN,WN,1.0
WN,ORD,LAS,WN,1.0
WN,ORD,MCO,WN,1.0
WN,ORD,PHX,WN,1.0
WN,ORD,RSW,WN,1.0
WN,ORD,TPA,WN,1.0
WN,ORF,BNA,WN,1.0
WN,ORF,BWI,WN,1.0
WN,ORF,DAL,WN,1.0
WN,ORF,DEN,WN,1.0
WN,ORF,MCO,WN,1.0
WN,ORF,MDW,WN,1.0
WN,ORF,STL,WN,1.0
WN,PBI,BNA,WN,1.0
WN,PBI,BWI,WN,1.0
WN,PBI,ISP,WN,1.0
WN,PBI,MCO,WN,1.0
WN,PDX,BNA,WN,1.0
WN,PDX,BUR,WN,1.0
WN,PDX,BWI,WN,1.0
WN,PDX,DAL,WN,1.0
WN,PDX,DEN,WN,1.0
WN,PDX,LAS,WN,1.0
WN,PDX,MCI,WN,1.0
WN,PDX,MDW,WN,1.0
WN,PDX,OAK,WN,1.0
WN,PDX,PHX,WN,1.0
WN,PDX,SAN,WN,1.0
WN,PDX,SJC,WN,1.0
WN,PDX,SMF,WN,1.0
WN,PDX,STL,WN,1.0
WN,PHL,BNA,WN,1.0
WN,PHL,DAL,WN,1.0
WN,PHL,DEN,WN,1.0
WN,PHL,MCO,WN,1.0
WN,PHL,MDW,WN,1.0
WN,PHL,STL,WN,1.0
WN,PHL,TPA,WN,1.0
WN,PHX,ABQ,WN,1.0
WN,PHX,ATL,WN,1.0
WN,PHX,AUS,WN,1.0
WN,PHX,BHM,WN,1.0
WN,PHX,BNA,WN,1.0
WN,PHX,BOI,WN,1.0
WN,PHX,BUF,WN,1.0
WN,PHX,BUR,WN,1.0
WN,PHX,BWI,WN,1.0
WN,PHX,CLE,WN,1.0
WN,PHX,CMH,WN,1.0
WN,PHX,COS,WN,1.0
WN,PHX,CVG,WN,1.0
WN,PHX,DAL,WN,1.0
WN,PHX,DEN,WN,1.0
WN,PHX,DSM,WN,1.0
WN,PHX,DTW,WN,1.0
WN,PHX,ELP,WN,1.0
WN,PHX,FLL,WN,1.0
WN,PHX,GEG,WN,1.0
WN,PHX,HNL,WN,1.0
WN,PHX,HOU,WN,1.0
WN,PHX,IAD,WN,1.0
WN,PHX,ICT,WN,1.0
WN,PHX,IND,WN,1.0
WN,PHX,LAS,WN,1.0
WN,PHX,LAX,WN,1.0
WN,PHX,LGB,WN,1.0
WN,PHX,LIT,WN,1.0
WN,PHX,MCI,WN,1.0
WN,PHX,MCO,WN,1.0
WN,PHX,MDW,WN,1.0
WN,PHX,MEM,WN,1.0
WN,PHX,MKE,WN,1.0
WN,PHX,MSP,WN,1.0
WN,PHX,MSY,WN,1.0
WN,PHX,OAK,WN,1.0
WN,PHX,OGG,WN,1.0
WN,PHX,OKC,WN,1.0
WN,PHX,OMA,WN,1.0
WN,PHX,ONT,WN,1.0
WN,PHX,ORD,WN,1.0
WN,PHX,PDX,WN,1.0
WN,PHX,PIT,WN,1.0
WN,PHX,RDU,WN,1.0
WN,PHX,RNO,WN,1.0
WN,PHX,SAN,WN,1.0
WN,PHX,SAT,WN,1.0
WN,PHX,SDF,WN,1.0
WN,PHX,SEA,WN,1.0
WN,PHX,SFO,WN,1.0
WN,PHX,SJC,WN,1.0
WN,PHX,SLC,WN,1.0
WN,PHX,SMF,WN,1.0
WN,PHX,SNA,WN,1.0
WN,PHX,STL,WN,1.0
WN,PHX,TPA,WN,1.0
WN,PHX,TUL,WN,1.0
WN,PIT,ATL,WN,1.0
WN,PIT,AUS,WN,1.0
WN,PIT,BNA,WN,1.0
WN,PIT,BWI,WN,1.0
WN,PIT,DAL,WN,1.0
WN,PIT,DEN,WN,1.0
WN,PIT,FLL,WN,1.0
WN,PIT,HOU,WN,1.0
WN,PIT,LAS,WN,1.0
WN,PIT,MCO,WN,1.0
WN,PIT,MDW,WN,1.0
WN,PIT,MIA,WN,1.0
WN,PIT,MYR,WN,1.0
WN,PIT,PHX,WN,1.0
WN,PIT,RSW,WN,1.0
WN,PIT,SAN,WN,1.0
WN,PIT,SRQ,WN,1.0
WN,PIT,STL,WN,1.0
WN,PIT,TPA,WN,1.0
WN,PNS,AUS,WN,1.0
WN,PNS,BNA,WN,1.0
WN,PNS,DAL,WN,1.0
WN,PNS,DEN,WN,1.0
WN,PNS,HOU,WN,1.0
WN,PNS,MCI,WN,1.0
WN,PNS,MDW,WN,1.0
WN,PNS,STL,WN,1.0
WN,PSP,DEN,WN,1.0
WN,PSP,LAS,WN,1.0
WN,PSP,MDW,WN,1.0
WN,PSP,OAK,WN,1.0
WN,PSP,SJC,WN,1.0
WN,PSP,SMF,WN,1.0
WN,PVD,BNA,WN,1.0
WN,PVD,BWI,WN,1.0
WN,PVD,DAL,WN,1.0
WN,PVD,DCA,WN,1.0
WN,PVD,DEN,WN,1.0
WN,PVD,FLL,WN,1.0
WN,PVD,MCO,WN,1.0
WN,PVD,MDW,WN,1.0
WN,PVD,RSW,WN,1.0
WN,PVD,TPA,WN,1.0
WN,PWM,BNA,WN,1.0
WN,PWM,BWI,WN,1.0
WN,PWM,MDW,WN,1.0
WN,RDU,ATL,WN,1.0
WN,RDU,AUS,WN,1.0
WN,RDU,BNA,WN,1.0
WN,RDU,BWI,WN,1.0
WN,RDU,DAL,WN,1.0
WN,RDU,DEN,WN,1.0
WN,RDU,FLL,WN,1.0
WN,RDU,HOU,WN,1.0
WN,RDU,LAS,WN,1.0
WN,RDU,MCI,WN,1.0
WN,RDU,MCO,WN,1.0
WN,RDU,MDW,WN,1.0
WN,RDU,MSY,WN,1.0
WN,RDU,PHX,WN,1.0
WN,RDU,STL,WN,1.0
WN,RDU,TPA,WN,1.0
WN,RIC,BNA,WN,1.0
WN,RIC,BWI,WN,1.0
WN,RIC,DEN,WN,1.0
WN,RIC,MCO,WN,1.0
WN,RIC,MDW,WN,1.0
WN,RNO,AUS,WN,1.0
WN,RNO,BUR,WN,1.0
WN,RNO,DAL,WN,1.0
WN,RNO,DEN,WN,1.0
WN,RNO,LAS,WN,1.0
WN,RNO,LAX,WN,1.0
WN,RNO,LGB,WN,1.0
WN,RNO,MDW,WN,1.0
WN,RNO,PHX,WN,1.0
WN,RNO,SAN,WN,1.0
WN,RNO,SJC,WN,1.0
WN,ROC,BWI,WN,1.0
WN,ROC,LAS,WN,1.0
WN,ROC,MCO,WN,1.0
WN,ROC,MDW,WN,1.0
WN,ROC,TPA,WN,1.0
WN,RSW,BNA,WN,1.0
WN,RSW,BUF,WN,1.0
WN,RSW,BWI,WN,1.0
WN,RSW,CMH,WN,1.0
WN,RSW,DAL,WN,1.0
WN,RSW,DEN,WN,1.0
WN,RSW,GRR,WN,1.0
WN,RSW,HOU,WN,1.0
WN,RSW,IND,WN,1.0
WN,RSW,MCI,WN,1.0
WN,RSW,MCO,WN,1.0
WN,RSW,MDW,WN,1.0
WN,RSW,MKE,WN,1.0
WN,RSW,ORD,WN,1.0
WN,RSW,PIT,WN,1.0
WN,RSW,PVD,WN,1.0
WN,RSW,STL,WN,1.0
WN,SAN,ABQ,WN,1.0
WN,SAN,AUS,WN,1.0
WN,SAN,BNA,WN,1.0
WN,SAN,BOI,WN,1.0
WN,SAN,BWI,WN,1.0
WN,SAN,CMH,WN,1.0
WN,SAN,COS,WN,1.0
WN,SAN,DAL,WN,1.0
WN,SAN,DEN,WN,1.0
WN,SAN,ELP,WN,1.0
WN,SAN,EUG,WN,1.0
WN,SAN,FAT,WN,1.0
WN,SAN,HNL,WN,1.0
WN,SAN,HOU,WN,1.0
WN,SAN,IND,WN,1.0
WN,SAN,LAS,WN,1.0
WN,SAN,MCI,WN,1.0
WN,SAN,MCO,WN,1.0
WN,SAN,MDW,WN,1.0
WN,SAN,MKE,WN,1.0
WN,SAN,MSY,WN,1.0
WN,SAN,OAK,WN,1.0
WN,SAN,OMA,WN,1.0
WN,SAN,PDX,WN,1.0
WN,SAN,PHX,WN,1.0
WN,SAN,PIT,WN,1.0
WN,SAN,RNO,WN,1.0
WN,SAN,SAT,WN,1.0
WN,SAN,SFO,WN,1.0
WN,SAN,SJC,WN,1.0
WN,SAN,SLC,WN,1.0
WN,SAN,SMF,WN,1.0
WN,SAN,STL,WN,1.0
WN,SAN,TPA,WN,1.0
WN,SAN,TUS,WN,1.0
WN,SAT,ABQ,WN,1.0
WN,SAT,ATL,WN,1.0
WN,SAT,BNA,WN,1.0
WN,SAT,BWI,WN,1.0
WN,SAT,COS,WN,1.0
WN,SAT,DAL,WN,1.0
WN,SAT,DEN,WN,1.0
WN,SAT,ELP,WN,1.0
WN,SAT,FLL,WN,1.0
WN,SAT,HOU,WN,1.0
WN,SAT,LAS,WN,1.0
WN,SAT,LAX,WN,1.0
WN,SAT,MCI,WN,1.0
WN,SAT,MCO,WN,1.0
WN,SAT,MDW,WN,1.0
WN,SAT,MSY,WN,1.0
WN,SAT,OKC,WN,1.0
WN,SAT,PHX,WN,1.0
WN,SAT,SAN,WN,1.0
WN,SAT,STL,WN,1.0
WN,SAT,TPA,WN,1.0
WN,SAV,BNA,WN,1.0
WN,SAV,BWI,WN,1.0
WN,SAV,DAL,WN,1.0
WN,SAV,DEN,WN,1.0
WN,SAV,HOU,WN,1.0
WN,SAV,MDW,WN,1.0
WN,SAV,STL,WN,1.0
WN,SBA,DEN,WN,1.0
WN,SBA,LAS,WN,1.0
WN,SBA,OAK,WN,1.0
WN,SBA,SMF,WN,1.0
WN,SDF,BNA,WN,1.0
WN,SDF,BWI,WN,1.0
WN,SDF,DAL,WN,1.0
WN,SDF,DEN,WN,1.0
WN,SDF,FLL,WN,1.0
WN,SDF,HOU,WN,1.0
WN,SDF,LAS,WN,1.0
WN,SDF,MCO,WN,1.0
WN,SDF,MDW,WN,1.0
WN,SDF,PHX,WN,1.0
WN,SDF,TPA,WN,1.0
WN,SEA,BNA,WN,1.0
WN,SEA,BWI,WN,1.0
WN,SEA,DAL,WN,1.0
WN,SEA,DEN,WN,1.0
WN,SEA,HOU,WN,1.0
WN,SEA,LAS,WN,1.0
WN,SEA,MCI,WN,1.0
WN,SEA,MDW,WN,1.0
WN,SEA,OAK,WN,1.0
WN,SEA,PHX,WN,1.0
WN,SEA,SJC,WN,1.0
WN,SEA,SMF,WN,1.0
WN,SEA,STL,WN,1.0
WN,SFO,AUS,WN,1.0
WN,SFO,BNA,WN,1.0
WN,SFO,BWI,WN,1.0
WN,SFO,DEN,WN,1.0
WN,SFO,LAS,WN,1.0
WN,SFO,LAX,WN,1.0
WN,SFO,MDW,WN,1.0
WN,SFO,PHX,WN,1.0
WN,SFO,SAN,WN,1.0
WN,SFO,STL,WN,1.0
WN,SJC,AUS,WN,1.0
WN,SJC,BNA,WN,1.0
WN,SJC,BOI,WN,1.0
WN,SJC,BUR,WN,1.0
WN,SJC,BWI,WN,1.0
WN,SJC,DAL,WN,1.0
WN,SJC,DEN,WN,1.0
WN,SJC,EUG,WN,1.0
WN,SJC,GEG,WN,1.0
WN,SJC,HNL,WN,1.0
WN,SJC,HOU,WN,1.0
WN,SJC,LAS,WN,1.0
WN,SJC,LAX,WN,1.0
WN,SJC,LGB,WN,1.0
WN,SJC,MDW,WN,1.0
WN,SJC,OGG,WN,1.0
WN,SJC,ONT,WN,1.0
WN,SJC,PDX,WN,1.0
WN,SJC,PHX,WN,1.0
WN,SJC,PSP,WN,1.0
WN,SJC,RNO,WN,1.0
WN,SJC,SAN,WN,1.0
WN,SJC,SEA,WN,1.0
WN,SJC,SLC,WN,1.0
WN,SJC,SNA,WN,1.0
WN,SJC,STL,WN,1.0
WN,SJU,AUS,WN,1.0
WN,SJU,BNA,WN,1.0
WN,SJU,BWI,WN,1.0
WN,SJU,FLL,WN,1.0
WN,SJU,HOU,WN,1.0
WN,SJU,MCO,WN,1.0
WN,SJU,MDW,WN,1.0
WN,SJU,STL,WN,1.0
WN,SJU,TPA,WN,1.0
WN,SLC,AUS,WN,1.0
WN,SLC,BNA,WN,1.0
WN,SLC,BUR,WN,1.0
WN,SLC,BWI,WN,1.0
WN,SLC,DAL,WN,1.0
WN,SLC,DEN,WN,1.0
WN,SLC,HOU,WN,1.0
WN,SLC,LAS,WN,1.0
WN,SLC,LAX,WN,1.0
WN,SLC,LGB,WN,1.0
WN,SLC,MCO,WN,1.0
WN,SLC,MDW,WN,1.0
WN,SLC,OAK,WN,1.0
WN,SLC,PHX,WN,1.0
WN,SLC,SAN,WN,1.0
WN,SLC,SJC,WN,1.0
WN,SLC,SMF,WN,1.0
WN,SLC,STL,WN,1.0
WN,SMF,AUS,WN,1.0
WN,SMF,BNA,WN,1.0
WN,SMF,BOI,WN,1.0
WN,SMF,BUR,WN,1.0
WN,SMF,BWI,WN,1.0
WN,SMF,DAL,WN,1.0
WN,SMF,DEN,WN,1.0
WN,SMF,EUG,WN,1.0
WN,SMF,GEG,WN,1.0
WN,SMF,HNL,WN,1.0
WN,SMF,HOU,WN,1.0
WN,SMF,KOA,WN,1.0
WN,SMF,LAS,WN,1.0
WN,SMF,LAX,WN,1.0
WN,SMF,LGB,WN,1.0
WN,SMF,MCI,WN,1.0
WN,SMF,MCO,WN,1.0
WN,SMF,MDW,WN,1.0
WN,SMF,OGG,WN,1.0
WN,SMF,ONT,WN,1.0
WN,SMF,PDX,WN,1.0
WN,SMF,PHX,WN,1.0
WN,SMF,PSP,WN,1.0
WN,SMF,SAN,WN,1.0
WN,SMF,SBA,WN,1.0
WN,SMF,SEA,WN,1.0
WN,SMF,SLC,WN,1.0
WN,SMF,SNA,WN,1.0
WN,SMF,STL,WN,1.0
WN,SMF,TUS,WN,1.0
WN,SNA,AUS,WN,1.0
WN,SNA,BNA,WN,1.0
WN,SNA,DAL,WN,1.0
WN,SNA,DEN,WN,1.0
WN,SNA,LAS,WN,1.0
WN,SNA,OAK,WN,1.0
WN,SNA,PHX,WN,1.0
WN,SNA,SJC,WN,1.0
WN,SNA,SMF,WN,1.0
WN,SRQ,BNA,WN,1.0
WN,SRQ,BUF,WN,1.0
WN,SRQ,BWI,WN,1.0
WN,SRQ,CMH,WN,1.0
WN,SRQ,DAL,WN,1.0
WN,SRQ,DEN,WN,1.0
WN,SRQ,HOU,WN,1.0
WN,SRQ,IND,WN,1.0
WN,SRQ,MCO,WN,1.0
WN,SRQ,MDW,WN,1.0
WN,SRQ,PIT,WN,1.0
WN,SRQ,STL,WN,1.0
WN,STL,ATL,WN,1.0
WN,STL,AUS,WN,1.0
WN,STL,BNA,WN,1.0
WN,STL,BOS,WN,1.0
WN,STL,BUR,WN,1.0
WN,STL,BWI,WN,1.0
WN,STL,CHS,WN,1.0
WN,STL,CLE,WN,1.0
WN,STL,CLT,WN,1.0
WN,STL,CMH,WN,1.0
WN,STL,DAL,WN,1.0
WN,STL,DCA,WN,1.0
WN,STL,DEN,WN,1.0
WN,STL,DSM,WN,1.0
WN,STL,DTW,WN,1.0
WN,STL,ECP,WN,1.0
WN,STL,FLL,WN,1.0
WN,STL,HOU,WN,1.0
WN,STL,ICT,WN,1.0
WN,STL,JAX,WN,1.0
WN,STL,LAS,WN,1.0
WN,STL,LAX,WN,1.0
WN,STL,LGA,WN,1.0
WN,STL,LGB,WN,1.0
WN,STL,LIT,WN,1.0
WN,STL,MCI,WN,1.0
WN,STL,MCO,WN,1.0
WN,STL,MDW,WN,1.0
WN,STL,MIA,WN,1.0
WN,STL,MKE,WN,1.0
WN,STL,MSP,WN,1.0
WN,STL,MSY,WN,1.0
WN,STL,MYR,WN,1.0
WN,STL,OKC,WN,1.0
WN,STL,OMA,WN,1.0
WN,STL,ORF,WN,1.0
WN,STL,PDX,WN,1.0
WN,STL,PHL,WN,1.0
WN,STL,PHX,WN,1.0
WN,STL,PIT,WN,1.0
WN,STL,PNS,WN,1.0
WN,STL,RDU,WN,1.0
WN,STL,RSW,WN,1.0
WN,STL,SAN,WN,1.0
WN,STL,SAT,WN,1.0
WN,STL,SAV,WN,1.0
WN,STL,SEA,WN,1.0
WN,STL,SFO,WN,1.0
WN,STL,SJC,WN,1.0
WN,STL,SJU,WN,1.0
WN,STL,SLC,WN,1.0
WN,STL,SMF,WN,1.0
WN,STL,SRQ,WN,1.0
WN,STL,TPA,WN,1.0
WN,STL,TUL,WN,1.0
WN,STL,VPS,WN,1.0
WN,TPA,ALB,WN,1.0
WN,TPA,ATL,WN,1.0
WN,TPA,AUS,WN,1.0
WN,TPA,BDL,WN,1.0
WN,TPA,BHM,WN,1.0
WN,TPA,BNA,WN,1.0
WN,TPA,BUF,WN,1.0
WN,TPA,BWI,WN,1.0
WN,TPA,CLE,WN,1.0
WN,TPA,CMH,WN,1.0
WN,TPA,DAL,WN,1.0
WN,TPA,DCA,WN,1.0
WN,TPA,DEN,WN,1.0
WN,TPA,FLL,WN,1.0
WN,TPA,HOU,WN,1.0
WN,TPA,IND,WN,1.0
WN,TPA,ISP,WN,1.0
WN,TPA,LAS,WN,1.0
WN,TPA,LAX,WN,1.0
WN,TPA,MCI,WN,1.0
WN,TPA,MDW,WN,1.0
WN,TPA,MEM,WN,1.0
WN,TPA,MHT,WN,1.0
WN,TPA,MKE,WN,1.0
WN,TPA,MSY,WN,1.0
WN,TPA,OMA,WN,1.0
WN,TPA,ORD,WN,1.0
WN,TPA,PHL,WN,1.0
WN,TPA,PHX,WN,1.0
WN,TPA,PIT,WN,1.0
WN,TPA,PVD,WN,1.0
WN,TPA,RDU,WN,1.0
WN,TPA,ROC,WN,1.0
WN,TPA,SAN,WN,1.0
WN,TPA,SAT,WN,1.0
WN,TPA,SDF,WN,1.0
WN,TPA,SJU,WN,1.0
WN,TPA,STL,WN,1.0
WN,TUL,AUS,WN,1.0
WN,TUL,BNA,WN,1.0
WN,TUL,DAL,WN,1.0
WN,TUL,DEN,WN,1.0
WN,TUL,HOU,WN,1.0
WN,TUL,LAS,WN,1.0
WN,TUL,MCO,WN,1.0
WN,TUL,MDW,WN,1.0
WN,TUL,PHX,WN,1.0
WN,TUL,STL,WN,1.0
WN,TUS,DAL,WN,1.0
WN,TUS,DEN,WN,1.0
WN,TUS,HOU,WN,1.0
WN,TUS,LAS,WN,1.0
WN,TUS,LAX,WN,1.0
WN,TUS,MDW,WN,1.0
WN,TUS,SAN,WN,1.0
WN,TUS,SMF,WN,1.0
WN,VPS,BNA,WN,1.0
WN,VPS,BWI,WN,1.0
WN,VPS,DAL,WN,1.0
WN,VPS,HOU,WN,1.0
WN,VPS,MCI,WN,1.0
WN,VPS,STL,WN,1.0
YV,ABQ,IAH,UA,1.0
YV,ATL,IAD,UA,1.0
YV,ATL,IAH,UA,1.0
YV,AUS,IAD,UA,1.0
YV,AUS,IAH,UA,1.0
YV,BDL,IAD,UA,1.0
YV,BHM,IAH,UA,1.0
YV,BNA,IAD,UA,1.0
YV,BNA,IAH,UA,1.0
YV,BRO,IAH,UA,1.0
YV,BTR,IAH,UA,1.0
YV,BTV,IAD,UA,1.0
YV,BUF,IAD,UA,1.0
YV,BWI,IAH,UA,1.0
YV,BZN,IAH,UA,1.0
YV,CHS,IAD,UA,1.0
YV,CHS,IAH,UA,1.0
YV,CLE,IAD,UA,1.0
YV,CLE,IAH,UA,1.0
YV,CLT,IAD,UA,1.0
YV,CLT,IAH,UA,1.0
YV,CMH,IAD,UA,1.0
YV,CMH,IAH,UA,1.0
YV,COS,IAH,UA,1.0
YV,CRP,IAH,UA,1.0
YV,CVG,IAD,UA,1.0
YV,CVG,IAH,UA,1.0
YV,DFW,IAD,UA,1.0
YV,DFW,IAH,UA,1.0
YV,DRO,IAH,UA,1.0
YV,DSM,IAH,UA,1.0
YV,DTW,IAD,UA,1.0
YV,DTW,IAH,UA,1.0
YV,ECP,IAH,UA,1.0
YV,ELP,IAH,UA,1.0
YV,EYW,IAD,UA,1.0
YV,EYW,IAH,UA,1.0
YV,GRR,IAH,UA,1.0
YV,GSP,IAH,UA,1.0
YV,GUC,IAH,UA,1.0
YV,HDN,IAH,UA,1.0
YV,HRL,IAH,UA,1.0
YV,IAD,ATL,UA,1.0
YV,IAD,AUS,UA,1.0
YV,IAD,BDL,UA,1.0
YV,IAD,BNA,UA,1.0
YV,IAD,BTV,UA,1.0
YV,IAD,BUF,UA,1.0
YV,IAD,CHS,UA,1.0
YV,IAD,CLE,UA,1.0
YV,IAD,CLT,UA,1.0
YV,IAD,CMH,UA,1.0
YV,IAD,CVG,UA,1.0
YV,IAD,DFW,UA,1.0
YV,IAD,DTW,UA,1.0
YV,IAD,EYW,UA,1.0
YV,IAD,IND,UA,1.0
YV,IAD,JAX,UA,1.0
YV,IAD,LGA,UA,1.0
YV,IAD,MCI,UA,1.0
YV,IAD,MSP,UA,1.0
YV,IAD,MSY,UA,1.0
YV,IAD,MYR,UA,1.0
YV,IAD,ORF,UA,1.0
YV,IAD,PIT,UA,1.0
YV,IAD,PVD,UA,1.0
YV,IAD,RDU,UA,1.0
YV,IAD,RIC,UA,1.0
YV,IAD,SAT,UA,1.0
YV,IAD,SAV,UA,1.0
YV,IAD,SBN,UA,1.0
YV,IAD,SDF,UA,1.0
YV,IAH,ABQ,UA,1.0
YV,IAH,ATL,UA,1.0
YV,IAH,AUS,UA,1.0
YV,IAH,BHM,UA,1.0
YV,IAH,BNA,UA,1.0
YV,IAH,BRO,UA,1.0
YV,IAH,BTR,UA,1.0
YV,IAH,BWI,UA,1.0
YV,IAH,BZN,UA,1.0
YV,IAH,CHS,UA,1.0
YV,IAH,CLE,UA,1.0
YV,IAH,CLT,UA,1.0
YV,IAH,CMH,UA,1.0
YV,IAH,COS,UA,1.0
YV,IAH,CRP,UA,1.0
YV,IAH,CVG,UA,1.0
YV,IAH,DFW,UA,1.0
YV,IAH,DRO,UA,1.0
YV,IAH,DSM,UA,1.0
YV,IAH,DTW,UA,1.0
YV,IAH,ECP,UA,1.0
YV,IAH,ELP,UA,1.0
YV,IAH,EYW,UA,1.0
YV,IAH,GRR,UA,1.0
YV,IAH,GSP,UA,1.0
YV,IAH,GUC,UA,1.0
YV,IAH,HDN,UA,1.0
YV,IAH,HRL,UA,1.0
YV,IAH,ICT,UA,1.0
YV,IAH,IND,UA,1.0
YV,IAH,JAX,UA,1.0
YV,IAH,LBB,UA,1.0
YV,IAH,LFT,UA,1.0
YV,IAH,LGA,UA,1.0
YV,IAH,LIT,UA,1.0
YV,IAH,MAF,UA,1.0
YV,IAH,MCI,UA,1.0
YV,IAH,MEM,UA,1.0
YV,IAH,MFE,UA,1.0
YV,IAH,MKE,UA,1.0
YV,IAH,MOB,UA,1.0
YV,IAH,MSP,UA,1.0
YV,IAH,MSY,UA,1.0
YV,IAH,MTJ,UA,1.0
YV,IAH,OKC,UA,1.0
YV,IAH,OMA,UA,1.0
YV,IAH,ORF,UA,1.0
YV,IAH,PBI,UA,1.0
YV,IAH,PHL,UA,1.0
YV,IAH,PIT,UA,1.0
YV,IAH,PNS,UA,1.0
YV,IAH,PSP,UA,1.0
YV,IAH,RDU,UA,1.0
YV,IAH,RIC,UA,1.0
YV,IAH,SAT,UA,1.0
YV,IAH,SAV,UA,1.0
YV,IAH,SDF,UA,1.0
YV,IAH,SLC,UA,1.0
YV,IAH,STL,UA,1.0
YV,IAH,TUL,UA,1.0
YV,IAH,TUS,UA,1.0
YV,IAH,TYS,UA,1.0
YV,IAH,XNA,UA,1.0
YV,ICT,IAH,UA,1.0
YV,IND,IAD,UA,1.0
YV,IND,IAH,UA,1.0
YV,JAX,IAD,UA,1.0
YV,JAX,IAH,UA,1.0
YV,LBB,IAH,UA,1.0
YV,LFT,IAH,UA,1.0
YV,LGA,IAD,UA,1.0
YV,LGA,IAH,UA,1.0
YV,LIT,IAH,UA,1.0
YV,MAF,IAH,UA,1.0
YV,MCI,IAD,UA,1.0
YV,MCI,IAH,UA,1.0
YV,MEM,IAH,UA,1.0
YV,MFE,IAH,UA,1.0
YV,MKE,IAH,UA,1.0
YV,MOB,IAH,UA,1.0
YV,MSP,IAD,UA,1.0
YV,MSP,IAH,UA,1.0
YV,MSY,IAD,UA,1.0
YV,MSY,IAH,UA,1.0
YV,MTJ,IAH,UA,1.0
YV,MYR,IAD,UA,1.0
YV,OKC,IAH,UA,1.0
YV,OMA,IAH,UA,1.0
YV,ORF,IAD,UA,1.0
YV,ORF,IAH,UA,1.0
YV,PBI,IAH,UA,1.0
YV,PHL,IAH,UA,1.0
YV,PIT,IAD,UA,1.0
YV,PIT,IAH,UA,1.0
YV,PNS,IAH,UA,1.0
YV,PSP,IAH,UA,1.0
YV,PVD,IAD,UA,1.0
YV,RDU,IAD,UA,1.0
YV,RDU,IAH,UA,1.0
YV,RIC,IAD,UA,1.0
YV,RIC,IAH,UA,1.0
YV,SAT,IAD,UA,1.0
YV,SAT,IAH,UA,1.0
YV,SAV,IAD,UA,1.0
YV,SAV,IAH,UA,1.0
YV,SBN,IAD,UA,1.0
YV,SDF,IAD,UA,1.0
YV,SDF,IAH,UA,1.0
YV,SLC,IAH,UA,1.0
YV,STL,IAH,UA,1.0
YV,TUL,IAH,UA,1.0
YV,TUS,IAH,UA,1.0
YV,TYS,IAH,UA,1.0
YV,XNA,IAH,UA,1.0
YX,ACK,DCA,AA,1.0
YX,ACK,JFK,DL,1.0
YX,ACK,LGA,AA,0.38613861386138615
YX,ACK,LGA,DL,0.6138613861386139
YX,ACK,ORD,AA,1.0
YX,ACK,PHL,AA,1.0
YX,ALB,DCA,AA,1.0
YX,ALB,MIA,AA,1.0
YX,ALB,ORD,AA,0.2054794520547945
YX,ALB,ORD,UA,0.7945205479452054
YX,ATL,DCA,AA,1.0
YX,ATL,EWR,UA,1.0
YX,ATL,HHH,DL,1.0
YX,ATL,IAD,UA,1.0
YX,ATL,LGA,AA,1.0
YX,ATL,MIA,AA,1.0
YX,ATL,ORD,AA,1.0
YX,ATL,PHL,AA,1.0
YX,AUS,IAD,UA,1.0
YX,AUS,ORD,AA,1.0
YX,AVL,BOS,DL,1.0
YX,AVL,EWR,UA,1.0
YX,AVL,LGA,AA,1.0
YX,BDL,DCA,AA,1.0
YX,BDL,IAD,UA,1.0
YX,BDL,ORD,AA,0.7913043478260869
YX,BDL,ORD,UA,0.20869565217391303
YX,BGR,EWR,UA,1.0
YX,BGR,LGA,AA,1.0
YX,BGR,ORD,AA,0.32222222222222224
YX,BGR,ORD,UA,0.6777777777777778
YX,BGR,PHL,AA,1.0
YX,BHM,DCA,AA,1.0
YX,BHM,ORD,AA,0.6363636363636364
YX,BHM,ORD,UA,0.36363636363636365
YX,BNA,BOS,DL,1.0
YX,BNA,DCA,AA,0.40418118466898956
YX,BNA,DCA,DL,0.5958188153310104
YX,BNA,EWR,UA,1.0
YX,BNA,IAD,UA,1.0
YX,BNA,JFK,AA,0.9803921568627451
YX,BNA,JFK,DL,0.0196078431372549
YX,BNA,LGA,AA,0.7231270358306189
YX,BNA,LGA,DL,0.2768729641693811
YX,BNA,MCO,DL,1.0
YX,BNA,MIA,AA,1.0
YX,BNA,ORD,AA,0.40963855421686746
YX,BNA,ORD,UA,0.5903614457831325
YX,BNA,PHL,AA,1.0
YX,BNA,RDU,AA,1.0
YX,BOS,AVL,DL,1.0
YX,BOS,BNA,DL,1.0
YX,BOS,BWI,DL,1.0
YX,BOS,CHS,DL,1.0
YX,BOS,CLE,DL,1.0
YX,BOS,CLT,DL,1.0
YX,BOS,CMH,AA,0.4645161290322581
YX,BOS,CMH,DL,0.535483870967742
YX,BOS,CVG,AA,0.1336405529953917
YX,BOS,CVG,DL,0.8663594470046083
YX,BOS,DCA,AA,0.27080394922425954
YX,BOS,DCA,DL,0.7291960507757405
YX,BOS,EWR,DL,0.8282828282828283
YX,BOS,EWR,UA,0.1717171717171717
YX,BOS,EYW,AA,1.0
YX,BOS,HHH,AA,1.0
YX,BOS,IAD,UA,1.0
YX,BOS,ILM,DL,1.0
YX,BOS,IND,AA,0.5120481927710844
YX,BOS,IND,DL,0.4879518072289157
YX,BOS,JAX,DL,1.0
YX,BOS,JFK,AA,0.497907949790795
YX,BOS,JFK,DL,0.502092050209205
YX,BOS,LGA,AA,0.34915924826904055
YX,BOS,LGA,DL,0.6508407517309595
YX,BOS,MCI,DL,1.0
YX,BOS,MEM,DL,1.0
YX,BOS,MIA,AA,1.0
YX,BOS,MKE,DL,1.0
YX,BOS,MYR,AA,1.0
YX,BOS,ORD,AA,0.4720812182741117
YX,BOS,ORD,DL,0.5279187817258884
YX,BOS,ORF,DL,1.0
YX,BOS,PHL,AA,0.39158576051779936
YX,BOS,PHL,DL,0.6084142394822006
YX,BOS,PIT,DL,1.0
YX,BOS,RDU,DL,1.0
YX,BOS,RIC,DL,1.0
YX,BOS,SAV,DL,1.0
YX,BOS,SDF,AA,0.5089285714285714
YX,BOS,SDF,DL,0.49107142857142855
YX,BOS,SRQ,DL,1.0
YX,BOS,STL,AA,1.0
YX,BOS,TVC,AA,0.7380952380952381
YX,BOS,TVC,DL,0.2619047619047619
YX,BTV,DCA,AA,1.0
YX,BTV,EWR,UA,1.0
YX,BTV,IAD,UA,1.0
YX,BTV,LGA,AA,1.0
YX,BTV,ORD,UA,1.0
YX,BTV,PHL,AA,1.0
YX,BUF,DCA,AA,1.0
YX,BUF,EWR,UA,1.0
YX,BUF,IAD,UA,1.0
YX,BUF,LGA,AA,0.49044585987261147
YX,BUF,LGA,DL,0.5095541401273885
YX,BUF,MIA,AA,1.0
YX,BUF,ORD,AA,0.7872340425531915
YX,BUF,ORD,UA,0.2127659574468085
YX,BWI,BOS,DL,1.0
YX,BWI,DTW,DL,1.0
YX,BWI,ORD,AA,0.7333333333333333
YX,BWI,ORD,UA,0.26666666666666666
YX,CAE,DCA,AA,1.0
YX,CAE,LGA,AA,1.0
YX,CAE,MIA,AA,1.0
YX,CHA,DCA,AA,1.0
YX,CHA,MIA,AA,1.0
YX,CHA,ORD,AA,0.04
YX,CHA,ORD,UA,0.96
YX,CHO,IAD,UA,1.0
YX,CHO,LGA,AA,1.0
YX,CHS,BOS,DL,1.0
YX,CHS,DCA,AA,1.0
YX,CHS,DTW,DL,1.0
YX,CHS,EWR,UA,1.0
YX,CHS,IAD,UA,1.0
YX,CHS,JFK,DL,1.0
YX,CHS,LGA,AA,0.5086705202312138
YX,CHS,LGA,DL,0.4913294797687861
YX,CHS,MIA,AA,1.0
YX,CHS,ORD,AA,0.18421052631578946
YX,CHS,ORD,UA,0.8157894736842105
YX,CID,MIA,AA,1.0
YX,CID,ORD,AA,0.15384615384615385
YX,CID,ORD,UA,0.8461538461538461
YX,CLE,BOS,DL,1.0
YX,CLE,DTW,DL,1.0
YX,CLE,EWR,UA,1.0
YX,CLE,IAD,UA,1.0
YX,CLE,JFK,AA,0.9509803921568627
YX,CLE,JFK,DL,0.049019607843137254
YX,CLE,LGA,AA,0.8652173913043478
YX,CLE,LGA,DL,0.13478260869565217
YX,CLE,MIA,AA,1.0
YX,CLE,ORD,AA,0.13953488372093023
YX,CLE,ORD,UA,0.8604651162790697
YX,CLE,PHL,AA,1.0
YX,CLT,BOS,DL,1.0
YX,CLT,EWR,UA,1.0
YX,CLT,IAD,UA,1.0
YX,CLT,JFK,DL,1.0
YX,CLT,LGA,DL,1.0
YX,CLT,ORD,UA,1.0
YX,CMH,BOS,AA,0.4662379421221865
YX,CMH,BOS,DL,0.5337620578778135
YX,CMH,DCA,AA,1.0
YX,CMH,DTW,DL,1.0
YX,CMH,EWR,UA,1.0
YX,CMH,IAD,UA,1.0
YX,CMH,JFK,AA,0.45054945054945056
YX,CMH,JFK,DL,0.5494505494505495
YX,CMH,LGA,AA,0.4926315789473684
YX,CMH,LGA,DL,0.5073684210526316
YX,CMH,MCO,DL,1.0
YX,CMH,ORD,AA,0.23140495867768596
YX,CMH,ORD,UA,0.768595041322314
YX,CMH,PHL,AA,1.0
YX,CVG,BOS,AA,0.13761467889908258
YX,CVG,BOS,DL,0.8623853211009175
YX,CVG,DCA,AA,1.0
YX,CVG,EWR,UA,1.0
YX,CVG,IAD,UA,1.0
YX,CVG,JFK,AA,0.9761904761904762
YX,CVG,JFK,DL,0.023809523809523808
YX,CVG,LGA,AA,0.95
YX,CVG,LGA,DL,0.05
YX,CVG,MCO,DL,1.0
YX,CVG,MIA,AA,1.0
YX,CVG,ORD,AA,0.4152542372881356
YX,CVG,ORD,UA,0.5847457627118644
YX,CVG,PHL,AA,1.0
YX,DAY,LGA,AA,1.0
YX,DAY,ORD,UA,1.0
YX,DCA,ACK,AA,1.0
YX,DCA,ALB,AA,1.0
YX,DCA,ATL,AA,1.0
YX,DCA,BDL,AA,1.0
YX,DCA,BHM,AA,1.0
YX,DCA,BNA,AA,0.40418118466898956
YX,DCA,BNA,DL,0.5958188153310104
YX,DCA,BOS,AA,0.2711864406779661
YX,DCA,BOS,DL,0.7288135593220338
YX,DCA,BTV,AA,1.0
YX,DCA,BUF,AA,1.0
YX,DCA,CAE,AA,1.0
YX,DCA,CHA,AA,1.0
YX,DCA,CHS,AA,1.0
YX,DCA,CMH,AA,1.0
YX,DCA,CVG,AA,1.0
YX,DCA,DSM,AA,1.0
YX,DCA,DTW,DL,1.0
YX,DCA,ECP,AA,1.0
YX,DCA,EWR,UA,1.0
YX,DCA,EYW,AA,1.0
YX,DCA,HHH,AA,1.0
YX,DCA,HYA,AA,1.0
YX,DCA,IAH,AA,1.0
YX,DCA,ILM,AA,1.0
YX,DCA,IND,AA,1.0
YX,DCA,JAX,AA,1.0
YX,DCA,JFK,AA,0.6142433234421365
YX,DCA,JFK,DL,0.3857566765578635
YX,DCA,LEX,DL,1.0
YX,DCA,LGA,AA,0.5224787363304981
YX,DCA,LGA,DL,0.4775212636695018
YX,DCA,MCO,DL,1.0
YX,DCA,MEM,AA,1.0
YX,DCA,MIA,AA,0.36363636363636365
YX,DCA,MIA,DL,0.6363636363636364
YX,DCA,MSN,AA,0.494949494949495
YX,DCA,MSN,DL,0.5050505050505051
YX,DCA,MSP,AA,1.0
YX,DCA,MSY,AA,1.0
YX,DCA,MVY,AA,1.0
YX,DCA,MYR,AA,1.0
YX,DCA,OKC,AA,1.0
YX,DCA,OMA,DL,1.0
YX,DCA,ORD,AA,0.3583815028901734
YX,DCA,ORD,UA,0.6416184971098265
YX,DCA,PBI,AA,1.0
YX,DCA,PHL,AA,1.0
YX,DCA,PIT,AA,1.0
YX,DCA,PNS,AA,1.0
YX,DCA,PVD,AA,1.0
YX,DCA,PWM,AA,1.0
YX,DCA,RDU,AA,1.0
YX,DCA,ROC,AA,1.0
YX,DCA,RSW,AA,1.0
YX,DCA,SDF,AA,1.0
YX,DCA,STL,AA,1.0
YX,DCA,SYR,AA,1.0
YX,DCA,TUL,AA,1.0
YX,DCA,TYS,AA,1.0
YX,DCA,VPS,AA,1.0
YX,DFW,EWR,UA,1.0
YX,DFW,IAD,UA,1.0
YX,DSM,DCA,AA,1.0
YX,DSM,LGA,AA,1.0
YX,DSM,MIA,AA,1.0
YX,DSM,ORD,AA,0.5423728813559322
YX,DSM,ORD,UA,0.4576271186440678
YX,DTW,BWI,DL,1.0
YX,DTW,CHS,DL,1.0
YX,DTW,CLE,DL,1.0
YX,DTW,CMH,DL,1.0
YX,DTW,CVG,DL,1.0
YX,DTW,DCA,DL,1.0
YX,DTW,EWR,DL,0.012711864406779662
YX,DTW,EWR,UA,0.9872881355932204
YX,DTW,GRR,DL,1.0
YX,DTW,GSO,DL,1.0
YX,DTW,IAD,UA,1.0
YX,DTW,IND,DL,1.0
YX,DTW,LEX,DL,1.0
YX,DTW,LGA,AA,1.0
YX,DTW,MCI,DL,1.0
YX,DTW,MEM,DL,1.0
YX,DTW,MKE,DL,1.0
YX,DTW,MSN,DL,1.0
YX,DTW,ORD,AA,0.2847682119205298
YX,DTW,ORD,DL,0.033112582781456956
YX,DTW,ORD,UA,0.6821192052980133
YX,DTW,PHL,AA,0.6666666666666666
YX,DTW,PHL,DL,0.3333333333333333
YX,DTW,PIT,DL,1.0
YX,DTW,PWM,DL,1.0
YX,DTW,RIC,DL,1.0
YX,DTW,SDF,DL,1.0
YX,DTW,STL,DL,1.0
YX,ECP,DCA,AA,1.0
YX,ECP,ORD,AA,0.23529411764705882
YX,ECP,ORD,UA,0.7647058823529411
YX,ELP,ORD,UA,1.0
YX,EWR,ATL,UA,1.0
YX,EWR,AVL,UA,1.0
YX,EWR,BGR,UA,1.0
YX,EWR,BNA,UA,1.0
YX,EWR,BOS,DL,0.8282828282828283
YX,EWR,BOS,UA,0.1717171717171717
YX,EWR,BTV,UA,1.0
YX,EWR,BUF,UA,1.0
YX,EWR,CHS,UA,1.0
YX,EWR,CLE,UA,1.0
YX,EWR,CLT,UA,1.0
YX,EWR,CMH,UA,1.0
YX,EWR,CVG,UA,1.0
YX,EWR,DCA,UA,1.0
YX,EWR,DFW,UA,1.0
YX,EWR,DTW,DL,0.012396694214876033
YX,EWR,DTW,UA,0.987603305785124
YX,EWR,EYW,UA,1.0
YX,EWR,GRR,UA,1.0
YX,EWR,GSP,UA,1.0
YX,EWR,HHH,UA,1.0
YX,EWR,IAD,UA,1.0
YX,EWR,ILM,UA,1.0
YX,EWR,IND,UA,1.0
YX,EWR,JAX,UA,1.0
YX,EWR,MCI,UA,1.0
YX,EWR,MEM,UA,1.0
YX,EWR,MKE,UA,1.0
YX,EWR,MSN,UA,1.0
YX,EWR,MSP,UA,1.0
YX,EWR,MSY,UA,1.0
YX,EWR,MYR,UA,1.0
YX,EWR,ORD,AA,1.0
YX,EWR,ORF,UA,1.0
YX,EWR,PIT,UA,1.0
YX,EWR,PWM,UA,1.0
YX,EWR,RDU,UA,1.0
YX,EWR,RIC,UA,1.0
YX,EWR,ROC,UA,1.0
YX,EWR,SAV,UA,1.0
YX,EWR,SDF,UA,1.0
YX,EWR,SRQ,UA,1.0
YX,EWR,STL,UA,1.0
YX,EWR,SYR,UA,1.0
YX,EYW,BOS,AA,1.0
YX,EYW,DCA,AA,1.0
YX,EYW,EWR,UA,1.0
YX,EYW,IAD,UA,1.0
YX,EYW,LGA,AA,0.5344827586206896
YX,EYW,LGA,DL,0.46551724137931033
YX,EYW,MIA,AA,1.0
YX,EYW,ORD,UA,1.0
YX,EYW,PHL,AA,1.0
YX,FSD,ORD,AA,0.7619047619047619
YX,FSD,ORD,UA,0.23809523809523808
YX,GRB,ORD,UA,1.0
YX,GRR,DTW,DL,1.0
YX,GRR,EWR,UA,1.0
YX,GRR,LGA,AA,0.18674698795180722
YX,GRR,LGA,DL,0.8132530120481928
YX,GRR,MCO,DL,1.0
YX,GRR,ORD,AA,0.12987012987012986
YX,GRR,ORD,UA,0.8701298701298701
YX,GSO,LGA,AA,0.618421052631579
YX,GSO,LGA,DL,0.3815789473684211
YX,GSO,ORD,UA,1.0
YX,GSO,PHL,AA,1.0
YX,GSP,EWR,UA,1.0
YX,GSP,LGA,AA,1.0
YX,GSP,MIA,AA,1.0
YX,GSP,ORD,AA,0.0125
YX,GSP,ORD,UA,0.9875
YX,HHH,ATL,DL,1.0
YX,HHH,BOS,AA,1.0
YX,HHH,DCA,AA,1.0
YX,HHH,EWR,UA,1.0
YX,HHH,LGA,DL,1.0
YX,HHH,ORD,UA,1.0
YX,HHH,PHL,AA,1.0
YX,HSV,ORD,UA,1.0
YX,HYA,DCA,AA,1.0
YX,HYA,LGA,AA,1.0
YX,HYA,ORD,AA,1.0
YX,HYA,PHL,AA,1.0
YX,IAD,ATL,UA,1.0
YX,IAD,AUS,UA,1.0
YX,IAD,BDL,UA,1.0
YX,IAD,BNA,UA,1.0
YX,IAD,BOS,UA,1.0
YX,IAD,BTV,UA,1.0
YX,IAD,BUF,UA,1.0
YX,IAD,CHO,UA,1.0
YX,IAD,CHS,UA,1.0
YX,IAD,CLE,UA,1.0
YX,IAD,CLT,UA,1.0
YX,IAD,CMH,UA,1.0
YX,IAD,CVG,UA,1.0
YX,IAD,DFW,UA,1.0
YX,IAD,DTW,UA,1.0
YX,IAD,EWR,UA,1.0
YX,IAD,EYW,UA,1.0
YX,IAD,IND,UA,1.0
YX,IAD,JAX,UA,1.0
YX,IAD,LGA,UA,1.0
YX,IAD,MSP,UA,1.0
YX,IAD,MSY,UA,1.0
YX,IAD,MYR,UA,1.0
YX,IAD,ORF,UA,1.0
YX,IAD,PHL,UA,1.0
YX,IAD,PIT,UA,1.0
YX,IAD,PWM,UA,1.0
YX,IAD,RDU,UA,1.0
YX,IAD,RIC,UA,1.0
YX,IAD,ROC,UA,1.0
YX,IAD,SAV,UA,1.0
YX,IAD,SBN,UA,1.0
YX,IAD,SCE,UA,1.0
YX,IAD,SDF,UA,1.0
YX,IAD,STL,UA,1.0
YX,IAD,SYR,UA,1.0
YX,IAH,DCA,AA,1.0
YX,IAH,ORD,AA,1.0
YX,IAH,PHL,AA,1.0
YX,ILM,BOS,DL,1.0
YX,ILM,DCA,AA,1.0
YX,ILM,EWR,UA,1.0
YX,ILM,LGA,AA,1.0
YX,ILM,MIA,AA,1.0
YX,ILM,ORD,AA,1.0
YX,ILM,PHL,AA,1.0
YX,IND,BOS,AA,0.5120481927710844
YX,IND,BOS,DL,0.4879518072289157
YX,IND,DCA,AA,1.0
YX,IND,DTW,DL,1.0
YX,IND,EWR,UA,1.0
YX,IND,IAD,UA,1.0
YX,IND,JFK,AA,0.9623655913978495
YX,IND,JFK,DL,0.03763440860215054
YX,IND,LGA,AA,0.5298507462686567
YX,IND,LGA,DL,0.4701492537313433
YX,IND,MCO,DL,1.0
YX,IND,ORD,AA,0.37176470588235294
YX,IND,ORD,UA,0.6282352941176471
YX,IND,PHL,AA,1.0
YX,JAX,BOS,DL,1.0
YX,JAX,DCA,AA,1.0
YX,JAX,EWR,UA,1.0
YX,JAX,IAD,UA,1.0
YX,JAX,JFK,DL,1.0
YX,JAX,LGA,AA,1.0
YX,JAX,ORD,AA,0.5555555555555556
YX,JAX,ORD,UA,0.4444444444444444
YX,JFK,ACK,DL,1.0
YX,JFK,BNA,AA,0.9803921568627451
YX,JFK,BNA,DL,0.0196078431372549
YX,JFK,BOS,AA,0.497907949790795
YX,JFK,BOS,DL,0.502092050209205
YX,JFK,CHS,DL,1.0
YX,JFK,CLE,AA,0.9509803921568627
YX,JFK,CLE,DL,0.049019607843137254
YX,JFK,CLT,DL,1.0
YX,JFK,CMH,AA,0.45054945054945056
YX,JFK,CMH,DL,0.5494505494505495
YX,JFK,CVG,AA,0.9761904761904762
YX,JFK,CVG,DL,0.023809523809523808
YX,JFK,DCA,AA,0.6160714285714286
YX,JFK,DCA,DL,0.38392857142857145
YX,JFK,IND,AA,0.9623655913978495
YX,JFK,IND,DL,0.03763440860215054
YX,JFK,JAX,DL,1.0
YX,JFK,MEM,DL,1.0
YX,JFK,MVY,DL,1.0
YX,JFK,ORD,AA,0.5301204819277109
YX,JFK,ORD,DL,0.46987951807228917
YX,JFK,ORF,AA,0.9534883720930233
YX,JFK,ORF,DL,0.046511627906976744
YX,JFK,ORH,AA,1.0
YX,JFK,PIT,AA,0.5639810426540285
YX,JFK,PIT,DL,0.43601895734597157
YX,JFK,PWM,DL,1.0
YX,JFK,RDU,AA,0.983402489626556
YX,JFK,RDU,DL,0.016597510373443983
YX,JFK,RIC,DL,1.0
YX,JFK,SAV,DL,1.0
YX,JFK,SRQ,DL,1.0
YX,JFK,SYR,DL,1.0
YX,LEX,DCA,DL,1.0
YX,LEX,DTW,DL,1.0
YX,LEX,LGA,DL,1.0
YX,LGA,ACK,AA,0.38613861386138615
YX,LGA,ACK,DL,0.6138613861386139
YX,LGA,ATL,AA,1.0
YX,LGA,AVL,AA,1.0
YX,LGA,BGR,AA,1.0
YX,LGA,BNA,AA,0.7245901639344262
YX,LGA,BNA,DL,0.2754098360655738
YX,LGA,BOS,AA,0.35014836795252224
YX,LGA,BOS,DL,0.6498516320474778
YX,LGA,BTV,AA,1.0
YX,LGA,BUF,AA,0.49206349206349204
YX,LGA,BUF,DL,0.5079365079365079
YX,LGA,CAE,AA,1.0
YX,LGA,CHO,AA,1.0
YX,LGA,CHS,AA,0.5114942528735632
YX,LGA,CHS,DL,0.4885057471264368
YX,LGA,CLE,AA,0.8646288209606987
YX,LGA,CLE,DL,0.13537117903930132
YX,LGA,CLT,DL,1.0
YX,LGA,CMH,AA,0.49159663865546216
YX,LGA,CMH,DL,0.5084033613445378
YX,LGA,CVG,AA,0.95
YX,LGA,CVG,DL,0.05
YX,LGA,DAY,AA,1.0
YX,LGA,DCA,AA,0.5218978102189781
YX,LGA,DCA,DL,0.4781021897810219
YX,LGA,DSM,AA,1.0
YX,LGA,DTW,AA,1.0
YX,LGA,EYW,AA,0.5344827586206896
YX,LGA,EYW,DL,0.46551724137931033
YX,LGA,GRR,AA,0.18674698795180722
YX,LGA,GRR,DL,0.8132530120481928
YX,LGA,GSO,AA,0.618421052631579
YX,LGA,GSO,DL,0.3815789473684211
YX,LGA,GSP,AA,1.0
YX,LGA,HHH,DL,1.0
YX,LGA,HYA,AA,1.0
YX,LGA,IAD,UA,1.0
YX,LGA,ILM,AA,1.0
YX,LGA,IND,AA,0.5311720698254364
YX,LGA,IND,DL,0.4688279301745636
YX,LGA,JAX,AA,1.0
YX,LGA,LEX,DL,1.0
YX,LGA,LIT,AA,1.0
YX,LGA,MCI,DL,1.0
YX,LGA,MEM,AA,0.7762237762237763
YX,LGA,MEM,DL,0.22377622377622378
YX,LGA,MKE,DL,1.0
YX,LGA,MSN,AA,0.2672413793103448
YX,LGA,MSN,DL,0.7327586206896551
YX,LGA,MSP,AA,1.0
YX,LGA,MSY,AA,1.0
YX,LGA,MVY,AA,0.38613861386138615
YX,LGA,MVY,DL,0.6138613861386139
YX,LGA,MYR,AA,0.36363636363636365
YX,LGA,MYR,DL,0.6363636363636364
YX,LGA,OKC,AA,1.0
YX,LGA,OMA,AA,1.0
YX,LGA,ORD,AA,0.3888888888888889
YX,LGA,ORD,DL,0.34444444444444444
YX,LGA,ORD,UA,0.26666666666666666
YX,LGA,ORF,AA,0.5902255639097744
YX,LGA,ORF,DL,0.40977443609022557
YX,LGA,PBI,AA,1.0
YX,LGA,PIT,AA,0.4885654885654886
YX,LGA,PIT,DL,0.5114345114345115
YX,LGA,PWM,AA,0.38028169014084506
YX,LGA,PWM,DL,0.6197183098591549
YX,LGA,RDU,AA,0.7995049504950495
YX,LGA,RDU,DL,0.2004950495049505
YX,LGA,RIC,AA,0.6765578635014837
YX,LGA,RIC,DL,0.32344213649851633
YX,LGA,ROA,AA,1.0
YX,LGA,SAV,DL,1.0
YX,LGA,SDF,AA,0.21379310344827587
YX,LGA,SDF,DL,0.7862068965517242
YX,LGA,SRQ,DL,1.0
YX,LGA,STL,AA,0.7549019607843137
YX,LGA,STL,DL,0.24509803921568626
YX,LGA,SYR,DL,1.0
YX,LGA,TUL,AA,1.0
YX,LGA,TVC,AA,1.0
YX,LGA,TYS,AA,1.0
YX,LGA,XNA,AA,1.0
YX,LIT,LGA,AA,1.0
YX,LIT,MIA,AA,1.0
YX,LIT,ORD,AA,1.0
YX,MCI,BOS,DL,1.0
YX,MCI,DCA,AA,1.0
YX,MCI,DTW,DL,1.0
YX,MCI,EWR,UA,1.0
YX,MCI,IAD,UA,1.0
YX,MCI,LGA,DL,1.0
YX,MCI,MCO,DL,1.0
YX,MCI,ORD,AA,0.17857142857142858
YX,MCI,ORD,UA,0.8214285714285714
YX,MCO,BNA,DL,1.0
YX,MCO,CMH,DL,1.0
YX,MCO,CVG,DL,1.0
YX,MCO,DCA,DL,1.0
YX,MCO,GRR,DL,1.0
YX,MCO,IND,DL,1.0
YX,MCO,MCI,DL,1.0
YX,MCO,MIA,DL,1.0
YX,MCO,PIT,DL,1.0
YX,MCO,RDU,DL,1.0
YX,MCO,SDF,DL,1.0
YX,MDT,ORD,AA,0.2564102564102564
YX,MDT,ORD,UA,0.7435897435897436
YX,MEM,BOS,DL,1.0
YX,MEM,DCA,AA,1.0
YX,MEM,DTW,DL,1.0
YX,MEM,EWR,UA,1.0
YX,MEM,JFK,DL,1.0
YX,MEM,LGA,AA,0.7746478873239436
YX,MEM,LGA,DL,0.22535211267605634
YX,MEM,ORD,AA,1.0
YX,MEM,PHL,AA,1.0
YX,MIA,ALB,AA,1.0
YX,MIA,ATL,AA,1.0
YX,MIA,BNA,AA,1.0
YX,MIA,BOS,AA,1.0
YX,MIA,BUF,AA,1.0
YX,MIA,CAE,AA,1.0
YX,MIA,CHA,AA,1.0
YX,MIA,CHS,AA,1.0
YX,MIA,CID,AA,1.0
YX,MIA,CLE,AA,1.0
YX,MIA,CVG,AA,1.0
YX,MIA,DCA,AA,0.36363636363636365
YX,MIA,DCA,DL,0.6363636363636364
YX,MIA,DSM,AA,1.0
YX,MIA,EYW,AA,1.0
YX,MIA,GSP,AA,1.0
YX,MIA,ILM,AA,1.0
YX,MIA,LIT,AA,1.0
YX,MIA,MCO,DL,1.0
YX,MIA,OKC,AA,1.0
YX,MIA,ORF,AA,1.0
YX,MIA,PIT,AA,1.0
YX,MIA,RDU,AA,1.0
YX,MIA,RIC,AA,1.0
YX,MIA,ROC,AA,1.0
YX,MIA,SDF,AA,1.0
YX,MIA,SYR,AA,1.0
YX,MIA,TPA,AA,1.0
YX,MIA,TUL,AA,1.0
YX,MIA,TYS,AA,1.0
YX,MIA,XNA,AA,1.0
YX,MKE,BOS,DL,1.0
YX,MKE,DTW,DL,1.0
YX,MKE,EWR,UA,1.0
YX,MKE,LGA,DL,1.0
YX,MKE,ORD,AA,0.1111111111111111
YX,MKE,ORD,UA,0.8888888888888888
YX,MSN,DCA,AA,0.494949494949495
YX,MSN,DCA,DL,0.5050505050505051
YX,MSN,DTW,DL,1.0
YX,MSN,EWR,UA,1.0
YX,MSN,LGA,AA,0.26956521739130435
YX,MSN,LGA,DL,0.7304347826086957
YX,MSN,ORD,AA,0.24666666666666667
YX,MSN,ORD,UA,0.7533333333333333
YX,MSP,DCA,AA,1.0
YX,MSP,EWR,UA,1.0
YX,MSP,IAD,UA,1.0
YX,MSP,LGA,AA,1.0
YX,MSP,ORD,AA,0.9885057471264368
YX,MSP,ORD,UA,0.011494252873563218
YX,MSY,DCA,AA,1.0
YX,MSY,EWR,UA,1.0
YX,MSY,IAD,UA,1.0
YX,MSY,LGA,AA,1.0
YX,MSY,ORD,AA,0.8717948717948718
YX,MSY,ORD,UA,0.1282051282051282
YX,MSY,PHL,AA,1.0
YX,MVY,DCA,AA,1.0
YX,MVY,JFK,DL,1.0
YX,MVY,LGA,AA,0.38613861386138615
YX,MVY,LGA,DL,0.6138613861386139
YX,MVY,PHL,AA,1.0
YX,MYR,BOS,AA,1.0
YX,MYR,DCA,AA,1.0
YX,MYR,EWR,UA,1.0
YX,MYR,IAD,UA,1.0
YX,MYR,LGA,AA,0.36363636363636365
YX,MYR,LGA,DL,0.6363636363636364
YX,OKC,DCA,AA,1.0
YX,OKC,LGA,AA,1.0
YX,OKC,MIA,AA,1.0
YX,OKC,ORD,AA,0.037037037037037035
YX,OKC,ORD,UA,0.9629629629629629
YX,OMA,DCA,DL,1.0
YX,OMA,LGA,AA,1.0
YX,OMA,ORD,AA,0.8518518518518519
YX,OMA,ORD,UA,0.14814814814814814
YX,ORD,ACK,AA,1.0
YX,ORD,ALB,AA,0.19444444444444445
YX,ORD,ALB,UA,0.8055555555555556
YX,ORD,ATL,AA,1.0
YX,ORD,AUS,AA,1.0
YX,ORD,BDL,AA,0.7913043478260869
YX,ORD,BDL,UA,0.20869565217391303
YX,ORD,BGR,AA,0.32222222222222224
YX,ORD,BGR,UA,0.6777777777777778
YX,ORD,BHM,AA,0.6222222222222222
YX,ORD,BHM,UA,0.37777777777777777
YX,ORD,BNA,AA,0.4166666666666667
YX,ORD,BNA,UA,0.5833333333333334
YX,ORD,BOS,AA,0.4720812182741117
YX,ORD,BOS,DL,0.5279187817258884
YX,ORD,BTV,UA,1.0
YX,ORD,BUF,AA,0.7872340425531915
YX,ORD,BUF,UA,0.2127659574468085
YX,ORD,BWI,AA,0.7142857142857143
YX,ORD,BWI,UA,0.2857142857142857
YX,ORD,CHA,AA,0.0392156862745098
YX,ORD,CHA,UA,0.9607843137254902
YX,ORD,CHS,AA,0.17333333333333334
YX,ORD,CHS,UA,0.8266666666666667
YX,ORD,CID,AA,0.15384615384615385
YX,ORD,CID,UA,0.8461538461538461
YX,ORD,CLE,AA,0.14942528735632185
YX,ORD,CLE,UA,0.8505747126436781
YX,ORD,CLT,UA,1.0
YX,ORD,CMH,AA,0.23651452282157676
YX,ORD,CMH,UA,0.7634854771784232
YX,ORD,CVG,AA,0.4049586776859504
YX,ORD,CVG,UA,0.5950413223140496
YX,ORD,DAY,UA,1.0
YX,ORD,DCA,AA,0.3693181818181818
YX,ORD,DCA,UA,0.6306818181818182
YX,ORD,DSM,AA,0.5423728813559322
YX,ORD,DSM,UA,0.4576271186440678
YX,ORD,DTW,AA,0.2847682119205298
YX,ORD,DTW,DL,0.033112582781456956
YX,ORD,DTW,UA,0.6821192052980133
YX,ORD,ECP,AA,0.23529411764705882
YX,ORD,ECP,UA,0.7647058823529411
YX,ORD,ELP,UA,1.0
YX,ORD,EWR,AA,1.0
YX,ORD,EYW,UA,1.0
YX,ORD,FSD,AA,0.75
YX,ORD,FSD,UA,0.25
YX,ORD,GRB,UA,1.0
YX,ORD,GRR,AA,0.12
YX,ORD,GRR,UA,0.88
YX,ORD,GSO,UA,1.0
YX,ORD,GSP,AA,0.0125
YX,ORD,GSP,UA,0.9875
YX,ORD,HHH,UA,1.0
YX,ORD,HSV,UA,1.0
YX,ORD,HYA,AA,1.0
YX,ORD,IAH,AA,1.0
YX,ORD,ILM,AA,1.0
YX,ORD,IND,AA,0.37115839243498816
YX,ORD,IND,UA,0.6288416075650118
YX,ORD,JAX,AA,0.5555555555555556
YX,ORD,JAX,UA,0.4444444444444444
YX,ORD,JFK,AA,0.5238095238095238
YX,ORD,JFK,DL,0.47619047619047616
YX,ORD,LGA,AA,0.38950276243093923
YX,ORD,LGA,DL,0.3425414364640884
YX,ORD,LGA,UA,0.26795580110497236
YX,ORD,LIT,AA,1.0
YX,ORD,MCI,AA,0.17647058823529413
YX,ORD,MCI,UA,0.8235294117647058
YX,ORD,MDT,AA,0.23684210526315788
YX,ORD,MDT,UA,0.7631578947368421
YX,ORD,MEM,AA,1.0
YX,ORD,MKE,AA,0.1111111111111111
YX,ORD,MKE,UA,0.8888888888888888
YX,ORD,MSN,AA,0.24666666666666667
YX,ORD,MSN,UA,0.7533333333333333
YX,ORD,MSP,AA,0.9885057471264368
YX,ORD,MSP,UA,0.011494252873563218
YX,ORD,MSY,AA,0.8648648648648649
YX,ORD,MSY,UA,0.13513513513513514
YX,ORD,OKC,AA,0.037037037037037035
YX,ORD,OKC,UA,0.9629629629629629
YX,ORD,OMA,AA,0.8461538461538461
YX,ORD,OMA,UA,0.15384615384615385
YX,ORD,ORF,AA,1.0
YX,ORD,PHL,AA,1.0
YX,ORD,PIT,AA,0.573394495412844
YX,ORD,PIT,UA,0.42660550458715596
YX,ORD,PNS,UA,1.0
YX,ORD,PVD,UA,1.0
YX,ORD,PWM,AA,0.7126436781609196
YX,ORD,PWM,UA,0.28735632183908044
YX,ORD,RDU,AA,1.0
YX,ORD,RIC,AA,0.07627118644067797
YX,ORD,RIC,UA,0.923728813559322
YX,ORD,ROA,AA,1.0
YX,ORD,ROC,AA,0.32142857142857145
YX,ORD,ROC,UA,0.6785714285714286
YX,ORD,SAT,AA,1.0
YX,ORD,SAV,AA,0.027777777777777776
YX,ORD,SAV,UA,0.9722222222222222
YX,ORD,SCE,UA,1.0
YX,ORD,SDF,AA,0.4979757085020243
YX,ORD,SDF,UA,0.5020242914979757
YX,ORD,SRQ,AA,1.0
YX,ORD,STL,AA,0.3950617283950617
YX,ORD,STL,UA,0.6049382716049383
YX,ORD,SYR,AA,0.3853211009174312
YX,ORD,SYR,UA,0.6146788990825688
YX,ORD,TUL,AA,0.6666666666666666
YX,ORD,TUL,UA,0.3333333333333333
YX,ORD,TVC,AA,0.9761904761904762
YX,ORD,TVC,UA,0.023809523809523808
YX,ORD,TYS,AA,0.9722222222222222
YX,ORD,TYS,UA,0.027777777777777776
YX,ORF,BOS,DL,1.0
YX,ORF,EWR,UA,1.0
YX,ORF,IAD,UA,1.0
YX,ORF,JFK,AA,0.9534883720930233
YX,ORF,JFK,DL,0.046511627906976744
YX,ORF,LGA,AA,0.5864661654135338
YX,ORF,LGA,DL,0.41353383458646614
YX,ORF,MIA,AA,1.0
YX,ORF,ORD,AA,1.0
YX,ORF,PHL,AA,1.0
YX,ORH,JFK,AA,1.0
YX,PBI,DCA,AA,1.0
YX,PBI,LGA,AA,1.0
YX,PHL,ACK,AA,1.0
YX,PHL,ATL,AA,1.0
YX,PHL,BGR,AA,1.0
YX,PHL,BNA,AA,1.0
YX,PHL,BOS,AA,0.38961038961038963
YX,PHL,BOS,DL,0.6103896103896104
YX,PHL,BTV,AA,1.0
YX,PHL,CLE,AA,1.0
YX,PHL,CMH,AA,1.0
YX,PHL,CVG,AA,1.0
YX,PHL,DCA,AA,1.0
YX,PHL,DTW,AA,0.6724137931034483
YX,PHL,DTW,DL,0.3275862068965517
YX,PHL,EYW,AA,1.0
YX,PHL,GSO,AA,1.0
YX,PHL,HHH,AA,1.0
YX,PHL,HYA,AA,1.0
YX,PHL,IAD,UA,1.0
YX,PHL,IAH,AA,1.0
YX,PHL,ILM,AA,1.0
YX,PHL,IND,AA,1.0
YX,PHL,MEM,AA,1.0
YX,PHL,MSY,AA,1.0
YX,PHL,MVY,AA,1.0
YX,PHL,ORD,AA,1.0
YX,PHL,ORF,AA,1.0
YX,PHL,PIT,AA,1.0
YX,PHL,PWM,AA,1.0
YX,PHL,RDU,AA,1.0
YX,PHL,SAV,AA,1.0
YX,PHL,SDF,AA,1.0
YX,PHL,SRQ,AA,1.0
YX,PHL,STL,AA,1.0
YX,PHL,SYR,AA,1.0
YX,PHL,TVC,AA,1.0
YX,PHL,XNA,AA,1.0
YX,PIT,BOS,DL,1.0
YX,PIT,DCA,AA,1.0
YX,PIT,DTW,DL,1.0
YX,PIT,EWR,UA,1.0
YX,PIT,IAD,UA,1.0
YX,PIT,JFK,AA,0.5619047619047619
YX,PIT,JFK,DL,0.4380952380952381
YX,PIT,LGA,AA,0.4895833333333333
YX,PIT,LGA,DL,0.5104166666666666
YX,PIT,MCO,DL,1.0
YX,PIT,MIA,AA,1.0
YX,PIT,ORD,AA,0.5668202764976958
YX,PIT,ORD,UA,0.43317972350230416
YX,PIT,PHL,AA,1.0
YX,PIT,RDU,AA,1.0
YX,PNS,DCA,AA,1.0
YX,PNS,ORD,UA,1.0
YX,PVD,DCA,AA,1.0
YX,PVD,ORD,UA,1.0
YX,PWM,DCA,AA,1.0
YX,PWM,DTW,DL,1.0
YX,PWM,EWR,UA,1.0
YX,PWM,IAD,UA,1.0
YX,PWM,JFK,DL,1.0
YX,PWM,LGA,AA,0.38028169014084506
YX,PWM,LGA,DL,0.6197183098591549
YX,PWM,ORD,AA,0.7011494252873564
YX,PWM,ORD,UA,0.2988505747126437
YX,PWM,PHL,AA,1.0
YX,RDU,BNA,AA,1.0
YX,RDU,BOS,DL,1.0
YX,RDU,DCA,AA,1.0
YX,RDU,EWR,UA,1.0
YX,RDU,IAD,UA,1.0
YX,RDU,JFK,AA,0.983402489626556
YX,RDU,JFK,DL,0.016597510373443983
YX,RDU,LGA,AA,0.8
YX,RDU,LGA,DL,0.2
YX,RDU,MCO,DL,1.0
YX,RDU,MIA,AA,1.0
YX,RDU,ORD,AA,1.0
YX,RDU,PHL,AA,1.0
YX,RDU,PIT,AA,1.0
YX,RIC,BOS,DL,1.0
YX,RIC,DTW,DL,1.0
YX,RIC,EWR,UA,1.0
YX,RIC,IAD,UA,1.0
YX,RIC,JFK,DL,1.0
YX,RIC,LGA,AA,0.6775147928994083
YX,RIC,LGA,DL,0.3224852071005917
YX,RIC,MIA,AA,1.0
YX,RIC,ORD,AA,0.06611570247933884
YX,RIC,ORD,UA,0.9338842975206612
YX,ROA,LGA,AA,1.0
YX,ROA,ORD,AA,1.0
YX,ROC,DCA,AA,1.0
YX,ROC,EWR,UA,1.0
YX,ROC,IAD,UA,1.0
YX,ROC,MIA,AA,1.0
YX,ROC,ORD,AA,0.3153153153153153
YX,ROC,ORD,UA,0.6846846846846847
YX,RSW,DCA,AA,1.0
YX,SAT,ORD,AA,1.0
YX,SAV,BOS,DL,1.0
YX,SAV,EWR,UA,1.0
YX,SAV,IAD,UA,1.0
YX,SAV,JFK,DL,1.0
YX,SAV,LGA,DL,1.0
YX,SAV,ORD,AA,0.027777777777777776
YX,SAV,ORD,UA,0.9722222222222222
YX,SAV,PHL,AA,1.0
YX,SBN,IAD,UA,1.0
YX,SCE,IAD,UA,1.0
YX,SCE,ORD,UA,1.0
YX,SDF,BOS,AA,0.5089285714285714
YX,SDF,BOS,DL,0.49107142857142855
YX,SDF,DCA,AA,1.0
YX,SDF,DTW,DL,1.0
YX,SDF,EWR,UA,1.0
YX,SDF,IAD,UA,1.0
YX,SDF,LGA,AA,0.21379310344827587
YX,SDF,LGA,DL,0.7862068965517242
YX,SDF,MCO,DL,1.0
YX,SDF,MIA,AA,1.0
YX,SDF,ORD,AA,0.5
YX,SDF,ORD,UA,0.5
YX,SDF,PHL,AA,1.0
YX,SRQ,BOS,DL,1.0
YX,SRQ,EWR,UA,1.0
YX,SRQ,JFK,DL,1.0
YX,SRQ,LGA,DL,1.0
YX,SRQ,ORD,AA,1.0
YX,SRQ,PHL,AA,1.0
YX,STL,BOS,AA,1.0
YX,STL,DCA,AA,1.0
YX,STL,DTW,DL,1.0
YX,STL,EWR,UA,1.0
YX,STL,LGA,AA,0.7549019607843137
YX,STL,LGA,DL,0.24509803921568626
YX,STL,ORD,AA,0.39759036144578314
YX,STL,ORD,UA,0.6024096385542169
YX,STL,PHL,AA,1.0
YX,SYR,DCA,AA,1.0
YX,SYR,EWR,UA,1.0
YX,SYR,IAD,UA,1.0
YX,SYR,JFK,DL,1.0
YX,SYR,LGA,DL,1.0
YX,SYR,MIA,AA,1.0
YX,SYR,ORD,AA,0.3944954128440367
YX,SYR,ORD,UA,0.6055045871559633
YX,SYR,PHL,AA,1.0
YX,TPA,MIA,AA,1.0
YX,TUL,DCA,AA,1.0
YX,TUL,LGA,AA,1.0
YX,TUL,MIA,AA,1.0
YX,TUL,ORD,AA,0.6842105263157895
YX,TUL,ORD,UA,0.3157894736842105
YX,TVC,BOS,AA,0.7380952380952381
YX,TVC,BOS,DL,0.2619047619047619
YX,TVC,LGA,AA,1.0
YX,TVC,ORD,AA,0.975609756097561
YX,TVC,ORD,UA,0.024390243902439025
YX,TVC,PHL,AA,1.0
YX,TYS,DCA,AA,1.0
YX,TYS,LGA,AA,1.0
YX,TYS,MIA,AA,1.0
YX,TYS,ORD,AA,0.9722222222222222
YX,TYS,ORD,UA,0.027777777777777776
YX,VPS,DCA,AA,1.0
YX,XNA,LGA,AA,1.0
YX,XNA,MIA,AA,1.0
YX,XNA,PHL,AA,1.0
